HomePlanet,CryoSleep,Destination,Age,VIP,RoomService,FoodCourt,ShoppingMall,Spa,VRDeck,Transported,Deck,Deck_Num,Deck_Side,Group,GroupSize
Europa,False,TRAPPIST-1e,39.0,False,0.0,0.0,0.0,0.0,0.0,False,B,0.0,P,1,1
Earth,False,TRAPPIST-1e,24.0,False,109.0,9.0,25.0,549.0,44.0,True,F,0.0,S,2,1
Europa,False,TRAPPIST-1e,58.0,True,43.0,3576.0,0.0,6715.0,49.0,False,A,0.0,S,3,1
Europa,False,TRAPPIST-1e,33.0,False,0.0,1283.0,371.0,3329.0,193.0,False,A,0.0,S,3,2
Earth,False,TRAPPIST-1e,16.0,False,303.0,70.0,151.0,565.0,2.0,True,F,1.0,S,4,1
Earth,False,PSO J318.5-22,44.0,False,0.0,483.0,0.0,291.0,0.0,True,F,0.0,P,5,1
Earth,False,TRAPPIST-1e,26.0,False,42.0,1539.0,3.0,0.0,0.0,True,F,2.0,S,6,1
Earth,True,TRAPPIST-1e,28.0,False,0.0,0.0,0.0,0.0,0.0,True,G,0.0,S,6,2
Earth,False,TRAPPIST-1e,35.0,False,0.0,785.0,17.0,216.0,0.0,True,F,3.0,S,7,1
Europa,True,55 Cancri e,14.0,False,0.0,0.0,0.0,0.0,0.0,True,B,1.0,P,8,1
Europa,True,TRAPPIST-1e,34.0,False,0.0,0.0,0.0,0.0,0.0,True,B,1.0,P,8,2
Europa,False,55 Cancri e,45.0,False,39.0,7295.0,589.0,110.0,124.0,True,B,1.0,P,8,3
Mars,False,TRAPPIST-1e,32.0,False,73.0,0.0,1123.0,0.0,113.0,True,F,1.0,P,9,1
Earth,False,TRAPPIST-1e,48.0,False,719.0,1.0,65.0,0.0,24.0,False,G,1.0,S,10,1
Earth,False,TRAPPIST-1e,28.0,False,8.0,974.0,12.0,2.0,7.0,True,F,2.0,P,11,1
Earth,False,TRAPPIST-1e,31.0,False,32.0,0.0,876.0,0.0,0.0,False,F,82.0,S,12,1
Mars,False,55 Cancri e,27.0,False,1286.0,122.0,0.0,0.0,0.0,False,F,3.0,P,14,1
Earth,False,55 Cancri e,24.0,False,0.0,1.0,0.0,0.0,637.0,False,F,4.0,P,15,1
Mars,True,TRAPPIST-1e,45.0,False,0.0,0.0,0.0,0.0,0.0,True,F,5.0,P,16,1
Earth,False,TRAPPIST-1e,0.0,False,0.0,0.0,0.0,0.0,0.0,True,G,0.0,P,17,1
Earth,False,55 Cancri e,14.0,False,412.0,0.0,1.0,0.0,679.0,False,F,6.0,P,17,2
Earth,True,TRAPPIST-1e,1.0,False,0.0,0.0,0.0,0.0,0.0,False,E,0.0,S,20,1
Earth,True,55 Cancri e,49.0,False,0.0,0.0,0.0,0.0,0.0,False,E,0.0,S,20,2
Earth,True,55 Cancri e,29.0,False,0.0,0.0,0.0,0.0,0.0,False,E,0.0,S,20,3
Earth,False,TRAPPIST-1e,10.0,False,0.0,0.0,0.0,0.0,0.0,True,E,0.0,S,20,4
Earth,True,PSO J318.5-22,1.0,False,0.0,0.0,0.0,0.0,0.0,False,E,0.0,S,20,5
Earth,False,TRAPPIST-1e,7.0,False,0.0,0.0,0.0,0.0,0.0,False,E,0.0,S,20,6
Mars,False,TRAPPIST-1e,21.0,False,980.0,2.0,69.0,0.0,0.0,False,D,0.0,P,22,1
Europa,True,TRAPPIST-1e,62.0,False,0.0,0.0,0.0,0.0,0.0,True,C,2.0,S,24,1
Earth,False,TRAPPIST-1e,15.0,False,0.0,225.0,0.0,998.0,0.0,False,F,6.0,S,25,1
Europa,False,55 Cancri e,34.0,False,22.0,6073.0,0.0,1438.0,328.0,False,C,0.0,P,26,1
Mars,False,TRAPPIST-1e,43.0,False,1125.0,0.0,136.0,48.0,0.0,False,F,8.0,P,28,1
Earth,False,TRAPPIST-1e,32.0,False,0.0,850.0,81.0,437.0,453.0,False,G,4.0,S,30,1
Mars,False,TRAPPIST-1e,47.0,False,214.0,0.0,1411.0,0.0,1229.0,True,F,9.0,P,31,1
Mars,False,TRAPPIST-1e,2.0,False,0.0,0.0,0.0,0.0,0.0,True,F,9.0,P,31,2
Mars,False,TRAPPIST-1e,20.0,False,0.0,0.0,1750.0,990.0,0.0,True,F,9.0,P,31,3
Europa,True,55 Cancri e,28.0,False,0.0,0.0,0.0,0.0,0.0,True,D,1.0,S,34,1
Mars,False,55 Cancri e,23.0,False,784.0,964.0,0.0,951.0,0.0,False,D,1.0,P,35,1
Earth,False,55 Cancri e,15.0,False,0.0,492.0,48.0,20.0,401.0,False,F,8.0,S,36,1
Earth,False,55 Cancri e,20.0,False,554.0,195.0,0.0,2606.0,0.0,False,F,10.0,S,38,1
Earth,True,55 Cancri e,30.0,False,0.0,0.0,0.0,0.0,0.0,False,G,1.0,P,39,1
Earth,True,TRAPPIST-1e,17.0,False,0.0,0.0,0.0,0.0,0.0,True,G,2.0,P,41,1
Europa,False,TRAPPIST-1e,45.0,False,0.0,164.0,45.0,2511.0,855.0,False,B,3.0,P,43,1
Earth,True,TRAPPIST-1e,55.0,False,0.0,0.0,0.0,0.0,0.0,False,G,3.0,P,44,1
Earth,True,55 Cancri e,4.0,False,0.0,0.0,0.0,0.0,0.0,True,G,3.0,P,44,2
Earth,True,PSO J318.5-22,21.0,False,0.0,0.0,0.0,0.0,0.0,True,G,3.0,P,44,3
Mars,False,TRAPPIST-1e,21.0,False,970.0,0.0,180.0,0.0,64.0,False,F,10.0,P,45,1
Mars,True,Unknown,19.0,False,0.0,0.0,0.0,0.0,0.0,True,F,10.0,P,45,2
Earth,False,55 Cancri e,35.0,False,790.0,0.0,0.0,0.0,0.0,False,E,1.0,S,50,1
Earth,False,TRAPPIST-1e,56.0,False,0.0,112.0,0.0,1379.0,127.0,False,E,2.0,S,51,1
Earth,False,TRAPPIST-1e,28.82793046746535,False,4.0,0.0,2.0,4683.0,0.0,False,G,6.0,S,52,1
Earth,False,TRAPPIST-1e,25.0,False,0.0,0.0,1938.0,0.0,1.0,True,F,11.0,S,53,1
Europa,False,TRAPPIST-1e,2.0,False,0.0,0.0,0.0,0.0,0.0,True,A,1.0,S,56,1
Europa,True,TRAPPIST-1e,38.0,False,0.0,0.0,0.0,0.0,0.0,True,A,1.0,S,56,2
Europa,False,TRAPPIST-1e,27.0,False,279.0,605.0,3374.0,286.0,3.0,True,A,1.0,S,56,3
Earth,True,PSO J318.5-22,36.0,False,0.0,0.0,0.0,0.0,0.0,False,G,7.0,S,58,1
Earth,False,TRAPPIST-1e,22.0,False,45.0,1096.0,148.0,1377.0,1.0,False,F,12.0,S,61,1
Earth,False,TRAPPIST-1e,62.0,False,0.0,592.0,0.0,17.0,25.0,False,F,13.0,S,62,1
Mars,True,TRAPPIST-1e,15.0,False,0.0,0.0,0.0,0.0,0.0,True,F,14.0,S,64,1
Unknown,True,TRAPPIST-1e,33.0,False,0.0,0.0,0.0,0.0,0.0,True,E,3.0,S,64,2
Earth,False,TRAPPIST-1e,62.0,False,1.0,153.0,197.0,0.0,460.0,False,G,6.0,P,66,1
Earth,True,PSO J318.5-22,0.0,False,0.0,0.0,0.0,0.0,0.0,True,G,10.0,S,67,1
Earth,False,TRAPPIST-1e,18.0,False,1.0,258.0,446.0,0.0,0.0,True,G,10.0,S,67,2
Earth,False,55 Cancri e,21.0,False,1946.0,37.0,0.0,0.0,24.0,False,F,15.0,S,67,3
Mars,False,TRAPPIST-1e,28.82793046746535,False,793.0,0.0,2.0,253.0,0.0,False,E,4.0,S,68,1
Earth,False,TRAPPIST-1e,42.0,False,887.0,0.0,9.0,6.0,0.0,True,F,16.0,S,69,1
Earth,False,TRAPPIST-1e,19.0,False,190.0,0.0,5.0,1.0,726.0,False,F,13.0,P,70,1
Earth,False,TRAPPIST-1e,17.0,False,16.0,2165.0,0.0,0.0,52.0,False,F,14.0,P,71,1
Earth,False,TRAPPIST-1e,14.0,False,0.0,1.0,0.0,0.0,1063.0,False,F,17.0,S,72,1
Mars,False,PSO J318.5-22,37.0,False,46.0,83.0,738.0,0.0,12.0,False,D,3.0,P,73,1
Europa,False,TRAPPIST-1e,42.0,False,1.0,8397.0,0.0,0.0,506.0,True,C,3.0,S,74,1
Mars,False,TRAPPIST-1e,27.0,False,147.0,0.0,1018.0,0.0,0.0,True,F,18.0,S,76,1
Mars,False,TRAPPIST-1e,28.0,False,14.0,0.0,1295.0,0.0,0.0,True,F,15.0,P,77,1
Europa,False,TRAPPIST-1e,38.0,False,0.0,5840.0,0.0,321.0,9654.0,False,C,4.0,S,78,1
Earth,True,TRAPPIST-1e,13.0,False,0.0,0.0,0.0,0.0,0.0,False,G,13.0,S,81,1
Mars,False,TRAPPIST-1e,42.0,False,7406.0,0.0,0.0,0.0,0.0,False,F,16.0,P,82,1
Mars,True,TRAPPIST-1e,2.0,False,0.0,0.0,0.0,0.0,0.0,True,F,16.0,P,82,2
Mars,False,TRAPPIST-1e,8.0,False,0.0,0.0,0.0,0.0,0.0,True,F,16.0,P,82,3
Earth,False,TRAPPIST-1e,24.0,False,688.0,0.0,0.0,0.0,17.0,True,G,14.0,S,84,1
Europa,True,TRAPPIST-1e,40.0,False,0.0,0.0,0.0,0.0,0.0,True,C,5.0,S,85,1
Earth,False,TRAPPIST-1e,43.0,False,211.0,0.0,0.0,638.0,513.0,False,F,17.0,P,86,1
Mars,True,PSO J318.5-22,45.0,False,0.0,0.0,0.0,0.0,0.0,True,E,5.0,S,88,1
Earth,True,TRAPPIST-1e,35.0,False,0.0,0.0,0.0,0.0,0.0,True,G,15.0,S,90,1
Earth,True,TRAPPIST-1e,26.0,False,0.0,0.0,0.0,0.0,0.0,True,G,16.0,S,91,1
Earth,False,TRAPPIST-1e,27.0,False,1.0,697.0,31.0,188.0,0.0,False,F,20.0,S,91,2
Earth,False,TRAPPIST-1e,19.0,False,0.0,0.0,670.0,1.0,34.0,False,G,9.0,P,92,1
Earth,True,TRAPPIST-1e,0.0,False,0.0,0.0,0.0,0.0,0.0,True,G,9.0,P,92,2
Earth,True,TRAPPIST-1e,3.0,False,0.0,0.0,0.0,0.0,0.0,True,G,9.0,P,92,3
Europa,False,TRAPPIST-1e,54.0,False,0.0,1208.0,0.0,3.0,637.0,False,A,2.0,S,97,1
Earth,False,TRAPPIST-1e,26.0,False,0.0,856.0,5.0,32.0,0.0,False,G,11.0,P,98,1
Earth,False,TRAPPIST-1e,26.0,False,0.0,2811.0,957.0,0.0,87.0,True,G,11.0,P,98,2
Earth,False,PSO J318.5-22,23.0,False,311.0,427.0,526.0,37.0,0.0,False,F,19.0,P,99,1
Earth,False,TRAPPIST-1e,2.0,False,0.0,0.0,0.0,0.0,0.0,True,G,12.0,P,99,2
Mars,True,TRAPPIST-1e,31.0,False,0.0,0.0,0.0,0.0,0.0,True,F,82.0,S,101,1
Earth,False,TRAPPIST-1e,18.0,False,0.0,0.0,0.0,830.0,91.0,False,F,23.0,S,102,1
Earth,False,TRAPPIST-1e,24.0,False,0.0,0.0,0.0,0.0,17.0,True,F,24.0,S,103,1
Earth,True,55 Cancri e,9.0,False,0.0,0.0,0.0,0.0,0.0,True,G,18.0,S,103,2
Earth,True,TRAPPIST-1e,6.0,False,0.0,0.0,0.0,0.0,0.0,False,G,18.0,S,103,3
Earth,False,TRAPPIST-1e,27.0,False,0.0,0.0,570.0,2.0,131.0,False,F,21.0,P,105,1
Mars,False,TRAPPIST-1e,21.0,False,1743.0,5.0,17.0,0.0,0.0,False,D,2.0,S,107,1
Earth,True,TRAPPIST-1e,23.0,False,0.0,0.0,0.0,0.0,0.0,False,G,19.0,S,108,1
Earth,False,TRAPPIST-1e,31.0,False,562.0,0.0,326.0,0.0,0.0,False,G,19.0,S,108,2
Earth,False,TRAPPIST-1e,0.0,False,0.0,0.0,0.0,0.0,0.0,True,G,19.0,S,108,3
Europa,False,TRAPPIST-1e,32.0,False,0.0,410.0,6.0,3929.0,764.0,False,F,82.0,S,110,1
Europa,False,TRAPPIST-1e,40.0,False,0.0,331.0,0.0,0.0,1687.0,False,B,5.0,P,110,2
Europa,False,TRAPPIST-1e,42.0,False,2209.0,11418.0,0.0,1868.0,445.0,True,B,5.0,P,110,3
Europa,True,TRAPPIST-1e,28.0,False,0.0,0.0,0.0,0.0,0.0,True,B,5.0,P,110,4
Europa,True,TRAPPIST-1e,29.0,False,0.0,0.0,0.0,0.0,0.0,True,E,6.0,S,111,1
Europa,False,55 Cancri e,48.0,True,0.0,2537.0,87.0,17.0,13.0,True,B,1.0,S,112,1
Earth,False,TRAPPIST-1e,64.0,False,0.0,0.0,804.0,0.0,0.0,True,F,23.0,P,113,1
Earth,False,TRAPPIST-1e,27.0,False,82.0,157.0,429.0,238.0,1.0,False,G,20.0,S,114,1
Mars,False,TRAPPIST-1e,26.0,False,0.0,0.0,0.0,0.0,0.0,True,F,24.0,P,115,1
Europa,False,TRAPPIST-1e,33.0,False,1.0,2223.0,0.0,12.0,404.0,True,D,4.0,P,116,1
Unknown,False,TRAPPIST-1e,39.0,False,0.0,2344.0,0.0,65.0,6898.0,False,A,0.0,P,119,1
Europa,True,TRAPPIST-1e,13.0,False,0.0,0.0,0.0,0.0,0.0,True,A,0.0,P,119,2
Mars,True,TRAPPIST-1e,24.0,False,0.0,0.0,0.0,0.0,0.0,True,F,25.0,P,120,1
Earth,False,TRAPPIST-1e,29.0,False,0.0,0.0,0.0,699.0,74.0,False,G,21.0,S,122,1
Earth,False,TRAPPIST-1e,18.0,False,55.0,597.0,49.0,0.0,1.0,False,F,27.0,P,123,1
Mars,True,TRAPPIST-1e,67.0,False,0.0,0.0,0.0,0.0,0.0,True,F,27.0,S,126,1
Mars,False,TRAPPIST-1e,35.0,False,701.0,0.0,296.0,0.0,25.0,False,E,7.0,S,127,1
Mars,False,TRAPPIST-1e,61.0,True,2353.0,334.0,9.0,316.0,2.0,False,D,3.0,S,128,1
Mars,False,TRAPPIST-1e,45.0,False,2103.0,6.0,0.0,0.0,0.0,False,E,8.0,S,128,2
Earth,True,PSO J318.5-22,22.0,False,0.0,0.0,0.0,0.0,0.0,True,G,22.0,S,129,1
Mars,True,TRAPPIST-1e,19.0,False,0.0,0.0,0.0,0.0,0.0,True,F,29.0,S,133,1
Mars,False,TRAPPIST-1e,36.0,False,2738.0,0.0,0.0,0.0,0.0,False,D,5.0,S,133,2
Earth,False,TRAPPIST-1e,19.0,False,0.0,14.0,730.0,0.0,0.0,True,G,17.0,P,134,1
Earth,False,PSO J318.5-22,47.0,False,97.0,418.0,126.0,25.0,55.0,False,G,23.0,S,136,1
Earth,True,TRAPPIST-1e,13.0,False,0.0,0.0,0.0,0.0,0.0,True,G,18.0,P,138,1
Earth,False,Unknown,34.0,False,0.0,22.0,0.0,564.0,207.0,False,E,5.0,P,138,2
Europa,True,55 Cancri e,35.0,False,0.0,0.0,0.0,0.0,0.0,True,C,6.0,S,139,1
Earth,True,TRAPPIST-1e,24.0,False,0.0,0.0,0.0,0.0,0.0,True,G,19.0,P,140,1
Earth,False,TRAPPIST-1e,26.0,False,440.0,0.0,0.0,0.0,462.0,False,F,29.0,P,140,2
Mars,False,TRAPPIST-1e,31.0,False,0.0,0.0,97.0,0.0,0.0,False,F,30.0,P,141,1
Earth,False,TRAPPIST-1e,20.0,False,0.0,420.0,210.0,0.0,0.0,True,F,31.0,S,144,1
Earth,False,TRAPPIST-1e,56.0,False,0.0,0.0,0.0,0.0,0.0,False,G,25.0,S,146,1
Earth,True,TRAPPIST-1e,50.0,False,0.0,0.0,0.0,0.0,0.0,True,G,26.0,S,147,1
Mars,False,TRAPPIST-1e,42.0,False,1072.0,0.0,10.0,0.0,76.0,False,F,31.0,P,148,1
Earth,True,55 Cancri e,28.82793046746535,False,0.0,0.0,0.0,0.0,0.0,True,G,27.0,S,149,1
Earth,True,55 Cancri e,38.0,False,0.0,0.0,0.0,0.0,0.0,False,G,20.0,P,151,1
Earth,False,Unknown,41.0,False,0.0,0.0,0.0,0.0,607.0,False,F,32.0,P,152,1
Earth,False,TRAPPIST-1e,22.0,False,4119.0,0.0,0.0,0.0,61.0,False,G,22.0,P,160,1
Europa,True,TRAPPIST-1e,26.0,False,0.0,0.0,0.0,0.0,0.0,True,B,8.0,P,163,1
Europa,True,TRAPPIST-1e,17.0,False,0.0,0.0,0.0,0.0,0.0,True,B,8.0,P,163,2
Earth,False,TRAPPIST-1e,57.0,False,50.0,1688.0,0.0,0.0,135.0,True,G,28.0,S,164,1
Earth,True,PSO J318.5-22,17.0,False,0.0,0.0,0.0,0.0,0.0,False,G,28.0,S,164,2
Mars,True,TRAPPIST-1e,35.0,False,0.0,0.0,0.0,0.0,0.0,True,F,37.0,P,165,1
Mars,True,TRAPPIST-1e,13.0,False,0.0,0.0,0.0,0.0,0.0,True,F,35.0,S,167,1
Mars,False,TRAPPIST-1e,27.0,False,1365.0,0.0,48.0,22.0,137.0,False,F,35.0,S,167,2
Earth,True,TRAPPIST-1e,31.0,False,0.0,0.0,0.0,0.0,0.0,False,G,23.0,P,169,1
Earth,False,TRAPPIST-1e,24.0,False,0.0,0.0,0.0,221.0,567.0,False,E,10.0,S,170,1
Earth,True,PSO J318.5-22,19.0,False,0.0,0.0,0.0,0.0,0.0,True,G,30.0,S,171,1
Earth,True,TRAPPIST-1e,32.0,False,0.0,0.0,0.0,0.0,0.0,True,G,24.0,P,172,1
Earth,False,TRAPPIST-1e,58.0,False,0.0,985.0,0.0,5.0,0.0,True,E,11.0,S,173,1
Earth,False,55 Cancri e,21.0,False,287.0,0.0,16.0,115.0,175.0,False,F,38.0,P,174,1
Europa,False,TRAPPIST-1e,38.0,False,0.0,10346.0,1.0,14970.0,2111.0,False,B,2.0,S,177,1
Mars,False,TRAPPIST-1e,38.0,False,3414.0,0.0,161.0,28.0,119.0,False,D,6.0,S,178,1
Earth,False,TRAPPIST-1e,19.0,False,1.0,219.0,673.0,2.0,11.0,True,G,26.0,P,179,1
Earth,False,TRAPPIST-1e,0.0,False,0.0,0.0,0.0,0.0,0.0,False,G,26.0,P,179,2
Earth,False,TRAPPIST-1e,3.0,False,0.0,0.0,0.0,0.0,0.0,True,G,26.0,P,179,3
Earth,False,TRAPPIST-1e,20.0,False,0.0,0.0,3.0,299.0,92.0,False,G,27.0,P,181,1
Europa,True,TRAPPIST-1e,24.0,False,0.0,0.0,0.0,0.0,0.0,True,C,3.0,P,182,1
Earth,False,TRAPPIST-1e,37.0,False,17.0,146.0,426.0,0.0,232.0,True,F,36.0,S,183,1
Earth,False,TRAPPIST-1e,25.0,False,62.0,0.0,0.0,0.0,956.0,False,G,28.0,P,186,1
Earth,True,TRAPPIST-1e,56.0,False,0.0,0.0,0.0,0.0,0.0,True,G,31.0,S,188,1
Earth,False,55 Cancri e,49.0,False,84.0,3.0,401.0,202.0,98.0,False,E,8.0,P,189,1
Earth,True,55 Cancri e,11.0,False,0.0,0.0,0.0,0.0,0.0,False,G,32.0,S,190,1
Earth,True,TRAPPIST-1e,1.0,False,0.0,0.0,0.0,0.0,0.0,True,G,29.0,P,192,1
Earth,False,TRAPPIST-1e,8.0,False,0.0,0.0,0.0,0.0,0.0,False,G,29.0,P,192,2
Earth,False,TRAPPIST-1e,39.0,False,0.0,0.0,10.0,898.0,0.0,False,G,29.0,P,192,3
Mars,True,TRAPPIST-1e,2.0,False,0.0,0.0,0.0,0.0,0.0,True,F,41.0,P,193,1
Mars,False,TRAPPIST-1e,23.0,False,0.0,0.0,8.0,1072.0,0.0,False,F,41.0,P,193,2
Mars,False,TRAPPIST-1e,0.0,False,0.0,0.0,0.0,0.0,0.0,True,F,41.0,P,193,3
Mars,False,TRAPPIST-1e,39.0,False,406.0,0.0,867.0,0.0,0.0,True,F,42.0,P,195,1
Mars,False,PSO J318.5-22,25.0,False,1052.0,0.0,719.0,0.0,7.0,False,D,5.0,P,196,1
Europa,False,TRAPPIST-1e,36.0,False,0.0,972.0,0.0,795.0,575.0,False,C,5.0,P,197,1
Earth,False,PSO J318.5-22,52.0,False,0.0,0.0,0.0,0.0,0.0,True,G,30.0,P,198,1
Earth,True,TRAPPIST-1e,18.0,False,0.0,0.0,0.0,0.0,0.0,False,G,33.0,S,199,1
Earth,True,TRAPPIST-1e,15.0,False,0.0,0.0,0.0,0.0,0.0,True,G,31.0,P,200,1
Europa,True,TRAPPIST-1e,35.0,False,0.0,0.0,0.0,0.0,0.0,True,B,3.0,S,201,1
Europa,True,TRAPPIST-1e,47.0,False,0.0,0.0,0.0,0.0,0.0,True,B,3.0,S,201,2
Europa,True,55 Cancri e,45.0,False,0.0,0.0,0.0,0.0,0.0,True,B,9.0,P,202,1
Europa,False,55 Cancri e,28.82793046746535,False,0.0,2433.0,0.0,878.0,443.0,True,A,2.0,P,202,2
Europa,True,TRAPPIST-1e,51.0,False,0.0,0.0,0.0,0.0,0.0,True,C,8.0,S,203,1
Earth,False,TRAPPIST-1e,29.0,False,0.0,2.0,66.0,0.0,705.0,False,G,34.0,S,205,1
Europa,False,55 Cancri e,28.82793046746535,False,2.0,1720.0,12.0,1125.0,122.0,True,C,9.0,S,206,1
Earth,True,PSO J318.5-22,19.0,False,0.0,0.0,0.0,0.0,0.0,False,G,32.0,P,207,1
Unknown,True,55 Cancri e,24.0,False,0.0,0.0,0.0,0.0,0.0,True,D,6.0,P,210,1
Mars,False,TRAPPIST-1e,29.0,False,902.0,1.0,137.0,0.0,0.0,True,F,44.0,P,211,1
Mars,True,TRAPPIST-1e,11.0,False,0.0,0.0,0.0,0.0,0.0,True,F,44.0,P,211,2
Mars,False,TRAPPIST-1e,17.0,False,848.0,0.0,307.0,182.0,0.0,False,F,44.0,P,211,3
Earth,False,TRAPPIST-1e,13.0,False,192.0,0.0,0.0,51.0,739.0,False,E,9.0,P,212,1
Earth,False,TRAPPIST-1e,35.0,False,147.0,188.0,0.0,10.0,387.0,False,F,45.0,P,212,2
Earth,False,TRAPPIST-1e,21.0,False,367.0,281.0,0.0,0.0,146.0,False,F,46.0,P,213,1
Earth,False,55 Cancri e,21.0,False,0.0,56.0,0.0,0.0,1918.0,False,F,40.0,S,216,1
Earth,False,TRAPPIST-1e,38.0,False,1517.0,0.0,0.0,27.0,0.0,False,F,47.0,P,217,1
Earth,True,TRAPPIST-1e,19.0,False,0.0,0.0,0.0,0.0,0.0,True,G,36.0,P,219,1
Earth,True,TRAPPIST-1e,2.0,False,0.0,0.0,0.0,0.0,0.0,True,G,37.0,P,220,1
Earth,False,TRAPPIST-1e,0.0,False,0.0,0.0,0.0,0.0,0.0,True,G,37.0,P,220,2
Earth,True,TRAPPIST-1e,13.0,False,0.0,0.0,0.0,0.0,0.0,False,G,37.0,P,220,3
Earth,False,TRAPPIST-1e,25.0,False,122.0,84.0,0.0,0.0,0.0,False,E,10.0,P,220,4
Earth,False,TRAPPIST-1e,16.0,False,0.0,3.0,0.0,0.0,1099.0,False,F,48.0,P,220,5
Earth,False,55 Cancri e,1.0,False,0.0,0.0,0.0,0.0,0.0,False,G,37.0,P,220,6
Earth,True,TRAPPIST-1e,15.0,False,0.0,0.0,0.0,0.0,0.0,True,G,37.0,P,220,7
Mars,False,55 Cancri e,21.0,False,2237.0,0.0,119.0,0.0,0.0,False,E,13.0,S,221,1
Mars,False,TRAPPIST-1e,23.0,False,1215.0,80.0,1.0,2.0,0.0,False,E,13.0,S,221,2
Mars,False,TRAPPIST-1e,33.0,False,1933.0,12.0,188.0,1.0,0.0,False,E,13.0,S,221,3
Mars,True,TRAPPIST-1e,21.0,False,0.0,0.0,0.0,0.0,0.0,True,E,13.0,S,221,4
Mars,False,TRAPPIST-1e,41.0,False,1230.0,0.0,301.0,43.0,1023.0,False,E,13.0,S,221,5
Mars,False,TRAPPIST-1e,16.0,False,915.0,0.0,221.0,234.0,0.0,False,E,13.0,S,221,6
Mars,True,TRAPPIST-1e,42.0,False,0.0,0.0,0.0,0.0,0.0,False,E,13.0,S,221,7
Mars,False,TRAPPIST-1e,20.0,False,1406.0,0.0,0.0,11.0,0.0,False,F,41.0,S,222,1
Mars,True,TRAPPIST-1e,24.0,False,0.0,0.0,0.0,0.0,0.0,True,F,41.0,S,222,2
Mars,True,TRAPPIST-1e,16.0,False,0.0,0.0,0.0,0.0,0.0,True,E,14.0,S,222,3
Earth,False,TRAPPIST-1e,21.0,False,0.0,2.0,665.0,0.0,9.0,False,G,35.0,S,223,1
Mars,False,TRAPPIST-1e,32.0,True,181.0,0.0,5.0,1634.0,0.0,False,F,42.0,S,224,1
Earth,True,PSO J318.5-22,58.0,False,0.0,0.0,0.0,0.0,0.0,True,G,38.0,P,225,1
Earth,False,TRAPPIST-1e,24.0,False,4.0,7.0,0.0,713.0,79.0,False,F,43.0,S,229,1
Mars,False,TRAPPIST-1e,30.0,False,85.0,0.0,1.0,1720.0,0.0,False,F,44.0,S,231,1
Earth,True,PSO J318.5-22,27.0,False,0.0,0.0,0.0,0.0,0.0,False,G,36.0,S,232,1
Mars,False,TRAPPIST-1e,32.0,False,56.0,0.0,256.0,1438.0,0.0,False,F,45.0,S,233,1
Earth,False,TRAPPIST-1e,43.0,False,0.0,888.0,0.0,0.0,0.0,False,F,50.0,P,234,1
Europa,True,TRAPPIST-1e,42.0,False,0.0,0.0,0.0,0.0,0.0,True,B,11.0,P,237,1
Mars,False,TRAPPIST-1e,37.0,False,637.0,0.0,0.0,92.0,319.0,False,F,82.0,S,239,1
Mars,True,TRAPPIST-1e,35.0,False,0.0,0.0,0.0,0.0,0.0,True,F,52.0,P,240,1
Europa,False,55 Cancri e,33.0,False,0.0,1249.0,0.0,4812.0,1116.0,False,E,11.0,P,241,1
Unknown,False,TRAPPIST-1e,18.0,False,313.0,1.0,691.0,283.0,0.0,False,F,46.0,S,242,1
Earth,True,TRAPPIST-1e,21.0,False,0.0,0.0,0.0,0.0,0.0,False,G,37.0,S,243,1
Mars,True,TRAPPIST-1e,43.0,False,0.0,0.0,0.0,0.0,0.0,True,F,82.0,S,244,1
Mars,True,55 Cancri e,14.0,False,0.0,0.0,0.0,0.0,0.0,True,F,47.0,S,244,2
Europa,False,55 Cancri e,46.0,False,0.0,3571.0,0.0,0.0,7.0,True,C,6.0,P,245,1
Europa,False,TRAPPIST-1e,33.0,False,0.0,86.0,796.0,584.0,10912.0,False,C,6.0,P,245,2
Mars,False,TRAPPIST-1e,21.0,False,2947.0,0.0,287.0,27.0,0.0,False,D,8.0,P,246,1
Europa,False,TRAPPIST-1e,33.0,False,0.0,1.0,0.0,8620.0,1063.0,False,C,10.0,S,248,1
Earth,True,PSO J318.5-22,47.0,False,0.0,0.0,0.0,0.0,0.0,False,G,38.0,S,250,1
Unknown,True,55 Cancri e,54.0,False,0.0,0.0,0.0,0.0,0.0,True,C,11.0,S,251,1
Earth,False,TRAPPIST-1e,30.0,False,335.0,695.0,541.0,0.0,0.0,False,F,53.0,P,252,1
Earth,False,TRAPPIST-1e,29.0,False,272.0,615.0,0.0,0.0,1.0,False,G,42.0,P,253,1
Earth,False,TRAPPIST-1e,21.0,False,702.0,172.0,408.0,2.0,6.0,True,F,54.0,P,254,1
Europa,True,TRAPPIST-1e,24.0,False,0.0,0.0,0.0,0.0,0.0,True,A,3.0,S,255,1
Mars,False,55 Cancri e,21.0,False,1664.0,0.0,0.0,0.0,0.0,False,F,49.0,S,257,1
Mars,True,TRAPPIST-1e,60.0,False,0.0,0.0,0.0,0.0,0.0,True,F,49.0,S,257,2
Earth,False,TRAPPIST-1e,22.0,False,0.0,0.0,313.0,299.0,92.0,False,F,50.0,S,258,1
Europa,False,TRAPPIST-1e,26.0,False,0.0,4810.0,0.0,981.0,2054.0,False,E,16.0,S,260,1
Earth,False,TRAPPIST-1e,26.0,False,66.0,29.0,0.0,0.0,803.0,False,F,56.0,P,261,1
Earth,True,TRAPPIST-1e,28.0,False,0.0,0.0,0.0,0.0,0.0,True,G,43.0,P,263,1
Europa,True,TRAPPIST-1e,39.0,False,0.0,0.0,0.0,0.0,0.0,True,D,8.0,S,265,1
Earth,False,TRAPPIST-1e,13.0,False,118.0,0.0,0.0,754.0,1.0,False,F,51.0,S,267,1
Earth,False,55 Cancri e,47.0,False,0.0,231.0,592.0,0.0,0.0,True,F,52.0,S,269,1
Earth,False,TRAPPIST-1e,63.0,False,0.0,25.0,128.0,0.0,1240.0,False,F,59.0,P,270,1
Europa,True,55 Cancri e,28.82793046746535,False,0.0,0.0,0.0,0.0,0.0,True,D,9.0,S,275,1
Earth,False,55 Cancri e,50.0,False,44.0,2390.0,0.0,53.0,0.0,True,F,61.0,P,277,1
Earth,False,TRAPPIST-1e,35.0,False,0.0,0.0,0.0,888.0,0.0,False,F,82.0,S,278,1
Earth,False,TRAPPIST-1e,45.0,False,0.0,97.0,0.0,14.0,333.0,False,G,45.0,P,278,2
Earth,False,TRAPPIST-1e,19.0,False,0.0,0.0,2078.0,0.0,0.0,True,F,63.0,P,281,1
Earth,False,TRAPPIST-1e,21.0,False,0.0,918.0,0.0,0.0,0.0,True,F,54.0,S,282,1
Earth,True,PSO J318.5-22,29.0,False,0.0,0.0,0.0,0.0,0.0,True,G,46.0,P,283,1
Earth,False,TRAPPIST-1e,22.0,False,146.0,654.0,1.0,0.0,2.0,True,F,64.0,P,283,2
Europa,True,TRAPPIST-1e,14.0,False,0.0,0.0,0.0,0.0,0.0,True,E,16.0,P,285,1
Europa,True,55 Cancri e,42.0,False,0.0,0.0,0.0,0.0,0.0,True,E,16.0,P,285,2
Earth,False,55 Cancri e,57.0,False,3.0,1281.0,29.0,162.0,13.0,False,F,65.0,P,286,1
Europa,True,55 Cancri e,39.0,False,0.0,0.0,0.0,0.0,0.0,True,F,82.0,S,287,1
Europa,False,TRAPPIST-1e,28.0,False,0.0,587.0,32.0,6.0,1460.0,False,B,12.0,P,287,2
Earth,False,55 Cancri e,19.0,False,0.0,0.0,0.0,0.0,828.0,False,F,55.0,S,288,1
Europa,True,55 Cancri e,19.0,False,0.0,0.0,0.0,0.0,0.0,True,C,12.0,S,289,1
Europa,False,55 Cancri e,26.0,False,0.0,4458.0,0.0,1157.0,262.0,True,B,7.0,S,290,1
Europa,True,TRAPPIST-1e,17.0,False,0.0,0.0,0.0,0.0,0.0,True,B,7.0,S,290,2
Europa,False,TRAPPIST-1e,43.0,False,0.0,0.0,0.0,0.0,0.0,True,B,7.0,S,290,3
Europa,False,55 Cancri e,9.0,False,0.0,0.0,0.0,0.0,0.0,True,B,7.0,S,290,4
Europa,False,TRAPPIST-1e,40.0,False,0.0,6500.0,88.0,1090.0,0.0,True,D,10.0,S,291,1
Europa,True,TRAPPIST-1e,50.0,False,0.0,0.0,0.0,0.0,0.0,True,B,8.0,S,294,1
Earth,False,TRAPPIST-1e,24.0,False,90.0,2.0,1324.0,17.0,0.0,True,G,47.0,P,297,1
Europa,True,55 Cancri e,57.0,False,0.0,0.0,0.0,0.0,0.0,True,A,3.0,P,298,1
Earth,True,TRAPPIST-1e,16.0,False,0.0,0.0,0.0,0.0,0.0,False,F,82.0,S,301,1
Earth,False,TRAPPIST-1e,23.0,False,0.0,0.0,15.0,0.0,1370.0,False,F,67.0,P,302,1
Unknown,True,TRAPPIST-1e,23.0,False,0.0,0.0,0.0,0.0,0.0,True,G,41.0,S,303,1
Europa,False,TRAPPIST-1e,28.0,False,0.0,422.0,0.0,1851.0,5166.0,False,E,18.0,S,304,1
Europa,False,55 Cancri e,23.0,False,0.0,584.0,0.0,20.0,2469.0,False,C,7.0,P,305,1
Earth,False,TRAPPIST-1e,23.0,False,368.0,175.0,259.0,1.0,101.0,False,E,19.0,S,306,1
Earth,False,TRAPPIST-1e,18.0,False,0.0,0.0,1359.0,0.0,0.0,True,F,59.0,S,307,1
Earth,False,TRAPPIST-1e,18.0,False,1194.0,0.0,157.0,6.0,0.0,False,F,60.0,S,309,1
Europa,False,TRAPPIST-1e,67.0,False,0.0,230.0,0.0,4476.0,241.0,False,F,82.0,S,310,1
Earth,False,PSO J318.5-22,60.0,False,7.0,540.0,1.0,0.0,4.0,True,F,68.0,P,313,1
Earth,True,55 Cancri e,28.82793046746535,False,0.0,0.0,0.0,0.0,0.0,True,G,50.0,P,313,2
Earth,False,55 Cancri e,49.0,False,331.0,0.0,0.0,318.0,0.0,True,F,68.0,P,313,3
Earth,False,55 Cancri e,0.0,False,0.0,0.0,0.0,0.0,0.0,True,G,50.0,P,313,4
Earth,False,55 Cancri e,26.0,False,386.0,0.0,74.0,0.0,1330.0,False,G,51.0,P,314,1
Unknown,True,PSO J318.5-22,35.0,False,0.0,0.0,0.0,0.0,0.0,True,G,42.0,S,315,1
Europa,False,TRAPPIST-1e,24.0,False,0.0,2628.0,0.0,170.0,0.0,True,B,9.0,S,316,1
Europa,True,TRAPPIST-1e,20.0,False,0.0,0.0,0.0,0.0,0.0,True,B,9.0,S,316,2
Earth,False,TRAPPIST-1e,18.0,False,0.0,2.0,0.0,0.0,0.0,False,G,44.0,S,320,1
Earth,False,TRAPPIST-1e,21.0,False,0.0,5.0,3.0,0.0,0.0,False,G,44.0,S,320,2
Unknown,False,TRAPPIST-1e,59.0,True,1018.0,0.0,209.0,0.0,0.0,False,F,61.0,S,321,1
Earth,True,PSO J318.5-22,13.0,False,0.0,0.0,0.0,0.0,0.0,False,G,45.0,S,322,1
Earth,True,55 Cancri e,43.0,False,0.0,0.0,0.0,0.0,0.0,False,G,53.0,P,324,1
Earth,True,TRAPPIST-1e,29.0,False,0.0,0.0,0.0,0.0,0.0,False,G,47.0,S,326,1
Earth,False,TRAPPIST-1e,19.0,False,17.0,0.0,784.0,0.0,2.0,True,F,82.0,S,327,1
Europa,False,TRAPPIST-1e,2.0,False,0.0,0.0,0.0,0.0,0.0,True,C,14.0,S,330,1
Europa,False,TRAPPIST-1e,32.0,False,247.0,4651.0,0.0,46.0,202.0,True,C,14.0,S,330,2
Europa,False,TRAPPIST-1e,33.0,False,443.0,317.0,0.0,148.0,1260.0,False,C,14.0,S,330,3
Earth,False,TRAPPIST-1e,25.0,False,0.0,0.0,251.0,0.0,552.0,False,F,72.0,P,331,1
Mars,True,55 Cancri e,29.0,False,0.0,0.0,0.0,0.0,0.0,True,F,73.0,P,333,1
Mars,False,TRAPPIST-1e,29.0,False,5715.0,2.0,211.0,1476.0,0.0,False,F,62.0,S,334,1
Earth,False,TRAPPIST-1e,44.0,False,695.0,1.0,16.0,0.0,0.0,False,F,74.0,P,336,1
Mars,True,55 Cancri e,2.0,False,0.0,0.0,0.0,0.0,0.0,True,F,63.0,S,337,1
Mars,False,TRAPPIST-1e,19.0,False,417.0,349.0,634.0,3.0,1057.0,True,F,63.0,S,337,2
Mars,False,55 Cancri e,0.0,False,0.0,0.0,0.0,0.0,0.0,True,F,63.0,S,337,3
Earth,True,TRAPPIST-1e,18.0,False,0.0,0.0,0.0,0.0,0.0,True,G,48.0,S,338,1
Europa,True,55 Cancri e,38.0,False,0.0,0.0,0.0,0.0,0.0,True,B,10.0,S,340,1
Earth,True,PSO J318.5-22,5.0,False,0.0,0.0,0.0,0.0,0.0,False,G,57.0,P,341,1
Earth,False,PSO J318.5-22,31.0,False,121.0,0.0,0.0,274.0,907.0,False,F,76.0,P,343,1
Mars,True,TRAPPIST-1e,30.0,False,0.0,0.0,0.0,0.0,0.0,False,E,21.0,S,345,1
Earth,True,55 Cancri e,15.0,False,0.0,0.0,0.0,0.0,0.0,True,G,59.0,P,346,1
Mars,False,TRAPPIST-1e,27.0,False,434.0,0.0,1434.0,0.0,0.0,False,F,64.0,S,347,1
Mars,False,TRAPPIST-1e,22.0,False,142.0,2876.0,202.0,3.0,0.0,True,D,12.0,P,348,1
Mars,False,TRAPPIST-1e,36.0,False,520.0,0.0,1865.0,0.0,0.0,True,F,82.0,S,348,2
Earth,True,PSO J318.5-22,14.0,False,0.0,0.0,0.0,0.0,0.0,True,G,60.0,P,350,1
Mars,False,TRAPPIST-1e,23.0,False,2001.0,0.0,2975.0,0.0,0.0,False,F,78.0,P,352,1
Earth,True,TRAPPIST-1e,18.0,False,0.0,0.0,0.0,0.0,0.0,True,F,82.0,S,355,1
Europa,True,55 Cancri e,36.0,False,0.0,0.0,0.0,0.0,0.0,True,B,15.0,P,356,1
Earth,False,TRAPPIST-1e,41.0,False,0.0,1198.0,0.0,124.0,572.0,False,F,65.0,S,357,1
Earth,True,TRAPPIST-1e,50.0,False,0.0,0.0,0.0,0.0,0.0,True,G,50.0,S,358,1
Earth,True,PSO J318.5-22,32.0,False,0.0,0.0,0.0,0.0,0.0,True,G,50.0,S,358,2
Earth,False,PSO J318.5-22,26.0,False,148.0,0.0,453.0,0.0,88.0,False,F,66.0,S,359,1
Earth,False,TRAPPIST-1e,15.0,False,358.0,212.0,33.0,0.0,112.0,False,F,67.0,S,360,1
Earth,False,55 Cancri e,33.0,False,0.0,36.0,0.0,280.0,417.0,True,F,68.0,S,361,1
Earth,False,55 Cancri e,28.82793046746535,False,0.0,0.0,0.0,685.0,21.0,False,G,51.0,S,365,1
Mars,False,TRAPPIST-1e,26.0,False,2832.0,107.0,4447.0,15.0,4.0,False,F,82.0,P,368,1
Mars,True,TRAPPIST-1e,61.0,False,0.0,0.0,0.0,0.0,0.0,True,F,82.0,P,368,2
Earth,False,TRAPPIST-1e,24.0,False,0.0,0.0,592.0,177.0,58.0,True,G,53.0,S,369,1
Earth,False,TRAPPIST-1e,30.0,False,0.0,95.0,0.0,441.0,1023.0,False,F,83.0,P,370,1
Mars,True,TRAPPIST-1e,24.0,False,0.0,0.0,0.0,0.0,0.0,True,F,84.0,P,371,1
Earth,False,TRAPPIST-1e,24.0,False,0.0,5.0,0.0,2766.0,0.0,False,F,85.0,P,372,1
Earth,True,TRAPPIST-1e,41.0,False,0.0,0.0,0.0,0.0,0.0,False,G,62.0,P,373,1
Earth,False,TRAPPIST-1e,20.0,False,0.0,0.0,558.0,0.0,230.0,False,E,22.0,P,375,1
Earth,False,TRAPPIST-1e,22.0,False,116.0,0.0,786.0,6.0,0.0,True,G,54.0,S,376,1
Europa,False,55 Cancri e,63.0,False,0.0,1068.0,0.0,176.0,8188.0,False,C,15.0,S,377,1
Europa,False,55 Cancri e,18.0,False,17.0,215.0,4.0,5132.0,697.0,False,B,11.0,S,378,1
Europa,True,55 Cancri e,21.0,False,0.0,0.0,0.0,0.0,0.0,True,B,11.0,S,378,2
Europa,False,TRAPPIST-1e,79.0,False,5649.0,235.0,7.0,2579.0,2175.0,False,B,11.0,S,378,3
Europa,True,TRAPPIST-1e,56.0,False,0.0,0.0,0.0,0.0,0.0,True,B,11.0,S,378,4
Europa,True,TRAPPIST-1e,13.0,False,0.0,0.0,0.0,0.0,0.0,True,B,11.0,S,378,5
Europa,False,TRAPPIST-1e,33.0,False,0.0,2491.0,6.0,1173.0,1059.0,False,B,11.0,S,378,6
Europa,True,TRAPPIST-1e,32.0,False,0.0,0.0,0.0,0.0,0.0,True,B,11.0,S,378,7
Earth,False,TRAPPIST-1e,31.0,False,198.0,0.0,591.0,0.0,164.0,True,G,63.0,P,379,1
Europa,True,55 Cancri e,26.0,False,0.0,0.0,0.0,0.0,0.0,True,F,82.0,S,380,1
Europa,True,55 Cancri e,18.0,False,0.0,0.0,0.0,0.0,0.0,True,B,16.0,P,381,1
Europa,True,55 Cancri e,38.0,False,0.0,0.0,0.0,0.0,0.0,True,B,16.0,P,381,2
Unknown,False,Unknown,23.0,False,348.0,0.0,0.0,4.0,368.0,False,G,64.0,P,382,1
Earth,False,TRAPPIST-1e,28.0,False,82.0,773.0,0.0,3693.0,140.0,False,G,55.0,S,383,1
Earth,True,PSO J318.5-22,34.0,False,0.0,0.0,0.0,0.0,0.0,False,G,55.0,S,383,2
Earth,False,55 Cancri e,0.0,False,0.0,0.0,0.0,0.0,0.0,True,G,56.0,S,384,1
Earth,False,TRAPPIST-1e,14.0,False,3.0,0.0,881.0,25.0,0.0,True,G,56.0,S,384,2
Earth,False,TRAPPIST-1e,23.0,False,13.0,747.0,0.0,0.0,128.0,False,G,65.0,P,385,1
Earth,True,TRAPPIST-1e,49.0,False,0.0,0.0,0.0,0.0,0.0,False,G,66.0,P,387,1
Earth,True,TRAPPIST-1e,14.0,False,0.0,0.0,0.0,0.0,0.0,False,G,57.0,S,388,1
Earth,False,TRAPPIST-1e,18.0,False,391.0,44.0,356.0,0.0,0.0,False,E,23.0,P,389,1
Europa,False,PSO J318.5-22,27.0,True,69.0,5728.0,0.0,0.0,987.0,True,C,9.0,P,391,1
Earth,False,TRAPPIST-1e,48.0,False,0.0,111.0,0.0,1508.0,0.0,False,E,24.0,P,392,1
Europa,False,55 Cancri e,31.0,True,0.0,11003.0,552.0,8157.0,5688.0,False,B,17.0,P,395,1
Europa,False,55 Cancri e,61.0,False,1.0,608.0,0.0,3835.0,1.0,False,B,17.0,P,395,2
Earth,True,TRAPPIST-1e,18.0,False,0.0,0.0,0.0,0.0,0.0,True,G,59.0,S,396,1
Mars,True,TRAPPIST-1e,45.0,False,0.0,0.0,0.0,0.0,0.0,True,F,69.0,S,397,1
Mars,False,TRAPPIST-1e,22.0,False,28.0,420.0,36.0,6011.0,3.0,False,D,13.0,S,398,1
Mars,False,TRAPPIST-1e,30.0,True,1056.0,0.0,0.0,0.0,0.0,False,D,14.0,S,401,1
Mars,False,TRAPPIST-1e,30.0,False,1770.0,0.0,0.0,13.0,0.0,False,D,14.0,S,401,2
Unknown,True,55 Cancri e,32.0,True,0.0,0.0,0.0,0.0,0.0,True,D,15.0,S,402,1
Mars,False,TRAPPIST-1e,43.0,True,353.0,896.0,0.0,0.0,2.0,True,D,13.0,P,403,1
Earth,False,55 Cancri e,17.0,False,177.0,0.0,0.0,310.0,7.0,False,F,89.0,P,405,1
Earth,False,TRAPPIST-1e,23.0,False,0.0,21.0,0.0,0.0,1699.0,False,G,69.0,P,407,1
Earth,False,TRAPPIST-1e,20.0,False,0.0,465.0,0.0,5.0,223.0,False,F,90.0,P,407,2
Earth,True,TRAPPIST-1e,39.0,False,0.0,0.0,0.0,0.0,0.0,False,G,69.0,P,407,3
Mars,False,TRAPPIST-1e,35.0,False,1134.0,113.0,52.0,0.0,0.0,False,E,25.0,P,408,1
Mars,False,TRAPPIST-1e,31.0,False,0.0,0.0,1116.0,2.0,0.0,False,F,71.0,S,409,1
Earth,False,55 Cancri e,21.0,False,0.0,150.0,0.0,567.0,0.0,False,F,72.0,S,410,1
Earth,False,TRAPPIST-1e,16.0,False,691.0,0.0,101.0,140.0,0.0,False,F,91.0,P,411,1
Europa,False,TRAPPIST-1e,60.0,False,0.0,7255.0,5952.0,1537.0,0.0,True,C,11.0,P,412,1
Earth,False,TRAPPIST-1e,18.0,False,0.0,157.0,0.0,352.0,60.0,False,F,92.0,P,413,1
Earth,True,TRAPPIST-1e,42.0,False,0.0,0.0,0.0,0.0,0.0,False,G,60.0,S,415,1
Europa,True,55 Cancri e,68.0,False,0.0,0.0,0.0,0.0,0.0,True,B,18.0,P,417,1
Europa,False,55 Cancri e,22.0,False,0.0,1170.0,0.0,5467.0,1241.0,False,B,18.0,P,417,2
Europa,True,TRAPPIST-1e,59.0,False,0.0,0.0,0.0,0.0,0.0,True,B,18.0,P,417,3
Europa,False,TRAPPIST-1e,28.82793046746535,False,8.0,3584.0,0.0,13.0,57.0,True,B,19.0,P,423,1
Mars,False,TRAPPIST-1e,37.0,False,1094.0,2.0,26.0,34.0,1.0,False,F,96.0,P,425,1
Mars,True,TRAPPIST-1e,3.0,False,0.0,0.0,0.0,0.0,0.0,True,F,96.0,P,425,2
Mars,True,TRAPPIST-1e,31.0,False,0.0,0.0,0.0,0.0,0.0,True,F,96.0,P,425,3
Europa,False,TRAPPIST-1e,31.0,False,417.0,0.0,7185.0,562.0,792.0,True,E,26.0,P,427,1
Europa,False,TRAPPIST-1e,29.0,False,0.0,4118.0,0.0,715.0,3139.0,True,C,16.0,S,428,1
Europa,False,55 Cancri e,20.0,False,2.0,10116.0,0.0,2.0,225.0,True,A,5.0,S,429,1
Europa,True,55 Cancri e,46.0,False,0.0,0.0,0.0,0.0,0.0,True,A,5.0,S,429,2
Earth,False,TRAPPIST-1e,29.0,False,0.0,1026.0,0.0,16.0,0.0,True,F,75.0,S,430,1
Mars,True,TRAPPIST-1e,43.0,False,0.0,0.0,0.0,0.0,0.0,True,F,97.0,P,431,1
Mars,False,TRAPPIST-1e,17.0,False,1483.0,10.0,0.0,0.0,0.0,False,F,76.0,S,432,1
Europa,False,55 Cancri e,27.0,False,0.0,0.0,0.0,0.0,0.0,True,B,20.0,P,433,1
Europa,False,TRAPPIST-1e,47.0,False,4.0,891.0,0.0,2962.0,3656.0,False,B,20.0,P,433,2
Mars,True,TRAPPIST-1e,45.0,False,0.0,0.0,0.0,0.0,0.0,True,F,77.0,S,434,1
Earth,True,TRAPPIST-1e,17.0,False,0.0,0.0,0.0,0.0,0.0,True,G,62.0,S,435,1
Earth,False,55 Cancri e,10.0,False,0.0,0.0,0.0,0.0,0.0,True,G,63.0,S,436,1
Earth,False,PSO J318.5-22,56.0,False,46.0,11.0,0.0,622.0,0.0,False,G,63.0,S,436,2
Earth,False,TRAPPIST-1e,39.0,False,382.0,0.0,22.0,467.0,0.0,False,F,78.0,S,437,1
Earth,False,PSO J318.5-22,40.0,False,7.0,0.0,840.0,26.0,0.0,False,F,78.0,S,437,2
Europa,True,TRAPPIST-1e,40.0,False,0.0,0.0,0.0,0.0,0.0,True,B,13.0,S,438,1
Europa,False,55 Cancri e,34.0,False,0.0,5637.0,45.0,1936.0,56.0,False,C,13.0,P,439,1
Earth,False,55 Cancri e,32.0,False,0.0,0.0,0.0,722.0,0.0,False,F,79.0,S,441,1
Earth,False,TRAPPIST-1e,35.0,False,7.0,1043.0,0.0,0.0,0.0,False,F,98.0,P,442,1
Mars,False,TRAPPIST-1e,32.0,True,2484.0,429.0,102.0,0.0,0.0,False,D,15.0,P,444,1
Unknown,False,TRAPPIST-1e,26.0,True,1869.0,0.0,136.0,0.0,0.0,False,F,99.0,P,444,2
Earth,False,TRAPPIST-1e,25.0,False,1352.0,0.0,0.0,24.0,799.0,False,F,80.0,S,445,1
Unknown,False,TRAPPIST-1e,26.0,False,0.0,0.0,0.0,77.0,715.0,False,E,25.0,S,445,2
Europa,True,55 Cancri e,22.0,False,0.0,0.0,0.0,0.0,0.0,True,B,21.0,P,446,1
Earth,False,TRAPPIST-1e,22.0,False,9.0,0.0,795.0,0.0,0.0,True,F,81.0,S,447,1
Earth,False,TRAPPIST-1e,24.0,False,757.0,0.0,0.0,32.0,0.0,False,E,27.0,P,448,1
Earth,True,PSO J318.5-22,32.0,False,0.0,0.0,0.0,0.0,0.0,True,G,71.0,P,448,2
Earth,True,TRAPPIST-1e,11.0,False,0.0,0.0,0.0,0.0,0.0,True,G,64.0,S,449,1
Mars,True,TRAPPIST-1e,22.0,False,0.0,0.0,0.0,0.0,0.0,True,E,26.0,S,452,1
Europa,True,TRAPPIST-1e,19.0,False,0.0,0.0,0.0,0.0,0.0,True,B,14.0,S,453,1
Europa,True,55 Cancri e,34.0,False,0.0,0.0,0.0,0.0,0.0,True,F,82.0,S,453,2
Europa,True,TRAPPIST-1e,74.0,False,0.0,0.0,0.0,0.0,0.0,True,B,14.0,S,453,3
Europa,False,55 Cancri e,28.0,True,5.0,4288.0,0.0,745.0,5.0,True,B,15.0,S,454,1
Europa,True,TRAPPIST-1e,42.0,False,0.0,0.0,0.0,0.0,0.0,True,B,15.0,S,454,2
Europa,True,TRAPPIST-1e,43.0,False,0.0,0.0,0.0,0.0,0.0,True,B,15.0,S,454,3
Earth,False,TRAPPIST-1e,55.0,False,210.0,185.0,188.0,59.0,73.0,False,F,83.0,S,456,1
Earth,False,PSO J318.5-22,19.0,False,0.0,0.0,747.0,26.0,0.0,True,G,72.0,P,457,1
Earth,True,TRAPPIST-1e,6.0,False,0.0,0.0,0.0,0.0,0.0,False,G,72.0,P,457,2
Earth,False,TRAPPIST-1e,7.0,False,0.0,0.0,0.0,0.0,0.0,False,G,72.0,P,457,3
Europa,True,55 Cancri e,28.0,False,0.0,0.0,0.0,0.0,0.0,True,D,16.0,S,458,1
Earth,False,TRAPPIST-1e,15.0,False,2156.0,0.0,0.0,59.0,2.0,False,F,84.0,S,459,1
Earth,True,PSO J318.5-22,24.0,False,0.0,0.0,0.0,0.0,0.0,True,G,65.0,S,460,1
Earth,False,PSO J318.5-22,31.0,False,0.0,869.0,0.0,0.0,0.0,True,E,27.0,S,461,1
Earth,False,TRAPPIST-1e,22.0,False,0.0,70.0,182.0,612.0,20.0,True,F,85.0,S,461,2
Earth,False,55 Cancri e,1.0,False,0.0,0.0,0.0,0.0,0.0,True,G,66.0,S,461,3
Earth,True,Unknown,50.0,False,0.0,0.0,0.0,0.0,0.0,False,G,67.0,S,462,1
Mars,False,TRAPPIST-1e,34.0,False,865.0,0.0,257.0,0.0,35.0,False,F,100.0,P,463,1
Mars,False,TRAPPIST-1e,14.0,False,928.0,852.0,81.0,0.0,0.0,False,F,100.0,P,463,2
Earth,False,TRAPPIST-1e,19.0,False,4.0,10.0,0.0,1178.0,428.0,False,E,28.0,P,465,1
Earth,False,TRAPPIST-1e,28.82793046746535,False,0.0,654.0,22.0,146.0,4.0,True,E,28.0,P,465,2
Earth,False,TRAPPIST-1e,36.0,False,0.0,0.0,863.0,1.0,1.0,False,F,101.0,P,466,1
Earth,True,TRAPPIST-1e,34.0,False,0.0,0.0,0.0,0.0,0.0,False,F,82.0,S,468,1
Mars,True,55 Cancri e,25.0,False,0.0,0.0,0.0,0.0,0.0,True,F,86.0,S,470,1
Unknown,True,TRAPPIST-1e,36.0,False,0.0,0.0,0.0,0.0,0.0,True,F,86.0,S,470,2
Europa,False,TRAPPIST-1e,16.0,False,0.0,45.0,2.0,5183.0,170.0,False,B,22.0,P,471,1
Europa,False,55 Cancri e,30.0,False,0.0,7972.0,0.0,0.0,4.0,True,B,22.0,P,471,2
Earth,False,PSO J318.5-22,37.0,False,0.0,10.0,544.0,9.0,299.0,False,F,87.0,S,472,1
Earth,True,55 Cancri e,15.0,False,0.0,0.0,0.0,0.0,0.0,True,G,69.0,S,474,1
Earth,False,TRAPPIST-1e,36.0,False,0.0,0.0,38.0,9.0,943.0,False,E,29.0,P,475,1
Mars,False,PSO J318.5-22,27.0,False,0.0,6.0,145.0,144.0,0.0,False,F,103.0,P,476,1
Mars,True,TRAPPIST-1e,27.0,False,0.0,0.0,0.0,0.0,0.0,True,F,103.0,P,476,2
Mars,True,TRAPPIST-1e,12.0,False,0.0,0.0,0.0,0.0,0.0,True,F,103.0,P,476,3
Earth,False,TRAPPIST-1e,22.0,False,0.0,5.0,0.0,1619.0,0.0,False,E,30.0,P,477,1
Earth,False,TRAPPIST-1e,27.0,False,0.0,34.0,23.0,0.0,275.0,False,G,74.0,P,480,1
Earth,True,TRAPPIST-1e,13.0,False,0.0,0.0,0.0,0.0,0.0,True,G,70.0,S,481,1
Earth,False,TRAPPIST-1e,27.0,False,0.0,118.0,0.0,5.0,665.0,False,E,28.0,S,482,1
Earth,False,TRAPPIST-1e,28.0,False,0.0,14.0,0.0,0.0,615.0,False,F,88.0,S,482,2
Europa,False,55 Cancri e,21.0,False,0.0,33.0,0.0,3348.0,55.0,False,B,17.0,S,485,1
Europa,False,TRAPPIST-1e,39.0,False,172.0,1794.0,12.0,4303.0,246.0,False,C,19.0,S,487,1
Earth,True,PSO J318.5-22,28.0,False,0.0,0.0,0.0,0.0,0.0,False,G,76.0,P,488,1
Earth,True,TRAPPIST-1e,14.0,False,0.0,0.0,0.0,0.0,0.0,True,G,71.0,S,490,1
Europa,True,55 Cancri e,27.0,False,0.0,0.0,0.0,0.0,0.0,True,F,82.0,S,498,1
Europa,True,55 Cancri e,46.0,False,0.0,0.0,0.0,0.0,0.0,True,B,18.0,S,498,2
Mars,True,55 Cancri e,27.0,False,0.0,0.0,0.0,0.0,0.0,True,F,89.0,S,499,1
Mars,False,TRAPPIST-1e,21.0,False,0.0,0.0,0.0,0.0,0.0,False,E,29.0,S,499,2
Mars,False,55 Cancri e,21.0,False,513.0,0.0,1749.0,82.0,0.0,True,D,19.0,P,500,1
Europa,False,TRAPPIST-1e,42.0,False,0.0,929.0,967.0,0.0,481.0,False,E,32.0,P,501,1
Mars,False,TRAPPIST-1e,22.0,False,10.0,0.0,817.0,471.0,0.0,False,F,82.0,S,502,1
Mars,False,TRAPPIST-1e,10.0,False,0.0,0.0,0.0,0.0,0.0,True,F,90.0,S,503,1
Mars,False,TRAPPIST-1e,43.0,False,1821.0,0.0,47.0,29.0,0.0,False,F,90.0,S,503,2
Mars,False,TRAPPIST-1e,42.0,False,1246.0,35.0,16.0,0.0,0.0,False,E,31.0,S,503,3
Europa,True,55 Cancri e,18.0,False,0.0,0.0,0.0,0.0,0.0,True,B,19.0,S,504,1
Europa,True,55 Cancri e,54.0,False,0.0,0.0,0.0,0.0,0.0,True,B,19.0,S,504,2
Europa,True,Unknown,24.0,False,0.0,0.0,0.0,0.0,0.0,True,B,19.0,S,504,3
Europa,False,TRAPPIST-1e,64.0,False,0.0,1737.0,11.0,401.0,752.0,False,B,19.0,S,504,4
Europa,True,55 Cancri e,18.0,False,0.0,0.0,0.0,0.0,0.0,True,B,19.0,S,504,5
Unknown,True,55 Cancri e,53.0,False,0.0,0.0,0.0,0.0,0.0,True,B,19.0,S,504,6
Mars,True,TRAPPIST-1e,23.0,False,0.0,0.0,0.0,0.0,0.0,True,F,91.0,S,506,1
Earth,False,TRAPPIST-1e,39.0,False,0.0,0.0,0.0,0.0,0.0,True,G,74.0,S,507,1
Europa,False,TRAPPIST-1e,59.0,False,0.0,16521.0,0.0,323.0,0.0,True,C,16.0,P,510,1
Europa,False,55 Cancri e,32.0,False,0.0,5755.0,0.0,59.0,122.0,True,D,18.0,S,512,1
Europa,True,TRAPPIST-1e,55.0,False,0.0,0.0,0.0,0.0,0.0,True,D,18.0,S,512,2
Earth,True,PSO J318.5-22,21.0,False,0.0,0.0,0.0,0.0,0.0,True,G,78.0,P,513,1
Europa,True,TRAPPIST-1e,50.0,False,0.0,0.0,0.0,0.0,0.0,True,B,20.0,S,515,1
Europa,False,55 Cancri e,55.0,False,113.0,2492.0,41.0,0.0,2376.0,False,A,6.0,S,516,1
Earth,False,TRAPPIST-1e,28.82793046746535,False,1445.0,0.0,1.0,2.0,73.0,False,F,109.0,P,517,1
Unknown,True,TRAPPIST-1e,35.0,False,0.0,0.0,0.0,0.0,0.0,True,F,92.0,S,518,1
Earth,True,TRAPPIST-1e,28.82793046746535,False,0.0,0.0,0.0,0.0,0.0,True,G,77.0,S,519,1
Earth,False,TRAPPIST-1e,55.0,False,62.0,0.0,0.0,0.0,0.0,False,G,78.0,S,520,1
Earth,False,TRAPPIST-1e,23.0,False,39.0,263.0,0.0,0.0,0.0,True,E,32.0,S,521,1
Earth,False,TRAPPIST-1e,42.0,False,0.0,0.0,750.0,0.0,156.0,False,E,33.0,P,522,1
Earth,False,TRAPPIST-1e,35.0,False,553.0,213.0,1733.0,0.0,6.0,True,E,33.0,S,523,1
Earth,True,TRAPPIST-1e,47.0,False,0.0,0.0,0.0,0.0,0.0,True,F,82.0,S,525,1
Mars,False,55 Cancri e,28.82793046746535,False,1172.0,11.0,3.0,0.0,4.0,False,F,93.0,S,527,1
Mars,True,TRAPPIST-1e,34.0,False,0.0,0.0,0.0,0.0,0.0,True,F,93.0,S,527,2
Europa,False,TRAPPIST-1e,46.0,False,0.0,1119.0,0.0,3427.0,6595.0,False,C,17.0,P,528,1
Earth,True,PSO J318.5-22,26.0,False,0.0,0.0,0.0,0.0,0.0,False,G,81.0,P,529,1
Earth,True,55 Cancri e,1.0,False,0.0,0.0,0.0,0.0,0.0,False,G,82.0,P,531,1
Earth,True,55 Cancri e,28.82793046746535,False,0.0,0.0,0.0,0.0,0.0,True,G,82.0,P,531,2
Mars,False,TRAPPIST-1e,33.0,False,20.0,0.0,384.0,557.0,0.0,False,D,21.0,P,533,1
Europa,False,TRAPPIST-1e,34.0,False,98.0,715.0,29.0,5732.0,1902.0,False,B,23.0,P,534,1
Europa,False,TRAPPIST-1e,49.0,False,3573.0,1308.0,316.0,641.0,25.0,False,B,23.0,P,534,2
Earth,False,TRAPPIST-1e,22.0,False,0.0,5.0,0.0,320.0,352.0,False,G,83.0,P,537,1
Earth,False,TRAPPIST-1e,28.0,False,0.0,1073.0,0.0,0.0,5.0,True,F,110.0,P,538,1
Europa,True,TRAPPIST-1e,28.82793046746535,False,0.0,0.0,0.0,0.0,0.0,True,C,18.0,P,539,1
Europa,True,55 Cancri e,36.0,False,0.0,0.0,0.0,0.0,0.0,True,C,18.0,P,539,2
Unknown,True,55 Cancri e,30.0,False,0.0,0.0,0.0,0.0,0.0,True,C,18.0,P,539,3
Europa,True,TRAPPIST-1e,49.0,False,0.0,0.0,0.0,0.0,0.0,True,C,18.0,P,539,4
Europa,False,TRAPPIST-1e,38.0,False,0.0,1793.0,479.0,9.0,4987.0,False,C,18.0,P,539,5
Mars,True,TRAPPIST-1e,31.0,False,0.0,0.0,0.0,0.0,0.0,True,F,95.0,S,540,1
Unknown,False,TRAPPIST-1e,17.0,False,1471.0,0.0,0.0,45.0,16.0,False,F,95.0,S,540,2
Earth,False,TRAPPIST-1e,26.0,False,9.0,0.0,0.0,0.0,878.0,False,G,84.0,P,542,1
Earth,False,TRAPPIST-1e,23.0,False,59.0,0.0,0.0,681.0,0.0,False,F,111.0,P,545,1
Earth,False,55 Cancri e,24.0,False,930.0,691.0,838.0,0.0,0.0,False,F,96.0,S,546,1
Earth,False,TRAPPIST-1e,23.0,False,0.0,15.0,831.0,16.0,3.0,False,F,97.0,S,547,1
Earth,False,TRAPPIST-1e,24.0,False,0.0,86.0,704.0,0.0,1.0,True,E,36.0,S,548,1
Mars,False,PSO J318.5-22,32.0,False,666.0,0.0,0.0,252.0,1.0,True,D,19.0,S,549,1
Mars,True,TRAPPIST-1e,43.0,False,0.0,0.0,0.0,0.0,0.0,True,F,98.0,S,549,2
Earth,False,TRAPPIST-1e,23.0,False,13.0,12.0,0.0,762.0,0.0,True,F,99.0,S,550,1
Earth,False,TRAPPIST-1e,42.0,False,126.0,0.0,266.0,445.0,12.0,False,G,80.0,S,551,1
Europa,True,55 Cancri e,29.0,False,0.0,0.0,0.0,0.0,0.0,True,C,21.0,S,552,1
Europa,True,TRAPPIST-1e,40.0,False,0.0,0.0,0.0,0.0,0.0,True,C,19.0,P,553,1
Europa,False,TRAPPIST-1e,37.0,False,0.0,6506.0,0.0,764.0,0.0,True,C,19.0,P,553,2
Europa,True,55 Cancri e,61.0,False,0.0,0.0,0.0,0.0,0.0,True,C,20.0,P,555,1
Europa,False,TRAPPIST-1e,33.0,False,0.0,165.0,1.0,2525.0,0.0,False,C,20.0,P,555,2
Earth,False,TRAPPIST-1e,19.0,False,0.0,1428.0,0.0,1.0,19.0,True,F,100.0,S,556,1
Earth,False,PSO J318.5-22,21.0,False,0.0,12.0,580.0,0.0,79.0,False,F,102.0,S,559,1
Earth,False,TRAPPIST-1e,4.0,False,0.0,0.0,0.0,0.0,0.0,False,G,81.0,S,560,1
Earth,False,PSO J318.5-22,12.0,False,0.0,0.0,0.0,0.0,0.0,True,G,81.0,S,560,2
Unknown,False,TRAPPIST-1e,44.0,False,1440.0,293.0,74.0,32.0,0.0,True,F,103.0,S,560,3
Earth,False,TRAPPIST-1e,22.0,False,0.0,0.0,332.0,442.0,0.0,False,G,82.0,S,561,1
Mars,False,55 Cancri e,33.0,False,840.0,642.0,402.0,21.0,0.0,False,F,114.0,P,563,1
Europa,True,55 Cancri e,32.0,False,0.0,0.0,0.0,0.0,0.0,True,B,24.0,P,564,1
Europa,True,TRAPPIST-1e,28.0,False,0.0,0.0,0.0,0.0,0.0,True,B,24.0,P,564,2
Europa,False,Unknown,28.0,False,0.0,410.0,2.0,1354.0,3695.0,False,B,24.0,P,564,3
Mars,False,TRAPPIST-1e,31.0,False,697.0,0.0,612.0,0.0,0.0,False,F,115.0,P,565,1
Mars,True,TRAPPIST-1e,13.0,False,0.0,0.0,0.0,0.0,0.0,True,E,37.0,S,566,1
Earth,True,TRAPPIST-1e,14.0,False,0.0,0.0,0.0,0.0,0.0,True,G,83.0,S,567,1
Europa,False,TRAPPIST-1e,33.0,False,1908.0,33.0,0.0,1.0,4.0,False,D,20.0,S,568,1
Europa,True,55 Cancri e,28.82793046746535,False,0.0,0.0,0.0,0.0,0.0,True,D,20.0,S,568,2
Earth,False,TRAPPIST-1e,23.0,False,0.0,334.0,310.0,0.0,0.0,True,F,116.0,P,569,1
Europa,False,TRAPPIST-1e,36.0,True,530.0,5085.0,1.0,146.0,872.0,True,C,22.0,S,570,1
Europa,True,55 Cancri e,22.0,False,0.0,0.0,0.0,0.0,0.0,True,C,21.0,P,571,1
Europa,True,TRAPPIST-1e,19.0,False,0.0,0.0,0.0,0.0,0.0,False,C,21.0,P,571,2
Europa,True,TRAPPIST-1e,42.0,False,0.0,0.0,0.0,0.0,0.0,True,C,21.0,P,571,3
Europa,True,Unknown,30.0,False,0.0,0.0,0.0,0.0,0.0,True,C,21.0,P,571,4
Europa,True,55 Cancri e,16.0,False,0.0,0.0,0.0,0.0,0.0,True,C,21.0,P,571,5
Europa,False,TRAPPIST-1e,55.0,False,0.0,1542.0,0.0,1814.0,1568.0,False,C,21.0,P,571,6
Europa,True,TRAPPIST-1e,55.0,False,0.0,0.0,0.0,0.0,0.0,True,C,21.0,P,571,7
Earth,False,TRAPPIST-1e,19.0,False,1911.0,0.0,21.0,854.0,0.0,False,F,105.0,S,572,1
Earth,False,TRAPPIST-1e,28.82793046746535,False,14.0,809.0,25.0,54.0,0.0,False,F,117.0,P,573,1
Europa,True,TRAPPIST-1e,18.0,False,0.0,0.0,0.0,0.0,0.0,True,E,34.0,P,575,1
Earth,False,Unknown,21.0,False,0.0,0.0,625.0,110.0,0.0,False,F,107.0,S,576,1
Earth,False,TRAPPIST-1e,65.0,False,0.0,0.0,521.0,105.0,0.0,False,G,86.0,P,577,1
Earth,False,TRAPPIST-1e,55.0,False,53.0,790.0,37.0,0.0,0.0,True,F,108.0,S,579,1
Earth,False,TRAPPIST-1e,50.0,False,0.0,233.0,0.0,0.0,0.0,False,G,85.0,S,579,2
Earth,True,TRAPPIST-1e,49.0,False,0.0,0.0,0.0,0.0,0.0,True,G,87.0,P,580,1
Earth,False,TRAPPIST-1e,22.0,False,0.0,0.0,601.0,183.0,4.0,False,E,38.0,S,581,1
Mars,True,TRAPPIST-1e,33.0,False,0.0,0.0,0.0,0.0,0.0,True,F,118.0,P,582,1
Mars,True,TRAPPIST-1e,3.0,False,0.0,0.0,0.0,0.0,0.0,True,F,109.0,S,583,1
Mars,True,TRAPPIST-1e,0.0,False,0.0,0.0,0.0,0.0,0.0,True,F,109.0,S,583,2
Mars,True,TRAPPIST-1e,33.0,False,0.0,0.0,0.0,0.0,0.0,True,F,109.0,S,583,3
Mars,True,TRAPPIST-1e,48.0,False,0.0,0.0,0.0,0.0,0.0,True,F,120.0,P,585,1
Mars,True,TRAPPIST-1e,5.0,False,0.0,0.0,0.0,0.0,0.0,True,F,120.0,P,585,2
Mars,False,TRAPPIST-1e,23.0,False,2648.0,0.0,1092.0,0.0,0.0,False,D,22.0,P,585,3
Europa,True,TRAPPIST-1e,53.0,False,0.0,0.0,0.0,0.0,0.0,True,D,23.0,P,586,1
Mars,False,TRAPPIST-1e,18.0,False,5.0,25.0,616.0,0.0,1042.0,False,F,121.0,P,587,1
Earth,True,PSO J318.5-22,20.0,False,0.0,0.0,0.0,0.0,0.0,False,G,89.0,P,588,1
Earth,False,TRAPPIST-1e,23.0,False,234.0,1.0,551.0,0.0,1.0,False,E,35.0,P,589,1
Earth,False,TRAPPIST-1e,48.0,False,801.0,2.0,0.0,1.0,973.0,False,G,90.0,P,590,1
Earth,True,PSO J318.5-22,19.0,False,0.0,0.0,0.0,0.0,0.0,False,G,86.0,S,591,1
Mars,False,TRAPPIST-1e,28.82793046746535,False,43.0,152.0,182.0,1.0,2005.0,False,D,24.0,P,593,1
Earth,False,55 Cancri e,9.0,False,0.0,0.0,0.0,0.0,0.0,False,G,87.0,S,594,1
Unknown,False,TRAPPIST-1e,24.0,False,0.0,4.0,0.0,670.0,113.0,False,E,39.0,S,594,2
Mars,False,TRAPPIST-1e,46.0,False,21.0,0.0,2155.0,422.0,0.0,True,F,123.0,P,596,1
Earth,True,Unknown,23.0,False,0.0,0.0,0.0,0.0,0.0,True,G,91.0,P,597,1
Earth,True,TRAPPIST-1e,21.0,False,0.0,0.0,0.0,0.0,0.0,False,G,91.0,P,597,2
Earth,True,TRAPPIST-1e,19.0,False,0.0,0.0,0.0,0.0,0.0,False,G,89.0,S,598,1
Mars,False,TRAPPIST-1e,0.0,False,0.0,0.0,0.0,0.0,0.0,True,F,124.0,P,599,1
Mars,False,TRAPPIST-1e,4.0,False,0.0,0.0,0.0,0.0,0.0,True,F,124.0,P,599,2
Mars,False,TRAPPIST-1e,26.0,False,1252.0,0.0,46.0,124.0,6.0,False,F,124.0,P,599,3
Mars,True,TRAPPIST-1e,9.0,False,0.0,0.0,0.0,0.0,0.0,True,F,124.0,P,599,4
Europa,False,TRAPPIST-1e,24.0,False,0.0,3385.0,826.0,9.0,793.0,True,C,23.0,S,600,1
Mars,True,TRAPPIST-1e,24.0,False,0.0,0.0,0.0,0.0,0.0,True,F,125.0,P,602,1
Mars,False,TRAPPIST-1e,25.0,False,0.0,0.0,0.0,0.0,0.0,False,E,36.0,P,602,2
Mars,True,TRAPPIST-1e,21.0,False,0.0,0.0,0.0,0.0,0.0,True,F,125.0,P,602,3
Earth,False,TRAPPIST-1e,21.0,False,0.0,0.0,12.0,0.0,747.0,False,F,126.0,P,603,1
Europa,False,TRAPPIST-1e,37.0,False,27.0,654.0,10.0,881.0,9568.0,False,C,22.0,P,607,1
Europa,False,55 Cancri e,44.0,False,434.0,3113.0,19.0,0.0,892.0,False,C,22.0,P,607,2
Europa,False,TRAPPIST-1e,43.0,False,4.0,1111.0,118.0,1852.0,0.0,False,C,22.0,P,607,3
Earth,False,TRAPPIST-1e,7.0,False,0.0,0.0,0.0,0.0,0.0,True,G,94.0,P,608,1
Mars,False,TRAPPIST-1e,33.0,False,149.0,0.0,0.0,0.0,109.0,False,F,128.0,P,609,1
Earth,False,TRAPPIST-1e,24.0,False,0.0,0.0,229.0,502.0,5.0,False,F,129.0,P,610,1
Earth,True,PSO J318.5-22,31.0,False,0.0,0.0,0.0,0.0,0.0,True,G,90.0,S,611,1
Europa,True,TRAPPIST-1e,27.0,True,0.0,0.0,0.0,0.0,0.0,True,B,25.0,P,612,1
Earth,False,TRAPPIST-1e,34.0,False,0.0,0.0,0.0,0.0,0.0,True,G,91.0,S,614,1
Earth,True,TRAPPIST-1e,58.0,False,0.0,0.0,0.0,0.0,0.0,False,G,92.0,S,615,1
Earth,False,TRAPPIST-1e,7.0,False,0.0,0.0,0.0,0.0,0.0,True,G,92.0,S,615,2
Earth,True,55 Cancri e,3.0,False,0.0,0.0,0.0,0.0,0.0,True,G,92.0,S,615,3
Earth,False,55 Cancri e,21.0,False,0.0,0.0,908.0,49.0,0.0,True,G,95.0,P,618,1
Earth,False,PSO J318.5-22,21.0,False,1.0,368.0,0.0,0.0,388.0,False,F,131.0,P,618,2
Europa,True,TRAPPIST-1e,39.0,False,0.0,0.0,0.0,0.0,0.0,True,C,24.0,S,619,1
Europa,True,55 Cancri e,43.0,False,0.0,0.0,0.0,0.0,0.0,True,C,24.0,S,619,2
Earth,True,TRAPPIST-1e,22.0,False,0.0,0.0,0.0,0.0,0.0,True,G,93.0,S,623,1
Earth,False,TRAPPIST-1e,44.0,False,103.0,0.0,18.0,1197.0,1.0,True,F,133.0,P,628,1
Earth,False,TRAPPIST-1e,38.0,False,0.0,0.0,0.0,1018.0,0.0,False,G,96.0,P,629,1
Mars,True,TRAPPIST-1e,32.0,False,0.0,0.0,0.0,0.0,0.0,True,F,112.0,S,630,1
Mars,True,TRAPPIST-1e,55.0,False,0.0,0.0,0.0,0.0,0.0,True,F,113.0,S,631,1
Mars,False,PSO J318.5-22,31.0,True,629.0,0.0,0.0,150.0,0.0,False,D,25.0,P,633,1
Earth,False,TRAPPIST-1e,39.0,False,0.0,1496.0,0.0,140.0,383.0,False,F,135.0,P,634,1
Earth,False,TRAPPIST-1e,35.0,False,0.0,1778.0,0.0,0.0,0.0,True,G,94.0,S,635,1
Earth,False,TRAPPIST-1e,37.0,False,614.0,0.0,50.0,11.0,319.0,False,E,43.0,S,635,2
Earth,False,55 Cancri e,13.0,False,0.0,7.0,0.0,339.0,359.0,False,F,136.0,P,636,1
Earth,False,TRAPPIST-1e,21.0,False,0.0,0.0,7.0,675.0,0.0,False,F,136.0,P,636,2
Mars,False,TRAPPIST-1e,20.0,False,0.0,0.0,0.0,0.0,0.0,False,E,44.0,S,637,1
Europa,True,55 Cancri e,20.0,False,0.0,0.0,0.0,0.0,0.0,True,B,28.0,P,638,1
Earth,False,TRAPPIST-1e,63.0,False,0.0,123.0,956.0,25.0,0.0,True,F,137.0,P,639,1
Earth,False,TRAPPIST-1e,36.0,False,2.0,0.0,0.0,1958.0,19.0,False,F,114.0,S,641,1
Europa,False,55 Cancri e,29.0,False,0.0,3344.0,0.0,118.0,972.0,True,C,25.0,S,642,1
Europa,False,55 Cancri e,36.0,False,0.0,4967.0,82.0,1517.0,575.0,True,C,25.0,S,642,2
Europa,False,TRAPPIST-1e,79.0,False,0.0,0.0,0.0,2210.0,2.0,False,C,25.0,S,642,3
Europa,True,55 Cancri e,30.0,False,0.0,0.0,0.0,0.0,0.0,True,C,25.0,S,642,4
Europa,True,55 Cancri e,30.0,False,0.0,0.0,0.0,0.0,0.0,True,C,25.0,S,642,5
Mars,False,TRAPPIST-1e,19.0,False,1019.0,266.0,141.0,0.0,0.0,True,F,138.0,P,643,1
Europa,True,TRAPPIST-1e,33.0,False,0.0,0.0,0.0,0.0,0.0,True,E,38.0,P,644,1
Earth,False,Unknown,20.0,False,1724.0,0.0,0.0,1.0,0.0,False,G,98.0,P,645,1
Europa,True,55 Cancri e,38.0,False,0.0,0.0,0.0,0.0,0.0,True,C,26.0,S,646,1
Mars,True,TRAPPIST-1e,7.0,False,0.0,0.0,0.0,0.0,0.0,True,F,115.0,S,647,1
Mars,True,TRAPPIST-1e,58.0,False,0.0,0.0,0.0,0.0,0.0,True,F,115.0,S,647,2
Mars,False,TRAPPIST-1e,33.0,False,105.0,0.0,1087.0,0.0,0.0,False,F,115.0,S,647,3
Earth,True,PSO J318.5-22,3.0,False,0.0,0.0,0.0,0.0,0.0,True,G,95.0,S,650,1
Mars,False,TRAPPIST-1e,39.0,False,0.0,0.0,0.0,0.0,0.0,True,E,45.0,S,653,1
Mars,False,TRAPPIST-1e,37.0,False,237.0,2.0,708.0,0.0,0.0,True,E,39.0,P,655,1
Earth,False,TRAPPIST-1e,32.0,False,0.0,0.0,0.0,768.0,3.0,False,G,101.0,P,656,1
Earth,False,TRAPPIST-1e,28.0,False,0.0,863.0,0.0,17.0,0.0,True,F,117.0,S,657,1
Earth,False,TRAPPIST-1e,38.0,False,0.0,8.0,736.0,140.0,0.0,False,G,97.0,S,657,2
Earth,False,PSO J318.5-22,21.0,False,0.0,576.0,1.0,20.0,0.0,False,F,118.0,S,658,1
Earth,True,TRAPPIST-1e,18.0,False,0.0,0.0,0.0,0.0,0.0,True,G,98.0,S,659,1
Earth,True,TRAPPIST-1e,15.0,False,0.0,0.0,0.0,0.0,0.0,False,G,99.0,S,660,1
Europa,False,TRAPPIST-1e,44.0,False,0.0,2506.0,0.0,1360.0,722.0,False,C,23.0,P,661,1
Earth,False,TRAPPIST-1e,44.0,False,86.0,525.0,16.0,49.0,39.0,True,F,140.0,P,663,1
Europa,False,TRAPPIST-1e,36.0,False,0.0,0.0,0.0,4507.0,5689.0,False,E,46.0,S,664,1
Unknown,False,TRAPPIST-1e,28.0,False,0.0,0.0,7104.0,0.0,0.0,True,F,141.0,P,665,1
Mars,False,TRAPPIST-1e,15.0,False,1264.0,0.0,2.0,23.0,0.0,False,F,141.0,P,665,2
Earth,False,TRAPPIST-1e,45.0,False,0.0,25.0,87.0,989.0,482.0,False,F,142.0,P,668,1
Earth,False,TRAPPIST-1e,26.0,False,0.0,530.0,2.0,9.0,403.0,False,F,143.0,P,669,1
Earth,True,PSO J318.5-22,46.0,False,0.0,0.0,0.0,0.0,0.0,True,G,102.0,P,671,1
Earth,False,TRAPPIST-1e,25.0,False,1.0,0.0,38.0,7.0,740.0,False,G,103.0,P,672,1
Earth,True,PSO J318.5-22,46.0,False,0.0,0.0,0.0,0.0,0.0,False,G,101.0,S,674,1
Earth,True,TRAPPIST-1e,15.0,False,0.0,0.0,0.0,0.0,0.0,False,G,102.0,S,677,1
Earth,True,TRAPPIST-1e,37.0,False,0.0,0.0,0.0,0.0,0.0,False,G,103.0,S,678,1
Earth,False,TRAPPIST-1e,20.0,False,0.0,215.0,0.0,541.0,0.0,False,G,104.0,S,679,1
Earth,True,PSO J318.5-22,45.0,False,0.0,0.0,0.0,0.0,0.0,False,G,105.0,P,680,1
Earth,True,TRAPPIST-1e,7.0,False,0.0,0.0,0.0,0.0,0.0,False,G,105.0,P,680,2
Earth,True,TRAPPIST-1e,5.0,False,0.0,0.0,0.0,0.0,0.0,False,G,105.0,P,680,3
Mars,True,TRAPPIST-1e,38.0,False,0.0,0.0,0.0,0.0,0.0,True,F,121.0,S,682,1
Mars,False,TRAPPIST-1e,30.0,False,269.0,96.0,252.0,0.0,0.0,False,F,144.0,P,683,1
Mars,False,TRAPPIST-1e,28.82793046746535,False,0.0,0.0,0.0,0.0,0.0,True,F,145.0,P,684,1
Mars,False,TRAPPIST-1e,0.0,False,0.0,0.0,0.0,0.0,0.0,True,F,145.0,P,684,2
Mars,True,TRAPPIST-1e,20.0,False,0.0,0.0,0.0,0.0,0.0,True,F,145.0,P,684,3
Earth,False,TRAPPIST-1e,41.0,False,1.0,922.0,4.0,55.0,15.0,False,E,41.0,P,685,1
Mars,True,TRAPPIST-1e,18.0,False,0.0,0.0,0.0,0.0,0.0,True,F,146.0,P,686,1
Mars,False,TRAPPIST-1e,29.0,True,3887.0,0.0,0.0,12.0,0.0,False,D,30.0,P,686,2
Mars,False,TRAPPIST-1e,19.0,False,3097.0,0.0,9.0,0.0,213.0,False,D,23.0,S,687,1
Mars,False,TRAPPIST-1e,34.0,False,1973.0,0.0,97.0,41.0,3.0,False,E,48.0,S,688,1
Europa,True,TRAPPIST-1e,36.0,False,0.0,0.0,0.0,0.0,0.0,True,B,25.0,S,689,1
Mars,True,TRAPPIST-1e,54.0,False,0.0,0.0,0.0,0.0,0.0,True,F,122.0,S,690,1
Mars,False,TRAPPIST-1e,19.0,False,164.0,0.0,783.0,0.0,0.0,False,E,49.0,S,691,1
Mars,False,TRAPPIST-1e,21.0,False,505.0,0.0,1952.0,0.0,0.0,False,F,123.0,S,691,2
Mars,True,TRAPPIST-1e,23.0,False,0.0,0.0,0.0,0.0,0.0,True,E,49.0,S,691,3
Europa,True,55 Cancri e,35.0,False,0.0,0.0,0.0,0.0,0.0,True,F,82.0,S,693,1
Europa,False,TRAPPIST-1e,34.0,False,0.0,3488.0,0.0,4343.0,38.0,False,C,27.0,S,693,2
Earth,False,TRAPPIST-1e,22.0,False,0.0,581.0,226.0,74.0,0.0,True,G,107.0,S,696,1
Earth,False,55 Cancri e,24.0,False,21.0,0.0,689.0,12.0,0.0,True,F,147.0,P,697,1
Mars,True,Unknown,18.0,False,0.0,0.0,0.0,0.0,0.0,True,F,126.0,S,699,1
Mars,False,55 Cancri e,24.0,False,2698.0,0.0,301.0,8.0,5.0,False,D,24.0,S,699,2
Europa,True,TRAPPIST-1e,33.0,False,0.0,0.0,0.0,0.0,0.0,True,D,25.0,S,701,1
Earth,False,TRAPPIST-1e,24.0,False,121.0,237.0,4.0,387.0,54.0,False,F,127.0,S,702,1
Earth,True,TRAPPIST-1e,18.0,False,0.0,0.0,0.0,0.0,0.0,True,G,108.0,S,703,1
Earth,True,TRAPPIST-1e,19.0,False,0.0,0.0,0.0,0.0,0.0,True,G,107.0,P,704,1
Earth,False,55 Cancri e,43.0,False,0.0,0.0,722.0,0.0,0.0,True,F,149.0,P,705,1
Earth,True,TRAPPIST-1e,44.0,False,0.0,0.0,0.0,0.0,0.0,True,G,109.0,S,707,1
Europa,False,55 Cancri e,25.0,False,0.0,4949.0,0.0,452.0,15.0,True,A,7.0,S,709,1
Europa,True,55 Cancri e,25.0,False,0.0,0.0,0.0,0.0,0.0,True,A,7.0,S,709,2
Europa,True,55 Cancri e,23.0,False,0.0,0.0,0.0,0.0,0.0,True,F,82.0,S,709,3
Mars,False,TRAPPIST-1e,23.0,False,1695.0,0.0,0.0,31.0,349.0,False,E,42.0,P,710,1
Mars,False,TRAPPIST-1e,20.0,False,457.0,0.0,170.0,1132.0,0.0,False,F,150.0,P,712,1
Mars,False,TRAPPIST-1e,2.0,False,0.0,0.0,0.0,0.0,0.0,True,F,150.0,P,712,2
Earth,False,TRAPPIST-1e,26.0,False,1577.0,2.0,0.0,30.0,0.0,False,E,50.0,S,713,1
Earth,True,PSO J318.5-22,38.0,False,0.0,0.0,0.0,0.0,0.0,True,G,109.0,P,714,1
Earth,False,TRAPPIST-1e,1.0,False,0.0,0.0,0.0,0.0,0.0,False,G,109.0,P,714,2
Earth,False,Unknown,12.0,False,0.0,0.0,0.0,0.0,0.0,True,G,109.0,P,714,3
Earth,True,PSO J318.5-22,2.0,False,0.0,0.0,0.0,0.0,0.0,False,G,109.0,P,714,4
Earth,True,PSO J318.5-22,25.0,False,0.0,0.0,0.0,0.0,0.0,False,G,109.0,P,714,5
Earth,True,55 Cancri e,1.0,False,0.0,0.0,0.0,0.0,0.0,True,G,109.0,P,714,6
Earth,True,55 Cancri e,0.0,False,0.0,0.0,0.0,0.0,0.0,True,G,109.0,P,714,7
Europa,False,55 Cancri e,54.0,False,0.0,0.0,0.0,0.0,0.0,True,F,82.0,S,715,1
Earth,False,TRAPPIST-1e,21.0,False,521.0,0.0,4.0,261.0,1.0,False,E,43.0,P,718,1
Mars,False,TRAPPIST-1e,19.0,False,0.0,0.0,0.0,0.0,0.0,False,E,44.0,P,719,1
Earth,False,PSO J318.5-22,24.0,False,0.0,23.0,0.0,184.0,2566.0,False,F,132.0,S,724,1
Earth,True,TRAPPIST-1e,20.0,False,0.0,0.0,0.0,0.0,0.0,False,G,111.0,P,726,1
Earth,False,TRAPPIST-1e,23.0,False,139.0,0.0,1.0,152.0,354.0,True,F,133.0,S,727,1
Earth,False,55 Cancri e,29.0,False,0.0,0.0,2.0,786.0,594.0,True,F,134.0,S,728,1
Earth,False,TRAPPIST-1e,14.0,False,7.0,781.0,0.0,0.0,0.0,True,E,53.0,S,729,1
Earth,False,TRAPPIST-1e,19.0,False,0.0,714.0,2.0,0.0,0.0,False,F,82.0,S,732,1
Earth,False,55 Cancri e,23.0,False,0.0,38.0,88.0,4.0,561.0,False,F,153.0,P,733,1
Earth,False,TRAPPIST-1e,62.0,False,712.0,2.0,322.0,0.0,517.0,False,F,154.0,P,734,1
Earth,False,TRAPPIST-1e,23.0,False,0.0,0.0,484.0,188.0,0.0,False,F,156.0,P,736,1
Europa,False,55 Cancri e,65.0,False,0.0,835.0,0.0,38.0,0.0,False,C,28.0,S,737,1
Mars,False,TRAPPIST-1e,47.0,False,0.0,0.0,0.0,0.0,0.0,True,F,157.0,P,738,1
Europa,False,55 Cancri e,67.0,False,76.0,16.0,0.0,2247.0,1166.0,False,C,24.0,P,740,1
Europa,True,55 Cancri e,14.0,False,0.0,0.0,0.0,0.0,0.0,True,C,24.0,P,740,2
Europa,False,TRAPPIST-1e,41.0,False,3594.0,3425.0,0.0,0.0,58.0,False,C,24.0,P,740,3
Earth,True,TRAPPIST-1e,14.0,False,0.0,0.0,0.0,0.0,0.0,True,G,111.0,S,743,1
Earth,True,TRAPPIST-1e,19.0,False,0.0,0.0,0.0,0.0,0.0,False,G,112.0,S,746,1
Earth,False,55 Cancri e,22.0,False,15.0,142.0,0.0,41.0,493.0,False,F,140.0,S,750,1
Europa,True,Unknown,34.0,False,0.0,0.0,0.0,0.0,0.0,True,A,4.0,P,753,1
Europa,False,55 Cancri e,65.0,False,19.0,1344.0,4.0,3190.0,8.0,False,A,4.0,P,753,2
Europa,True,55 Cancri e,42.0,False,0.0,0.0,0.0,0.0,0.0,True,F,82.0,S,753,3
Europa,True,55 Cancri e,22.0,False,0.0,0.0,0.0,0.0,0.0,True,D,31.0,P,754,1
Europa,True,55 Cancri e,54.0,False,0.0,0.0,0.0,0.0,0.0,True,B,27.0,S,756,1
Europa,False,TRAPPIST-1e,34.0,False,47.0,287.0,0.0,4302.0,0.0,False,B,27.0,S,756,2
Europa,True,TRAPPIST-1e,27.0,False,0.0,0.0,0.0,0.0,0.0,True,B,27.0,S,756,3
Mars,False,55 Cancri e,67.0,False,1.0,0.0,5.0,1022.0,151.0,False,D,33.0,P,757,1
Europa,False,Unknown,33.0,False,0.0,3879.0,0.0,48.0,67.0,True,C,26.0,P,761,1
Earth,True,PSO J318.5-22,30.0,False,0.0,0.0,0.0,0.0,0.0,False,G,114.0,S,762,1
Earth,False,TRAPPIST-1e,22.0,False,0.0,0.0,0.0,0.0,0.0,False,G,115.0,S,764,1
Mars,False,PSO J318.5-22,35.0,False,1248.0,0.0,55.0,12.0,0.0,True,F,142.0,S,765,1
Mars,False,TRAPPIST-1e,23.0,False,755.0,0.0,121.0,0.0,0.0,False,F,142.0,S,765,2
Earth,False,TRAPPIST-1e,49.0,False,0.0,6.0,679.0,15.0,187.0,False,G,116.0,S,767,1
Europa,False,55 Cancri e,36.0,False,29.0,12180.0,0.0,93.0,17306.0,False,B,32.0,P,768,1
Europa,True,TRAPPIST-1e,31.0,False,0.0,0.0,0.0,0.0,0.0,True,B,32.0,P,768,2
Europa,True,55 Cancri e,54.0,False,0.0,0.0,0.0,0.0,0.0,True,B,28.0,S,769,1
Earth,True,TRAPPIST-1e,0.0,False,0.0,0.0,0.0,0.0,0.0,False,G,117.0,S,770,1
Earth,False,TRAPPIST-1e,28.82793046746535,False,0.0,715.0,0.0,170.0,0.0,False,G,117.0,S,770,2
Earth,False,TRAPPIST-1e,54.0,False,0.0,0.0,0.0,0.0,0.0,False,G,117.0,S,770,3
Earth,True,PSO J318.5-22,10.0,False,0.0,0.0,0.0,0.0,0.0,False,G,117.0,S,770,4
Earth,False,55 Cancri e,0.0,False,0.0,0.0,0.0,0.0,0.0,True,G,117.0,S,770,5
Earth,True,PSO J318.5-22,7.0,False,0.0,0.0,0.0,0.0,0.0,True,G,117.0,S,770,6
Earth,True,TRAPPIST-1e,25.0,False,0.0,0.0,0.0,0.0,0.0,False,G,112.0,P,771,1
Europa,False,55 Cancri e,37.0,False,0.0,16.0,325.0,4476.0,1359.0,False,E,56.0,S,772,1
Europa,True,55 Cancri e,15.0,False,0.0,0.0,0.0,0.0,0.0,True,E,56.0,S,772,2
Unknown,True,TRAPPIST-1e,26.0,False,0.0,0.0,0.0,0.0,0.0,True,E,56.0,S,772,3
Europa,False,55 Cancri e,7.0,False,0.0,0.0,0.0,0.0,0.0,True,E,56.0,S,772,4
Earth,False,TRAPPIST-1e,30.0,False,558.0,4.0,0.0,175.0,0.0,False,F,143.0,S,773,1
Earth,False,TRAPPIST-1e,19.0,False,0.0,2.0,1399.0,0.0,18.0,True,F,161.0,P,776,1
Europa,False,TRAPPIST-1e,30.0,False,0.0,3004.0,0.0,1018.0,0.0,False,A,5.0,P,777,1
Earth,False,Unknown,21.0,False,562.0,2.0,0.0,0.0,11.0,False,F,162.0,P,779,1
Earth,False,PSO J318.5-22,21.0,False,14.0,33.0,0.0,3.0,467.0,False,G,118.0,S,781,1
Mars,True,TRAPPIST-1e,59.0,False,0.0,0.0,0.0,0.0,0.0,True,F,163.0,P,782,1
Europa,True,55 Cancri e,28.0,False,0.0,0.0,0.0,0.0,0.0,True,C,33.0,S,784,1
Earth,False,TRAPPIST-1e,32.0,False,713.0,0.0,2.0,0.0,1.0,False,F,165.0,P,785,1
Earth,True,TRAPPIST-1e,19.0,False,0.0,0.0,0.0,0.0,0.0,True,G,113.0,P,786,1
Earth,True,TRAPPIST-1e,7.0,False,0.0,0.0,0.0,0.0,0.0,False,G,114.0,P,787,1
Earth,False,55 Cancri e,16.0,False,797.0,0.0,0.0,0.0,0.0,False,F,166.0,P,788,1
Europa,False,TRAPPIST-1e,31.0,True,0.0,166.0,4.0,2177.0,342.0,False,A,8.0,S,789,1
Europa,False,TRAPPIST-1e,30.0,False,0.0,142.0,870.0,89.0,3497.0,False,A,8.0,S,789,2
Europa,True,TRAPPIST-1e,26.0,False,0.0,0.0,0.0,0.0,0.0,True,A,8.0,S,789,3
Earth,True,PSO J318.5-22,20.0,False,0.0,0.0,0.0,0.0,0.0,True,G,119.0,S,790,1
Earth,True,PSO J318.5-22,24.0,False,0.0,0.0,0.0,0.0,0.0,False,G,115.0,P,791,1
Earth,False,PSO J318.5-22,39.0,False,0.0,0.0,0.0,7.0,766.0,False,G,117.0,P,793,1
Mars,False,55 Cancri e,19.0,False,0.0,0.0,0.0,0.0,0.0,True,F,144.0,S,794,1
Mars,True,55 Cancri e,27.0,False,0.0,0.0,0.0,0.0,0.0,True,F,144.0,S,794,2
Earth,False,TRAPPIST-1e,34.0,False,0.0,0.0,0.0,874.0,0.0,False,F,145.0,S,795,1
Europa,True,55 Cancri e,28.0,False,0.0,0.0,0.0,0.0,0.0,True,D,28.0,S,796,1
Earth,False,TRAPPIST-1e,29.0,False,0.0,0.0,0.0,0.0,645.0,False,F,146.0,S,797,1
Mars,True,PSO J318.5-22,38.0,False,0.0,0.0,0.0,0.0,0.0,True,F,147.0,S,798,1
Europa,False,55 Cancri e,28.82793046746535,False,0.0,3462.0,5.0,1590.0,4.0,False,A,6.0,P,799,1
Mars,True,TRAPPIST-1e,1.0,False,0.0,0.0,0.0,0.0,0.0,True,F,148.0,S,802,1
Europa,False,55 Cancri e,36.0,True,0.0,13248.0,100.0,1953.0,1.0,True,C,29.0,P,805,1
Earth,False,TRAPPIST-1e,31.0,False,183.0,0.0,32.0,0.0,1171.0,False,F,149.0,S,806,1
Earth,False,TRAPPIST-1e,1.0,False,0.0,0.0,0.0,0.0,0.0,True,G,120.0,S,806,2
Earth,False,TRAPPIST-1e,31.0,False,159.0,110.0,701.0,0.0,10.0,False,E,57.0,S,808,1
Mars,False,TRAPPIST-1e,10.0,False,0.0,0.0,0.0,0.0,0.0,True,F,151.0,S,809,1
Mars,False,TRAPPIST-1e,28.82793046746535,False,1227.0,42.0,1.0,0.0,0.0,False,F,151.0,S,809,2
Mars,False,TRAPPIST-1e,42.0,False,836.0,0.0,51.0,304.0,0.0,False,F,151.0,S,809,3
Mars,False,TRAPPIST-1e,0.0,False,0.0,0.0,0.0,0.0,0.0,True,F,151.0,S,809,4
Mars,False,PSO J318.5-22,41.0,False,1209.0,0.0,0.0,0.0,833.0,False,F,152.0,S,811,1
Mars,True,TRAPPIST-1e,0.0,False,0.0,0.0,0.0,0.0,0.0,True,F,152.0,S,811,2
Mars,False,TRAPPIST-1e,0.0,False,0.0,0.0,0.0,0.0,0.0,True,F,152.0,S,811,3
Mars,True,TRAPPIST-1e,59.0,False,0.0,0.0,0.0,0.0,0.0,True,F,169.0,P,813,1
Earth,False,TRAPPIST-1e,13.0,False,2.0,1.0,30.0,0.0,0.0,False,E,59.0,S,815,1
Europa,False,55 Cancri e,24.0,False,0.0,284.0,0.0,4614.0,438.0,False,E,60.0,S,816,1
Earth,True,TRAPPIST-1e,20.0,False,0.0,0.0,0.0,0.0,0.0,False,G,119.0,P,817,1
Europa,False,TRAPPIST-1e,71.0,True,0.0,0.0,0.0,0.0,0.0,True,B,29.0,S,818,1
Earth,True,PSO J318.5-22,23.0,False,0.0,0.0,0.0,0.0,0.0,True,G,121.0,S,819,1
Earth,False,55 Cancri e,15.0,False,0.0,59.0,714.0,0.0,3.0,True,F,154.0,S,820,1
Earth,False,TRAPPIST-1e,18.0,False,751.0,0.0,0.0,0.0,0.0,False,G,122.0,S,820,2
Earth,False,TRAPPIST-1e,19.0,False,0.0,561.0,10.0,0.0,161.0,True,F,156.0,S,822,1
Earth,True,55 Cancri e,4.0,False,0.0,0.0,0.0,0.0,0.0,True,G,123.0,S,823,1
Earth,False,55 Cancri e,42.0,False,0.0,0.0,739.0,0.0,0.0,True,F,82.0,S,823,2
Mars,False,TRAPPIST-1e,51.0,False,815.0,0.0,343.0,55.0,0.0,False,F,158.0,S,824,1
Earth,True,TRAPPIST-1e,13.0,False,0.0,0.0,0.0,0.0,0.0,True,G,120.0,P,825,1
Earth,False,TRAPPIST-1e,27.0,False,174.0,653.0,0.0,0.0,0.0,True,F,82.0,S,826,1
Earth,False,TRAPPIST-1e,42.0,False,786.0,0.0,22.0,59.0,0.0,False,F,159.0,S,828,1
Earth,False,TRAPPIST-1e,41.0,False,324.0,2.0,0.0,7.0,26.0,True,F,159.0,S,828,2
Earth,False,PSO J318.5-22,21.0,False,15.0,0.0,2695.0,2.0,0.0,True,F,170.0,P,829,1
Earth,False,TRAPPIST-1e,31.0,False,14.0,5.0,0.0,795.0,0.0,True,F,171.0,P,830,1
Europa,True,55 Cancri e,36.0,False,0.0,0.0,0.0,0.0,0.0,True,F,82.0,S,833,1
Earth,False,TRAPPIST-1e,31.0,False,0.0,0.0,0.0,838.0,27.0,False,F,173.0,P,834,1
Earth,False,55 Cancri e,14.0,False,77.0,0.0,9.0,424.0,166.0,False,G,124.0,S,835,1
Mars,False,PSO J318.5-22,32.0,True,494.0,701.0,71.0,0.0,0.0,False,F,160.0,S,836,1
Europa,False,TRAPPIST-1e,32.0,False,0.0,179.0,0.0,0.0,5152.0,False,B,30.0,S,839,1
Earth,False,TRAPPIST-1e,27.0,False,663.0,1111.0,0.0,0.0,2.0,False,G,123.0,P,840,1
Europa,False,55 Cancri e,57.0,False,2651.0,2956.0,0.0,266.0,1300.0,False,B,31.0,S,845,1
Earth,True,TRAPPIST-1e,13.0,False,0.0,0.0,0.0,0.0,0.0,False,G,125.0,S,846,1
Mars,True,TRAPPIST-1e,30.0,False,0.0,0.0,0.0,0.0,0.0,True,F,175.0,P,848,1
Mars,True,TRAPPIST-1e,14.0,False,0.0,0.0,0.0,0.0,0.0,True,F,175.0,P,848,2
Europa,False,TRAPPIST-1e,27.0,False,0.0,0.0,0.0,0.0,0.0,True,B,32.0,S,849,1
Europa,True,55 Cancri e,32.0,False,0.0,0.0,0.0,0.0,0.0,True,B,32.0,S,849,2
Mars,True,TRAPPIST-1e,54.0,False,0.0,0.0,0.0,0.0,0.0,True,E,62.0,S,850,1
Earth,False,55 Cancri e,23.0,False,217.0,378.0,19.0,1.0,12.0,False,F,176.0,P,851,1
Unknown,True,55 Cancri e,38.0,False,0.0,0.0,0.0,0.0,0.0,True,A,9.0,S,853,1
Earth,True,TRAPPIST-1e,32.0,False,0.0,0.0,0.0,0.0,0.0,True,G,127.0,S,859,1
Earth,False,TRAPPIST-1e,24.0,False,34.0,7.0,320.0,0.0,427.0,False,E,48.0,P,860,1
Earth,True,TRAPPIST-1e,36.0,False,0.0,0.0,0.0,0.0,0.0,False,G,129.0,S,863,1
Earth,False,TRAPPIST-1e,11.0,False,0.0,0.0,0.0,0.0,0.0,False,G,129.0,S,863,2
Earth,True,TRAPPIST-1e,6.0,False,0.0,0.0,0.0,0.0,0.0,False,G,129.0,S,863,3
Europa,True,55 Cancri e,36.0,False,0.0,0.0,0.0,0.0,0.0,True,B,35.0,S,865,1
Europa,True,55 Cancri e,22.0,False,0.0,0.0,0.0,0.0,0.0,True,B,35.0,S,865,2
Earth,False,TRAPPIST-1e,28.82793046746535,False,2.0,850.0,18.0,2.0,0.0,False,F,163.0,S,867,1
Earth,True,TRAPPIST-1e,37.0,False,0.0,0.0,0.0,0.0,0.0,True,G,130.0,S,868,1
Earth,False,TRAPPIST-1e,55.0,False,280.0,0.0,444.0,0.0,0.0,False,F,164.0,S,869,1
Earth,False,PSO J318.5-22,28.82793046746535,False,112.0,473.0,0.0,92.0,0.0,False,G,126.0,P,870,1
Europa,False,TRAPPIST-1e,20.0,False,2.0,4754.0,0.0,246.0,31.0,True,A,10.0,S,871,1
Earth,False,TRAPPIST-1e,16.0,False,0.0,0.0,32.0,2529.0,92.0,False,F,180.0,P,873,1
Earth,False,TRAPPIST-1e,19.0,False,0.0,162.0,540.0,0.0,0.0,False,F,165.0,S,874,1
Earth,False,TRAPPIST-1e,38.0,False,0.0,0.0,0.0,0.0,0.0,False,G,131.0,S,875,1
Earth,False,TRAPPIST-1e,35.0,False,12.0,687.0,46.0,2.0,0.0,False,F,166.0,S,876,1
Europa,True,55 Cancri e,33.0,False,0.0,0.0,0.0,0.0,0.0,True,C,30.0,P,877,1
Mars,False,PSO J318.5-22,37.0,True,381.0,0.0,3.0,447.0,0.0,False,D,31.0,S,878,1
Earth,False,TRAPPIST-1e,46.0,False,784.0,0.0,0.0,0.0,4.0,False,F,82.0,S,879,1
Europa,False,TRAPPIST-1e,41.0,False,3103.0,3.0,0.0,31.0,26.0,False,D,32.0,S,881,1
Earth,False,TRAPPIST-1e,13.0,False,875.0,5.0,10.0,18.0,0.0,False,G,127.0,P,883,1
Earth,True,TRAPPIST-1e,31.0,False,0.0,0.0,0.0,0.0,0.0,False,G,133.0,S,885,1
Earth,True,55 Cancri e,52.0,False,0.0,0.0,0.0,0.0,0.0,True,G,133.0,S,885,2
Europa,False,TRAPPIST-1e,48.0,False,0.0,0.0,0.0,0.0,0.0,False,C,32.0,P,889,1
Europa,False,55 Cancri e,27.0,False,1.0,12804.0,0.0,10.0,52.0,True,C,32.0,P,889,2
Mars,False,TRAPPIST-1e,16.0,False,172.0,0.0,338.0,9.0,0.0,False,F,184.0,P,890,1
Earth,True,55 Cancri e,32.0,False,0.0,0.0,0.0,0.0,0.0,True,G,129.0,P,893,1
Earth,True,TRAPPIST-1e,25.0,False,0.0,0.0,0.0,0.0,0.0,False,G,134.0,S,898,1
Earth,False,TRAPPIST-1e,26.0,False,0.0,0.0,716.0,0.0,1.0,True,F,187.0,P,899,1
Earth,True,TRAPPIST-1e,44.0,False,0.0,0.0,0.0,0.0,0.0,False,G,130.0,P,899,2
Mars,False,TRAPPIST-1e,32.0,False,47.0,0.0,2552.0,0.0,0.0,True,F,167.0,S,901,1
Earth,False,TRAPPIST-1e,18.0,False,200.0,124.0,0.0,413.0,0.0,True,F,188.0,P,902,1
Earth,True,55 Cancri e,23.0,False,0.0,0.0,0.0,0.0,0.0,False,G,135.0,S,903,1
Europa,False,TRAPPIST-1e,44.0,False,0.0,2792.0,0.0,148.0,1043.0,False,C,33.0,P,904,1
Mars,False,PSO J318.5-22,29.0,False,4.0,0.0,421.0,435.0,19.0,False,D,38.0,P,905,1
Earth,False,55 Cancri e,19.0,False,0.0,388.0,469.0,0.0,0.0,True,F,168.0,S,906,1
Europa,False,55 Cancri e,41.0,False,0.0,5738.0,7.0,9038.0,28.0,False,B,34.0,P,907,1
Europa,False,TRAPPIST-1e,28.0,False,0.0,1736.0,0.0,145.0,634.0,False,B,34.0,P,907,2
Earth,True,TRAPPIST-1e,19.0,False,0.0,0.0,0.0,0.0,0.0,True,G,137.0,S,910,1
Mars,False,TRAPPIST-1e,32.0,True,2492.0,0.0,0.0,136.0,4.0,False,F,189.0,P,911,1
Unknown,False,TRAPPIST-1e,74.0,False,853.0,0.0,543.0,31.0,0.0,True,F,189.0,P,911,2
Europa,False,TRAPPIST-1e,31.0,False,0.0,7461.0,0.0,369.0,450.0,True,B,37.0,S,912,1
Europa,False,55 Cancri e,38.0,False,0.0,172.0,0.0,5907.0,34.0,False,E,51.0,P,913,1
Earth,False,TRAPPIST-1e,20.0,False,157.0,0.0,0.0,544.0,3.0,False,G,138.0,S,915,1
Earth,False,TRAPPIST-1e,24.0,False,47.0,0.0,10.0,139.0,1406.0,False,E,66.0,S,918,1
Earth,False,PSO J318.5-22,26.0,False,18.0,84.0,93.0,886.0,289.0,False,F,190.0,P,919,1
Earth,True,PSO J318.5-22,44.0,False,0.0,0.0,0.0,0.0,0.0,False,G,139.0,S,921,1
Europa,True,55 Cancri e,33.0,False,0.0,0.0,0.0,0.0,0.0,True,B,35.0,P,922,1
Europa,False,55 Cancri e,31.0,False,0.0,1095.0,0.0,169.0,1226.0,False,B,35.0,P,922,2
Europa,False,55 Cancri e,28.82793046746535,False,0.0,7767.0,0.0,15.0,2453.0,True,C,38.0,S,923,1
Europa,True,TRAPPIST-1e,22.0,False,0.0,0.0,0.0,0.0,0.0,True,B,38.0,S,923,2
Earth,False,TRAPPIST-1e,33.0,False,13.0,0.0,984.0,0.0,0.0,False,E,67.0,S,924,1
Mars,False,TRAPPIST-1e,34.0,False,379.0,0.0,1626.0,0.0,0.0,False,F,191.0,P,925,1
Mars,True,TRAPPIST-1e,11.0,False,0.0,0.0,0.0,0.0,0.0,True,F,191.0,P,925,2
Mars,True,TRAPPIST-1e,41.0,False,0.0,0.0,0.0,0.0,0.0,True,F,191.0,P,925,3
Europa,False,55 Cancri e,30.0,False,0.0,7992.0,0.0,507.0,25.0,True,B,39.0,S,926,1
Europa,False,TRAPPIST-1e,30.0,False,0.0,760.0,234.0,2761.0,81.0,False,B,39.0,S,926,2
Earth,False,TRAPPIST-1e,25.0,False,0.0,0.0,699.0,43.0,22.0,False,G,140.0,S,927,1
Earth,True,PSO J318.5-22,31.0,False,0.0,0.0,0.0,0.0,0.0,True,G,133.0,P,928,1
Earth,False,TRAPPIST-1e,38.0,False,646.0,0.0,0.0,135.0,260.0,False,F,192.0,P,930,1
Earth,True,TRAPPIST-1e,15.0,False,0.0,0.0,0.0,0.0,0.0,True,G,134.0,P,930,2
Earth,False,TRAPPIST-1e,19.0,False,0.0,0.0,115.0,126.0,491.0,True,F,193.0,P,931,1
Mars,True,TRAPPIST-1e,29.0,False,0.0,0.0,0.0,0.0,0.0,True,F,82.0,S,932,1
Europa,False,TRAPPIST-1e,30.0,False,14.0,12045.0,0.0,2121.0,0.0,True,C,35.0,P,933,1
Europa,False,TRAPPIST-1e,29.0,False,0.0,1127.0,0.0,1867.0,1070.0,False,C,35.0,P,933,2
Earth,False,TRAPPIST-1e,36.0,False,0.0,11.0,0.0,18.0,872.0,False,F,194.0,P,935,1
Earth,False,TRAPPIST-1e,24.0,False,174.0,0.0,0.0,630.0,0.0,False,F,172.0,S,938,1
Earth,False,TRAPPIST-1e,30.0,False,0.0,0.0,871.0,0.0,0.0,True,E,68.0,S,938,2
Earth,False,TRAPPIST-1e,0.0,False,0.0,0.0,0.0,0.0,0.0,True,G,143.0,S,938,3
Earth,True,Unknown,15.0,False,0.0,0.0,0.0,0.0,0.0,True,G,135.0,P,939,1
Earth,False,TRAPPIST-1e,38.0,False,55.0,741.0,0.0,0.0,13.0,True,G,136.0,P,940,1
Earth,False,TRAPPIST-1e,13.0,False,0.0,7.0,0.0,1175.0,0.0,False,F,195.0,P,941,1
Mars,False,TRAPPIST-1e,18.0,False,594.0,0.0,555.0,0.0,0.0,False,F,196.0,P,942,1
Earth,False,TRAPPIST-1e,16.0,False,891.0,0.0,831.0,0.0,0.0,False,G,137.0,P,944,1
Earth,False,55 Cancri e,8.0,False,0.0,0.0,0.0,0.0,0.0,False,G,137.0,P,944,2
Earth,False,TRAPPIST-1e,19.0,False,72.0,5.0,0.0,342.0,188.0,True,F,198.0,P,946,1
Earth,False,55 Cancri e,26.0,False,0.0,474.0,0.0,0.0,201.0,False,G,138.0,P,947,1
Earth,True,55 Cancri e,15.0,False,0.0,0.0,0.0,0.0,0.0,True,G,140.0,P,949,1
Earth,True,PSO J318.5-22,38.0,False,0.0,0.0,0.0,0.0,0.0,True,G,144.0,S,951,1
Mars,False,TRAPPIST-1e,45.0,False,877.0,0.0,1383.0,0.0,0.0,False,F,175.0,S,952,1
Earth,False,PSO J318.5-22,48.0,False,0.0,306.0,3.0,0.0,359.0,False,F,199.0,P,953,1
Earth,True,55 Cancri e,17.0,False,0.0,0.0,0.0,0.0,0.0,False,G,145.0,S,955,1
Earth,False,TRAPPIST-1e,28.0,False,0.0,631.0,0.0,5.0,0.0,True,E,70.0,S,956,1
Mars,True,TRAPPIST-1e,41.0,False,0.0,0.0,0.0,0.0,0.0,True,F,201.0,P,957,1
Earth,False,TRAPPIST-1e,19.0,False,3.0,0.0,0.0,0.0,788.0,False,E,72.0,S,960,1
Earth,False,55 Cancri e,14.0,False,0.0,885.0,8.0,0.0,0.0,True,G,141.0,P,961,1
Europa,True,TRAPPIST-1e,21.0,False,0.0,0.0,0.0,0.0,0.0,True,B,36.0,P,964,1
Europa,True,TRAPPIST-1e,48.0,False,0.0,0.0,0.0,0.0,0.0,True,B,36.0,P,964,2
Mars,False,TRAPPIST-1e,19.0,False,631.0,0.0,834.0,304.0,0.0,False,F,178.0,S,965,1
Earth,False,TRAPPIST-1e,29.0,False,1377.0,0.0,0.0,167.0,0.0,False,F,179.0,S,966,1
Earth,False,TRAPPIST-1e,20.0,False,792.0,0.0,0.0,0.0,0.0,False,E,53.0,P,968,1
Mars,True,TRAPPIST-1e,44.0,False,0.0,0.0,0.0,0.0,0.0,True,F,202.0,P,969,1
Earth,True,TRAPPIST-1e,19.0,False,0.0,0.0,0.0,0.0,0.0,True,G,142.0,P,970,1
Earth,True,TRAPPIST-1e,64.0,False,0.0,0.0,0.0,0.0,0.0,False,G,143.0,P,971,1
Earth,False,TRAPPIST-1e,21.0,False,0.0,314.0,323.0,1026.0,6.0,False,E,54.0,P,972,1
Earth,False,55 Cancri e,32.0,False,58.0,317.0,448.0,3.0,0.0,True,E,56.0,P,975,1
Earth,True,TRAPPIST-1e,20.0,False,0.0,0.0,0.0,0.0,0.0,False,G,146.0,S,976,1
Earth,False,TRAPPIST-1e,24.0,False,0.0,32.0,8.0,0.0,0.0,False,F,203.0,P,978,1
Europa,False,Unknown,44.0,False,0.0,0.0,0.0,0.0,0.0,True,B,40.0,S,979,1
Earth,True,PSO J318.5-22,57.0,False,0.0,0.0,0.0,0.0,0.0,True,G,145.0,P,982,1
Earth,False,TRAPPIST-1e,51.0,False,0.0,0.0,4.0,0.0,0.0,False,G,145.0,P,982,2
Earth,True,55 Cancri e,34.0,False,0.0,0.0,0.0,0.0,0.0,True,G,149.0,S,983,1
Earth,False,TRAPPIST-1e,45.0,False,0.0,1.0,13.0,0.0,873.0,False,G,150.0,S,984,1
Earth,False,TRAPPIST-1e,24.0,False,0.0,0.0,718.0,0.0,0.0,False,F,182.0,S,984,2
Earth,False,TRAPPIST-1e,23.0,False,0.0,0.0,490.0,0.0,319.0,False,G,150.0,S,984,3
Earth,True,TRAPPIST-1e,30.0,False,0.0,0.0,0.0,0.0,0.0,True,G,150.0,S,984,4
Earth,False,55 Cancri e,20.0,False,0.0,11.0,0.0,136.0,1088.0,False,F,182.0,S,984,5
Earth,True,TRAPPIST-1e,22.0,False,0.0,0.0,0.0,0.0,0.0,True,G,150.0,S,984,6
Earth,True,PSO J318.5-22,28.82793046746535,False,0.0,0.0,0.0,0.0,0.0,False,G,150.0,S,984,7
Earth,True,TRAPPIST-1e,71.0,False,0.0,0.0,0.0,0.0,0.0,True,G,150.0,S,984,8
Earth,False,55 Cancri e,18.0,False,6.0,0.0,0.0,12.0,704.0,True,E,57.0,P,985,1
Earth,False,TRAPPIST-1e,16.0,False,3.0,0.0,35.0,150.0,478.0,False,F,204.0,P,987,1
Unknown,False,TRAPPIST-1e,28.0,False,0.0,3.0,906.0,0.0,0.0,False,G,151.0,S,988,1
Earth,False,TRAPPIST-1e,36.0,False,1.0,784.0,0.0,55.0,149.0,True,E,73.0,S,988,2
Earth,False,TRAPPIST-1e,6.0,False,0.0,0.0,0.0,0.0,0.0,False,G,146.0,P,989,1
Earth,False,PSO J318.5-22,26.0,False,0.0,541.0,46.0,4.0,96.0,False,F,183.0,S,990,1
Earth,True,TRAPPIST-1e,27.0,False,0.0,0.0,0.0,0.0,0.0,False,G,152.0,S,991,1
Europa,False,TRAPPIST-1e,49.0,False,31.0,2727.0,0.0,184.0,135.0,True,D,35.0,S,992,1
Europa,False,TRAPPIST-1e,29.0,False,387.0,942.0,0.0,9927.0,1341.0,False,D,35.0,S,992,2
Europa,False,55 Cancri e,46.0,False,1192.0,1736.0,17.0,21.0,0.0,True,D,35.0,S,992,3
Europa,False,55 Cancri e,35.0,True,8030.0,300.0,0.0,0.0,1436.0,False,F,82.0,S,992,4
Europa,True,55 Cancri e,17.0,False,0.0,0.0,0.0,0.0,0.0,True,D,35.0,S,992,5
Europa,False,55 Cancri e,37.0,False,4301.0,791.0,0.0,1748.0,91.0,False,D,35.0,S,992,6
Earth,False,55 Cancri e,24.0,False,252.0,0.0,0.0,449.0,0.0,False,F,184.0,S,993,1
Earth,True,TRAPPIST-1e,47.0,False,0.0,0.0,0.0,0.0,0.0,False,G,153.0,S,994,1
Earth,False,TRAPPIST-1e,26.0,False,621.0,1.0,98.0,11.0,135.0,False,F,185.0,S,994,2
Europa,True,55 Cancri e,46.0,False,0.0,0.0,0.0,0.0,0.0,True,C,36.0,P,995,1
Mars,False,TRAPPIST-1e,27.0,False,253.0,0.0,880.0,22.0,2.0,False,F,186.0,S,997,1
Europa,False,TRAPPIST-1e,56.0,False,0.0,7447.0,0.0,253.0,35.0,True,C,37.0,P,998,1
Mars,False,Unknown,18.0,False,885.0,0.0,32.0,0.0,0.0,False,D,39.0,P,1000,1
Earth,True,TRAPPIST-1e,15.0,False,0.0,0.0,0.0,0.0,0.0,False,G,154.0,S,1001,1
Mars,False,55 Cancri e,3.0,False,0.0,0.0,0.0,0.0,0.0,True,F,187.0,S,1002,1
Mars,False,TRAPPIST-1e,42.0,False,1050.0,0.0,715.0,0.0,3.0,False,F,187.0,S,1002,2
Mars,True,TRAPPIST-1e,1.0,False,0.0,0.0,0.0,0.0,0.0,True,F,187.0,S,1002,3
Europa,True,55 Cancri e,56.0,False,0.0,0.0,0.0,0.0,0.0,True,A,11.0,S,1004,1
Earth,False,TRAPPIST-1e,20.0,False,0.0,0.0,4.0,9.0,773.0,False,G,156.0,S,1005,1
Earth,False,TRAPPIST-1e,21.0,False,0.0,0.0,0.0,0.0,791.0,False,E,74.0,S,1006,1
Earth,True,TRAPPIST-1e,5.0,False,0.0,0.0,0.0,0.0,0.0,True,E,74.0,S,1006,2
Earth,False,TRAPPIST-1e,12.0,False,0.0,0.0,0.0,0.0,0.0,True,F,82.0,S,1006,3
Europa,True,55 Cancri e,39.0,False,0.0,0.0,0.0,0.0,0.0,True,C,39.0,S,1008,1
Europa,True,TRAPPIST-1e,60.0,False,0.0,0.0,0.0,0.0,0.0,True,C,39.0,S,1008,2
Earth,False,TRAPPIST-1e,31.0,False,1633.0,4.0,49.0,6.0,0.0,False,F,82.0,S,1011,1
Earth,True,TRAPPIST-1e,58.0,False,0.0,0.0,0.0,0.0,0.0,False,G,148.0,P,1011,2
Earth,True,TRAPPIST-1e,19.0,False,0.0,0.0,0.0,0.0,0.0,True,G,149.0,P,1012,1
Earth,True,TRAPPIST-1e,29.0,False,0.0,0.0,0.0,0.0,0.0,False,G,158.0,S,1013,1
Mars,True,TRAPPIST-1e,19.0,False,0.0,0.0,0.0,0.0,0.0,True,F,207.0,P,1014,1
Earth,False,TRAPPIST-1e,44.0,False,0.0,131.0,267.0,554.0,0.0,False,F,189.0,S,1015,1
Earth,False,TRAPPIST-1e,20.0,False,0.0,15.0,122.0,1125.0,0.0,False,F,190.0,S,1017,1
Earth,True,TRAPPIST-1e,18.0,False,0.0,0.0,0.0,0.0,0.0,True,G,150.0,P,1018,1
Earth,False,Unknown,36.0,False,1.0,1410.0,0.0,1.0,0.0,True,F,191.0,S,1019,1
Mars,True,TRAPPIST-1e,25.0,False,0.0,0.0,0.0,0.0,0.0,True,F,208.0,P,1020,1
Earth,False,TRAPPIST-1e,15.0,False,48.0,6.0,0.0,954.0,0.0,False,F,82.0,S,1022,1
Earth,False,55 Cancri e,18.0,False,187.0,12.0,0.0,1277.0,0.0,False,F,209.0,P,1024,1
Earth,True,TRAPPIST-1e,0.0,False,0.0,0.0,0.0,0.0,0.0,True,G,152.0,P,1024,2
Unknown,False,55 Cancri e,54.0,False,0.0,5.0,0.0,594.0,209.0,False,G,152.0,P,1024,3
Earth,False,55 Cancri e,0.0,False,0.0,0.0,0.0,0.0,0.0,False,G,152.0,P,1024,4
Earth,False,TRAPPIST-1e,20.0,False,759.0,0.0,106.0,202.0,0.0,False,F,210.0,P,1025,1
Earth,True,TRAPPIST-1e,21.0,False,0.0,0.0,0.0,0.0,0.0,False,G,159.0,S,1026,1
Mars,False,TRAPPIST-1e,8.0,False,0.0,0.0,0.0,0.0,0.0,True,F,211.0,P,1027,1
Mars,False,TRAPPIST-1e,46.0,False,1454.0,0.0,81.0,38.0,0.0,False,F,211.0,P,1027,2
Mars,False,TRAPPIST-1e,31.0,False,231.0,0.0,0.0,279.0,9.0,False,F,211.0,P,1027,3
Mars,False,55 Cancri e,3.0,False,0.0,0.0,0.0,0.0,0.0,True,F,211.0,P,1027,4
Mars,True,TRAPPIST-1e,30.0,False,0.0,0.0,0.0,0.0,0.0,True,F,212.0,P,1029,1
Earth,False,TRAPPIST-1e,23.0,False,1081.0,0.0,0.0,0.0,7.0,False,F,213.0,P,1030,1
Earth,False,TRAPPIST-1e,14.0,False,756.0,84.0,0.0,8.0,99.0,False,F,194.0,S,1031,1
Earth,True,PSO J318.5-22,25.0,False,0.0,0.0,0.0,0.0,0.0,False,G,153.0,P,1032,1
Earth,True,TRAPPIST-1e,61.0,False,0.0,0.0,0.0,0.0,0.0,True,G,154.0,P,1033,1
Earth,False,TRAPPIST-1e,31.0,False,0.0,0.0,0.0,675.0,213.0,False,G,155.0,P,1034,1
Mars,False,55 Cancri e,13.0,False,4.0,0.0,1973.0,0.0,39.0,True,F,214.0,P,1035,1
Earth,True,PSO J318.5-22,24.0,False,0.0,0.0,0.0,0.0,0.0,True,G,161.0,S,1036,1
Earth,False,TRAPPIST-1e,47.0,False,0.0,306.0,84.0,499.0,0.0,False,G,163.0,S,1038,1
Earth,False,PSO J318.5-22,15.0,False,521.0,162.0,62.0,5.0,0.0,True,G,164.0,S,1040,1
Europa,True,TRAPPIST-1e,46.0,False,0.0,0.0,0.0,0.0,0.0,True,F,82.0,S,1041,1
Earth,False,TRAPPIST-1e,49.0,False,0.0,0.0,1526.0,960.0,0.0,False,F,215.0,P,1043,1
Europa,False,TRAPPIST-1e,37.0,False,0.0,0.0,0.0,0.0,0.0,False,C,38.0,P,1045,1
Europa,False,TRAPPIST-1e,44.0,False,0.0,2349.0,7.0,815.0,10896.0,False,C,38.0,P,1045,2
Earth,False,TRAPPIST-1e,16.0,False,507.0,0.0,0.0,0.0,0.0,False,F,196.0,S,1046,1
Earth,True,TRAPPIST-1e,58.0,False,0.0,0.0,0.0,0.0,0.0,True,G,156.0,P,1047,1
Earth,False,TRAPPIST-1e,20.0,False,0.0,537.0,612.0,3.0,0.0,True,F,216.0,P,1048,1
Mars,True,55 Cancri e,36.0,False,0.0,0.0,0.0,0.0,0.0,True,F,217.0,P,1049,1
Mars,True,TRAPPIST-1e,31.0,False,0.0,0.0,0.0,0.0,0.0,True,F,217.0,P,1049,2
Earth,False,TRAPPIST-1e,21.0,False,2.0,447.0,81.0,74.0,0.0,False,F,197.0,S,1051,1
Earth,False,55 Cancri e,22.0,False,0.0,0.0,21.0,0.0,0.0,False,F,198.0,S,1052,1
Earth,False,PSO J318.5-22,27.0,False,182.0,0.0,0.0,0.0,376.0,False,F,199.0,S,1053,1
Earth,False,TRAPPIST-1e,58.0,False,0.0,0.0,828.0,0.0,96.0,True,F,200.0,S,1054,1
Unknown,True,TRAPPIST-1e,38.0,False,0.0,0.0,0.0,0.0,0.0,True,F,218.0,P,1056,1
Mars,True,55 Cancri e,30.0,False,0.0,0.0,0.0,0.0,0.0,True,F,218.0,P,1056,2
Europa,True,55 Cancri e,20.0,False,0.0,0.0,0.0,0.0,0.0,True,C,39.0,P,1057,1
Earth,False,TRAPPIST-1e,19.0,False,0.0,0.0,27.0,53.0,677.0,False,F,201.0,S,1058,1
Earth,False,TRAPPIST-1e,57.0,False,0.0,20.0,157.0,21.0,689.0,False,G,166.0,S,1060,1
Earth,False,TRAPPIST-1e,26.0,False,0.0,773.0,48.0,0.0,149.0,False,F,219.0,P,1062,1
Unknown,False,TRAPPIST-1e,38.0,False,0.0,3262.0,0.0,295.0,1374.0,True,B,38.0,P,1063,1
Europa,True,TRAPPIST-1e,15.0,False,0.0,0.0,0.0,0.0,0.0,True,B,38.0,P,1063,2
Mars,True,TRAPPIST-1e,28.82793046746535,False,0.0,0.0,0.0,0.0,0.0,True,F,202.0,S,1065,1
Mars,True,TRAPPIST-1e,35.0,False,0.0,0.0,0.0,0.0,0.0,True,F,220.0,P,1066,1
Earth,True,PSO J318.5-22,38.0,False,0.0,0.0,0.0,0.0,0.0,False,G,167.0,S,1068,1
Unknown,False,TRAPPIST-1e,35.0,False,415.0,1328.0,0.0,14.0,60.0,False,T,0.0,P,1071,1
Europa,True,TRAPPIST-1e,14.0,False,0.0,0.0,0.0,0.0,0.0,True,B,41.0,S,1075,1
Europa,True,TRAPPIST-1e,27.0,False,0.0,0.0,0.0,0.0,0.0,True,B,41.0,S,1075,2
Earth,True,TRAPPIST-1e,25.0,False,0.0,0.0,0.0,0.0,0.0,False,G,161.0,P,1076,1
Earth,False,TRAPPIST-1e,37.0,False,0.0,113.0,0.0,283.0,455.0,False,G,162.0,P,1077,1
Earth,False,55 Cancri e,25.0,False,79.0,709.0,0.0,0.0,0.0,False,E,60.0,P,1078,1
Earth,False,55 Cancri e,41.0,False,638.0,0.0,133.0,0.0,0.0,False,G,163.0,P,1079,1
Mars,False,TRAPPIST-1e,50.0,False,202.0,0.0,1108.0,0.0,0.0,False,F,204.0,S,1080,1
Mars,False,TRAPPIST-1e,33.0,False,694.0,0.0,60.0,564.0,0.0,False,F,205.0,S,1082,1
Mars,True,TRAPPIST-1e,27.0,False,0.0,0.0,0.0,0.0,0.0,True,F,206.0,S,1083,1
Mars,True,TRAPPIST-1e,23.0,False,0.0,0.0,0.0,0.0,0.0,True,F,206.0,S,1083,2
Mars,False,TRAPPIST-1e,18.0,False,556.0,0.0,0.0,852.0,6.0,True,F,206.0,S,1083,3
Earth,False,TRAPPIST-1e,31.0,False,0.0,1.0,0.0,16.0,843.0,False,F,207.0,S,1084,1
Earth,False,TRAPPIST-1e,54.0,False,0.0,0.0,0.0,0.0,0.0,False,G,165.0,P,1085,1
Earth,True,TRAPPIST-1e,0.0,False,0.0,0.0,0.0,0.0,0.0,True,G,166.0,P,1086,1
Earth,False,TRAPPIST-1e,11.0,False,0.0,0.0,0.0,0.0,0.0,False,G,166.0,P,1086,2
Earth,True,TRAPPIST-1e,4.0,False,0.0,0.0,0.0,0.0,0.0,False,G,166.0,P,1086,3
Earth,False,Unknown,19.0,False,0.0,0.0,0.0,641.0,0.0,True,E,61.0,P,1086,4
Earth,False,TRAPPIST-1e,7.0,False,0.0,0.0,0.0,0.0,0.0,True,G,166.0,P,1086,5
Earth,True,PSO J318.5-22,20.0,False,0.0,0.0,0.0,0.0,0.0,False,G,169.0,S,1088,1
Unknown,True,55 Cancri e,33.0,False,0.0,0.0,0.0,0.0,0.0,True,D,41.0,P,1089,1
Europa,False,TRAPPIST-1e,26.0,False,0.0,565.0,1.0,677.0,794.0,False,D,41.0,P,1089,2
Mars,True,TRAPPIST-1e,35.0,False,0.0,0.0,0.0,0.0,0.0,True,F,223.0,P,1091,1
Mars,False,TRAPPIST-1e,23.0,False,1862.0,59.0,18.0,192.0,0.0,True,D,42.0,P,1093,1
Earth,False,TRAPPIST-1e,60.0,False,437.0,2.0,0.0,0.0,365.0,False,F,224.0,P,1094,1
Europa,True,TRAPPIST-1e,34.0,False,0.0,0.0,0.0,0.0,0.0,True,F,82.0,S,1095,1
Earth,False,TRAPPIST-1e,28.82793046746535,False,233.0,0.0,0.0,0.0,488.0,False,G,170.0,S,1096,1
Mars,True,TRAPPIST-1e,42.0,False,0.0,0.0,0.0,0.0,0.0,True,E,76.0,S,1097,1
Earth,False,PSO J318.5-22,22.0,False,0.0,78.0,642.0,0.0,0.0,False,F,225.0,P,1099,1
Mars,False,TRAPPIST-1e,18.0,False,490.0,355.0,298.0,245.0,0.0,False,F,226.0,P,1100,1
Mars,False,TRAPPIST-1e,5.0,False,0.0,0.0,0.0,0.0,0.0,True,F,226.0,P,1100,2
Mars,False,TRAPPIST-1e,18.0,False,787.0,0.0,106.0,1710.0,0.0,False,F,226.0,P,1100,3
Mars,False,TRAPPIST-1e,29.0,False,528.0,271.0,99.0,0.0,130.0,False,E,62.0,P,1100,4
Mars,False,PSO J318.5-22,39.0,False,173.0,0.0,660.0,1.0,781.0,False,F,227.0,P,1102,1
Earth,False,TRAPPIST-1e,17.0,False,82.0,0.0,263.0,16.0,515.0,False,F,208.0,S,1105,1
Mars,False,TRAPPIST-1e,58.0,False,55.0,0.0,756.0,246.0,100.0,False,F,211.0,S,1108,1
Mars,True,TRAPPIST-1e,5.0,False,0.0,0.0,0.0,0.0,0.0,True,F,211.0,S,1108,2
Europa,False,TRAPPIST-1e,23.0,False,0.0,24.0,0.0,55.0,7516.0,False,C,42.0,S,1110,1
Europa,False,55 Cancri e,26.0,False,8.0,6138.0,0.0,3.0,754.0,True,C,42.0,S,1110,2
Europa,False,55 Cancri e,40.0,False,0.0,4076.0,6124.0,58.0,100.0,True,B,39.0,P,1112,1
Earth,False,TRAPPIST-1e,20.0,False,0.0,0.0,0.0,0.0,719.0,True,E,78.0,S,1113,1
Mars,False,TRAPPIST-1e,38.0,True,936.0,0.0,363.0,0.0,0.0,False,E,79.0,S,1114,1
Mars,False,TRAPPIST-1e,31.0,False,0.0,0.0,0.0,0.0,0.0,False,E,79.0,S,1114,2
Earth,True,TRAPPIST-1e,34.0,False,0.0,0.0,0.0,0.0,0.0,True,G,173.0,S,1115,1
Earth,False,TRAPPIST-1e,9.0,False,0.0,0.0,0.0,0.0,0.0,True,G,174.0,S,1116,1
Earth,False,TRAPPIST-1e,36.0,False,0.0,3011.0,0.0,0.0,98.0,True,F,82.0,S,1116,2
Earth,True,TRAPPIST-1e,26.0,False,0.0,0.0,0.0,0.0,0.0,True,G,174.0,S,1116,3
Earth,False,TRAPPIST-1e,18.0,False,855.0,0.0,51.0,0.0,0.0,False,E,63.0,P,1117,1
Earth,False,PSO J318.5-22,55.0,False,98.0,46.0,0.0,743.0,0.0,True,F,229.0,P,1121,1
Europa,False,TRAPPIST-1e,28.0,False,0.0,402.0,0.0,135.0,9010.0,False,B,40.0,P,1123,1
Europa,True,55 Cancri e,18.0,False,0.0,0.0,0.0,0.0,0.0,True,B,43.0,S,1127,1
Earth,False,TRAPPIST-1e,28.0,False,2.0,0.0,0.0,787.0,3.0,False,E,80.0,S,1129,1
Mars,True,TRAPPIST-1e,23.0,False,0.0,0.0,0.0,0.0,0.0,False,E,81.0,S,1130,1
Mars,False,55 Cancri e,20.0,False,0.0,3.0,3505.0,199.0,17.0,True,D,38.0,S,1130,2
Earth,True,TRAPPIST-1e,22.0,False,0.0,0.0,0.0,0.0,0.0,False,F,82.0,S,1132,1
Mars,False,TRAPPIST-1e,27.0,False,0.0,0.0,0.0,0.0,0.0,True,E,64.0,P,1133,1
Europa,True,55 Cancri e,13.0,False,0.0,0.0,0.0,0.0,0.0,True,F,82.0,S,1134,1
Earth,False,TRAPPIST-1e,32.0,False,0.0,1755.0,0.0,0.0,67.0,True,G,175.0,S,1136,1
Europa,False,TRAPPIST-1e,53.0,False,0.0,143.0,1632.0,3.0,756.0,True,B,46.0,S,1140,1
Europa,True,TRAPPIST-1e,34.0,False,0.0,0.0,0.0,0.0,0.0,True,B,46.0,S,1140,2
Europa,True,55 Cancri e,42.0,False,0.0,0.0,0.0,0.0,0.0,True,B,46.0,S,1140,3
Earth,True,TRAPPIST-1e,19.0,False,0.0,0.0,0.0,0.0,0.0,True,G,176.0,S,1141,1
Earth,False,TRAPPIST-1e,54.0,False,0.0,0.0,0.0,0.0,908.0,True,G,173.0,P,1142,1
Earth,False,TRAPPIST-1e,12.0,False,0.0,0.0,0.0,0.0,0.0,True,G,177.0,S,1144,1
Earth,False,TRAPPIST-1e,35.0,False,482.0,0.0,884.0,0.0,30.0,False,F,217.0,S,1144,2
Earth,False,TRAPPIST-1e,55.0,False,412.0,97.0,3.0,0.0,0.0,False,G,177.0,S,1144,3
Earth,False,55 Cancri e,26.0,False,620.0,0.0,187.0,0.0,1304.0,False,F,232.0,P,1146,1
Europa,True,TRAPPIST-1e,49.0,False,0.0,0.0,0.0,0.0,0.0,True,B,42.0,P,1147,1
Europa,True,55 Cancri e,22.0,False,0.0,0.0,0.0,0.0,0.0,True,C,42.0,P,1148,1
Europa,False,55 Cancri e,28.82793046746535,False,0.0,122.0,2138.0,7368.0,1213.0,False,C,42.0,P,1148,2
Europa,False,TRAPPIST-1e,30.0,False,0.0,5225.0,0.0,8.0,1933.0,False,C,42.0,P,1148,3
Europa,False,55 Cancri e,39.0,False,0.0,5212.0,2.0,118.0,61.0,True,F,82.0,S,1148,4
Europa,True,Unknown,14.0,False,0.0,0.0,0.0,0.0,0.0,True,C,42.0,P,1148,5
Europa,True,TRAPPIST-1e,29.0,False,0.0,0.0,0.0,0.0,0.0,True,C,42.0,P,1148,6
Europa,False,55 Cancri e,34.0,False,2386.0,841.0,76.0,26.0,1693.0,False,C,42.0,P,1148,7
Earth,False,55 Cancri e,8.0,False,0.0,0.0,0.0,0.0,0.0,True,G,178.0,S,1149,1
Earth,False,TRAPPIST-1e,7.0,False,0.0,0.0,0.0,0.0,0.0,False,G,178.0,S,1149,2
Earth,True,TRAPPIST-1e,3.0,False,0.0,0.0,0.0,0.0,0.0,False,G,178.0,S,1149,3
Earth,False,TRAPPIST-1e,0.0,False,0.0,0.0,0.0,0.0,0.0,False,G,178.0,S,1149,4
Earth,False,55 Cancri e,10.0,False,0.0,0.0,0.0,0.0,0.0,False,G,178.0,S,1149,5
Earth,True,55 Cancri e,16.0,False,0.0,0.0,0.0,0.0,0.0,False,G,179.0,S,1150,1
Mars,False,TRAPPIST-1e,41.0,False,29.0,0.0,1095.0,0.0,4.0,False,F,218.0,S,1152,1
Earth,True,TRAPPIST-1e,18.0,False,0.0,0.0,0.0,0.0,0.0,True,G,174.0,P,1153,1
Europa,True,TRAPPIST-1e,25.0,False,0.0,0.0,0.0,0.0,0.0,True,B,43.0,P,1154,1
Europa,True,TRAPPIST-1e,32.0,False,0.0,0.0,0.0,0.0,0.0,True,B,43.0,P,1154,2
Europa,True,55 Cancri e,26.0,False,0.0,0.0,0.0,0.0,0.0,True,B,43.0,P,1154,3
Earth,False,TRAPPIST-1e,26.0,False,131.0,799.0,0.0,0.0,16.0,False,F,233.0,P,1155,1
Earth,True,TRAPPIST-1e,18.0,False,0.0,0.0,0.0,0.0,0.0,True,G,175.0,P,1155,2
Europa,False,TRAPPIST-1e,27.0,False,0.0,2987.0,2.0,3072.0,67.0,False,B,47.0,S,1156,1
Europa,True,TRAPPIST-1e,26.0,False,0.0,0.0,0.0,0.0,0.0,True,B,47.0,S,1156,2
Europa,False,55 Cancri e,28.0,False,0.0,11330.0,72.0,43.0,461.0,True,B,48.0,S,1161,1
Europa,False,55 Cancri e,19.0,False,0.0,1291.0,0.0,16139.0,687.0,False,B,48.0,S,1161,2
Europa,False,TRAPPIST-1e,31.0,False,0.0,1847.0,0.0,103.0,694.0,True,C,45.0,S,1162,1
Earth,False,55 Cancri e,35.0,False,0.0,1328.0,5.0,0.0,7.0,True,F,235.0,P,1163,1
Europa,False,55 Cancri e,46.0,False,0.0,7201.0,0.0,32.0,2587.0,False,B,44.0,P,1165,1
Europa,False,TRAPPIST-1e,37.0,False,636.0,333.0,0.0,205.0,67.0,False,B,44.0,P,1165,2
Europa,True,TRAPPIST-1e,29.0,False,0.0,0.0,0.0,0.0,0.0,True,B,44.0,P,1165,3
Europa,True,TRAPPIST-1e,17.0,False,0.0,0.0,0.0,0.0,0.0,True,B,44.0,P,1165,4
Europa,False,55 Cancri e,30.0,False,0.0,3564.0,926.0,1.0,1920.0,False,C,43.0,P,1166,1
Mars,True,TRAPPIST-1e,28.0,False,0.0,0.0,0.0,0.0,0.0,True,F,236.0,P,1167,1
Earth,False,TRAPPIST-1e,16.0,False,0.0,58.0,12.0,68.0,653.0,False,E,69.0,P,1168,1
Mars,False,TRAPPIST-1e,40.0,False,2357.0,0.0,9.0,0.0,0.0,False,F,221.0,S,1169,1
Earth,False,TRAPPIST-1e,23.0,False,0.0,0.0,279.0,0.0,512.0,False,E,83.0,S,1170,1
Earth,False,PSO J318.5-22,24.0,False,96.0,592.0,12.0,0.0,0.0,True,G,182.0,S,1173,1
Earth,True,TRAPPIST-1e,36.0,False,0.0,0.0,0.0,0.0,0.0,True,G,176.0,P,1174,1
Mars,True,TRAPPIST-1e,34.0,False,0.0,0.0,0.0,0.0,0.0,True,F,223.0,S,1175,1
Europa,True,TRAPPIST-1e,59.0,False,0.0,0.0,0.0,0.0,0.0,True,C,44.0,P,1177,1
Earth,False,TRAPPIST-1e,20.0,False,0.0,0.0,600.0,0.0,0.0,False,F,224.0,S,1178,1
Europa,True,TRAPPIST-1e,15.0,False,0.0,0.0,0.0,0.0,0.0,True,B,49.0,S,1179,1
Earth,False,TRAPPIST-1e,19.0,False,0.0,0.0,957.0,4.0,0.0,False,F,225.0,S,1180,1
Mars,True,55 Cancri e,64.0,False,0.0,0.0,0.0,0.0,0.0,True,F,237.0,P,1182,1
Mars,False,TRAPPIST-1e,24.0,False,2997.0,0.0,3.0,0.0,7.0,True,E,70.0,P,1182,2
Mars,False,TRAPPIST-1e,23.0,False,60.0,1356.0,0.0,0.0,0.0,True,F,237.0,P,1182,3
Mars,False,TRAPPIST-1e,30.0,False,0.0,0.0,0.0,679.0,0.0,False,E,71.0,P,1185,1
Earth,False,TRAPPIST-1e,0.0,False,0.0,0.0,0.0,0.0,0.0,True,G,183.0,S,1186,1
Earth,False,TRAPPIST-1e,8.0,False,0.0,0.0,0.0,0.0,0.0,False,G,183.0,S,1186,2
Earth,True,TRAPPIST-1e,1.0,False,0.0,0.0,0.0,0.0,0.0,False,G,183.0,S,1186,3
Earth,False,TRAPPIST-1e,48.0,False,0.0,33.0,654.0,0.0,113.0,True,F,227.0,S,1186,4
Earth,False,TRAPPIST-1e,12.0,False,0.0,0.0,0.0,0.0,0.0,False,G,183.0,S,1186,5
Earth,False,TRAPPIST-1e,30.0,False,0.0,575.0,180.0,4.0,44.0,False,F,228.0,S,1187,1
Earth,False,TRAPPIST-1e,10.0,False,0.0,0.0,0.0,0.0,0.0,False,G,184.0,S,1187,2
Earth,False,TRAPPIST-1e,11.0,False,0.0,0.0,0.0,0.0,0.0,False,G,184.0,S,1187,3
Europa,False,TRAPPIST-1e,58.0,False,204.0,4227.0,0.0,3026.0,61.0,False,C,46.0,P,1188,1
Earth,False,TRAPPIST-1e,52.0,False,0.0,243.0,464.0,71.0,8.0,True,E,72.0,P,1190,1
Earth,False,TRAPPIST-1e,36.0,False,0.0,0.0,0.0,0.0,1583.0,False,F,229.0,S,1191,1
Earth,False,TRAPPIST-1e,32.0,False,600.0,670.0,0.0,187.0,0.0,False,F,238.0,P,1192,1
Europa,True,TRAPPIST-1e,16.0,False,0.0,0.0,0.0,0.0,0.0,True,B,50.0,S,1193,1
Europa,True,55 Cancri e,25.0,False,0.0,0.0,0.0,0.0,0.0,True,B,50.0,S,1193,2
Earth,False,55 Cancri e,28.0,False,2.0,558.0,0.0,0.0,0.0,True,F,239.0,P,1195,1
Europa,False,55 Cancri e,32.0,True,0.0,122.0,3700.0,337.0,1388.0,False,B,45.0,P,1197,1
Mars,False,TRAPPIST-1e,28.0,False,42.0,1116.0,0.0,0.0,0.0,True,F,82.0,S,1198,1
Earth,False,TRAPPIST-1e,16.0,False,0.0,0.0,752.0,0.0,235.0,False,E,73.0,P,1199,1
Europa,False,55 Cancri e,50.0,True,0.0,5473.0,0.0,703.0,6381.0,False,B,51.0,S,1203,1
Earth,False,TRAPPIST-1e,20.0,False,71.0,8.0,513.0,354.0,0.0,False,F,241.0,P,1206,1
Earth,False,TRAPPIST-1e,23.0,False,0.0,0.0,6.0,30.0,200.0,False,G,178.0,P,1208,1
Earth,True,TRAPPIST-1e,45.0,False,0.0,0.0,0.0,0.0,0.0,True,G,179.0,P,1210,1
Earth,False,TRAPPIST-1e,23.0,False,393.0,510.0,0.0,0.0,5.0,False,G,179.0,P,1210,2
Earth,True,PSO J318.5-22,53.0,False,0.0,0.0,0.0,0.0,0.0,False,G,186.0,S,1211,1
Earth,True,TRAPPIST-1e,8.0,False,0.0,0.0,0.0,0.0,0.0,False,G,186.0,S,1211,2
Earth,True,TRAPPIST-1e,6.0,False,0.0,0.0,0.0,0.0,0.0,True,G,186.0,S,1211,3
Earth,True,TRAPPIST-1e,3.0,False,0.0,0.0,0.0,0.0,0.0,False,G,186.0,S,1211,4
Earth,False,55 Cancri e,13.0,False,1.0,212.0,843.0,78.0,10.0,True,F,232.0,S,1211,5
Earth,True,TRAPPIST-1e,60.0,False,0.0,0.0,0.0,0.0,0.0,False,G,186.0,S,1211,6
Earth,False,55 Cancri e,1.0,False,0.0,0.0,0.0,0.0,0.0,True,G,186.0,S,1211,7
Earth,False,TRAPPIST-1e,40.0,False,0.0,1.0,195.0,560.0,0.0,False,G,180.0,P,1212,1
Earth,False,TRAPPIST-1e,51.0,False,0.0,0.0,800.0,0.0,4.0,True,F,242.0,P,1213,1
Earth,True,55 Cancri e,31.0,False,0.0,0.0,0.0,0.0,0.0,True,G,181.0,P,1214,1
Earth,True,TRAPPIST-1e,28.0,False,0.0,0.0,0.0,0.0,0.0,True,G,187.0,S,1215,1
Earth,False,TRAPPIST-1e,20.0,False,65.0,905.0,0.0,0.0,0.0,True,G,182.0,P,1216,1
Earth,False,TRAPPIST-1e,14.0,False,0.0,0.0,0.0,2143.0,7.0,False,F,243.0,P,1218,1
Europa,False,TRAPPIST-1e,23.0,False,0.0,592.0,0.0,345.0,810.0,False,E,76.0,P,1220,1
Earth,False,TRAPPIST-1e,4.0,False,0.0,0.0,0.0,0.0,0.0,False,G,188.0,S,1221,1
Earth,False,TRAPPIST-1e,20.0,False,0.0,0.0,0.0,1608.0,1.0,False,E,87.0,S,1221,2
Earth,False,TRAPPIST-1e,75.0,False,0.0,493.0,0.0,131.0,132.0,False,G,183.0,P,1222,1
Europa,True,55 Cancri e,24.0,False,0.0,0.0,0.0,0.0,0.0,True,C,48.0,S,1223,1
Earth,False,TRAPPIST-1e,18.0,False,2.0,1311.0,60.0,28.0,1.0,True,F,244.0,P,1225,1
Mars,True,TRAPPIST-1e,21.0,False,0.0,0.0,0.0,0.0,0.0,True,F,82.0,S,1228,1
Mars,False,TRAPPIST-1e,59.0,False,142.0,0.0,907.0,0.0,0.0,True,E,89.0,S,1228,2
Earth,False,TRAPPIST-1e,27.0,False,0.0,0.0,863.0,33.0,2.0,True,F,245.0,P,1229,1
Earth,False,TRAPPIST-1e,38.0,False,354.0,34.0,0.0,291.0,229.0,False,G,189.0,S,1230,1
Mars,True,TRAPPIST-1e,41.0,False,0.0,0.0,0.0,0.0,0.0,False,E,77.0,P,1231,1
Europa,True,TRAPPIST-1e,36.0,False,0.0,0.0,0.0,0.0,0.0,True,C,49.0,S,1232,1
Europa,False,55 Cancri e,29.0,False,0.0,42.0,0.0,4651.0,661.0,False,C,49.0,S,1232,2
Earth,True,PSO J318.5-22,22.0,False,0.0,0.0,0.0,0.0,0.0,True,G,184.0,P,1233,1
Earth,False,PSO J318.5-22,23.0,False,0.0,0.0,1250.0,0.0,0.0,True,F,236.0,S,1234,1
Earth,False,TRAPPIST-1e,32.0,False,27.0,393.0,1061.0,27.0,0.0,True,F,237.0,S,1235,1
Earth,False,55 Cancri e,21.0,False,614.0,43.0,0.0,1.0,0.0,False,F,246.0,P,1236,1
Europa,False,TRAPPIST-1e,26.0,False,0.0,1026.0,3301.0,831.0,356.0,True,C,50.0,S,1238,1
Europa,True,TRAPPIST-1e,61.0,False,0.0,0.0,0.0,0.0,0.0,True,B,53.0,S,1238,2
Earth,False,PSO J318.5-22,30.0,False,585.0,13.0,122.0,40.0,105.0,True,E,78.0,P,1239,1
Earth,False,TRAPPIST-1e,40.0,False,889.0,185.0,0.0,0.0,28.0,True,F,238.0,S,1240,1
Europa,False,55 Cancri e,37.0,False,0.0,4677.0,0.0,115.0,223.0,True,C,48.0,P,1242,1
Europa,False,TRAPPIST-1e,41.0,False,0.0,4224.0,0.0,1374.0,1281.0,False,A,9.0,P,1243,1
Europa,False,TRAPPIST-1e,32.0,False,8168.0,69.0,11.0,371.0,0.0,False,A,9.0,P,1243,2
Earth,False,TRAPPIST-1e,30.0,False,0.0,192.0,0.0,565.0,0.0,False,G,185.0,P,1246,1
Earth,False,PSO J318.5-22,27.0,False,0.0,0.0,0.0,0.0,0.0,True,F,239.0,S,1248,1
Earth,False,TRAPPIST-1e,22.0,False,0.0,17.0,0.0,61.0,567.0,False,F,240.0,S,1250,1
Mars,False,TRAPPIST-1e,54.0,False,704.0,0.0,431.0,0.0,47.0,False,D,44.0,S,1254,1
Mars,False,TRAPPIST-1e,27.0,False,4.0,0.0,896.0,229.0,0.0,False,F,241.0,S,1254,2
Mars,True,TRAPPIST-1e,52.0,False,0.0,0.0,0.0,0.0,0.0,True,F,242.0,S,1255,1
Mars,True,TRAPPIST-1e,15.0,False,0.0,0.0,0.0,0.0,0.0,True,F,242.0,S,1255,2
Mars,False,TRAPPIST-1e,27.0,False,1277.0,0.0,1.0,10.0,9.0,False,E,92.0,S,1256,1
Europa,False,55 Cancri e,30.0,False,0.0,3628.0,289.0,1737.0,4987.0,False,A,10.0,P,1258,1
Earth,False,TRAPPIST-1e,19.0,False,0.0,0.0,619.0,0.0,142.0,False,F,243.0,S,1259,1
Earth,True,PSO J318.5-22,22.0,False,0.0,0.0,0.0,0.0,0.0,True,G,186.0,P,1260,1
Europa,False,55 Cancri e,43.0,False,1365.0,3106.0,0.0,50.0,2313.0,False,C,49.0,P,1261,1
Mars,False,TRAPPIST-1e,25.0,False,1084.0,1.0,66.0,0.0,5.0,False,F,244.0,S,1263,1
Earth,False,TRAPPIST-1e,51.0,False,0.0,1.0,0.0,51.0,945.0,False,E,79.0,P,1264,1
Earth,True,PSO J318.5-22,34.0,False,0.0,0.0,0.0,0.0,0.0,True,G,191.0,S,1267,1
Mars,False,TRAPPIST-1e,21.0,False,2066.0,0.0,15.0,0.0,1.0,False,E,80.0,P,1269,1
Earth,True,PSO J318.5-22,21.0,False,0.0,0.0,0.0,0.0,0.0,False,G,189.0,P,1271,1
Earth,False,TRAPPIST-1e,23.0,False,0.0,0.0,0.0,759.0,0.0,False,F,246.0,S,1273,1
Earth,False,55 Cancri e,38.0,False,0.0,0.0,591.0,40.0,173.0,False,F,254.0,P,1274,1
Earth,True,TRAPPIST-1e,30.0,False,0.0,0.0,0.0,0.0,0.0,False,G,190.0,P,1278,1
Europa,True,55 Cancri e,31.0,False,0.0,0.0,0.0,0.0,0.0,True,C,50.0,P,1279,1
Earth,False,PSO J318.5-22,44.0,False,0.0,178.0,482.0,0.0,0.0,True,F,257.0,P,1280,1
Earth,True,TRAPPIST-1e,14.0,False,0.0,0.0,0.0,0.0,0.0,False,G,193.0,S,1281,1
Earth,True,PSO J318.5-22,18.0,False,0.0,0.0,0.0,0.0,0.0,False,G,191.0,P,1282,1
Earth,False,TRAPPIST-1e,19.0,False,6.0,0.0,1.0,714.0,0.0,False,G,194.0,S,1283,1
Mars,True,Unknown,28.82793046746535,False,0.0,0.0,0.0,0.0,0.0,True,F,247.0,S,1284,1
Earth,False,55 Cancri e,36.0,False,286.0,415.0,16.0,0.0,0.0,False,F,258.0,P,1285,1
Mars,True,TRAPPIST-1e,10.0,False,0.0,0.0,0.0,0.0,0.0,True,F,248.0,S,1286,1
Mars,True,TRAPPIST-1e,1.0,False,0.0,0.0,0.0,0.0,0.0,True,F,259.0,P,1287,1
Mars,True,55 Cancri e,4.0,False,0.0,0.0,0.0,0.0,0.0,True,F,259.0,P,1287,2
Mars,False,TRAPPIST-1e,21.0,False,733.0,0.0,1084.0,1.0,43.0,False,F,259.0,P,1287,3
Earth,False,TRAPPIST-1e,24.0,False,621.0,0.0,0.0,0.0,0.0,False,G,192.0,P,1288,1
Earth,False,TRAPPIST-1e,8.0,False,0.0,0.0,0.0,0.0,0.0,False,G,195.0,S,1289,1
Earth,False,TRAPPIST-1e,18.0,False,789.0,0.0,2.0,0.0,19.0,False,G,195.0,S,1289,2
Mars,False,TRAPPIST-1e,33.0,False,1758.0,59.0,4.0,0.0,0.0,False,F,260.0,P,1291,1
Europa,False,55 Cancri e,31.0,True,0.0,27723.0,3.0,202.0,3146.0,True,B,55.0,S,1292,1
Europa,False,TRAPPIST-1e,43.0,False,105.0,368.0,268.0,842.0,13.0,True,B,55.0,S,1292,2
Earth,False,TRAPPIST-1e,20.0,False,213.0,0.0,0.0,0.0,584.0,False,F,261.0,P,1293,1
Europa,True,TRAPPIST-1e,28.0,False,0.0,0.0,0.0,0.0,0.0,True,A,14.0,S,1294,1
Europa,True,PSO J318.5-22,30.0,False,0.0,0.0,0.0,0.0,0.0,True,A,14.0,S,1294,2
Europa,False,TRAPPIST-1e,28.0,True,0.0,0.0,0.0,0.0,0.0,False,A,14.0,S,1294,3
Earth,False,TRAPPIST-1e,19.0,False,68.0,0.0,0.0,719.0,0.0,False,F,82.0,S,1295,1
Earth,False,TRAPPIST-1e,22.0,False,0.0,0.0,675.0,5.0,0.0,True,F,250.0,S,1299,1
Earth,False,55 Cancri e,27.0,False,1.0,299.0,1.0,380.0,13.0,False,F,251.0,S,1300,1
Mars,False,55 Cancri e,22.0,False,218.0,50.0,4817.0,146.0,256.0,True,D,45.0,S,1302,1
Earth,True,55 Cancri e,2.0,False,0.0,0.0,0.0,0.0,0.0,True,E,82.0,P,1304,1
Earth,False,TRAPPIST-1e,4.0,False,0.0,0.0,0.0,0.0,0.0,False,E,82.0,P,1304,2
Earth,False,TRAPPIST-1e,10.0,False,0.0,0.0,0.0,0.0,0.0,False,E,82.0,P,1304,3
Earth,False,TRAPPIST-1e,9.0,False,0.0,0.0,0.0,0.0,0.0,True,E,82.0,P,1304,4
Earth,True,TRAPPIST-1e,37.0,False,0.0,0.0,0.0,0.0,0.0,False,E,82.0,P,1304,5
Earth,False,PSO J318.5-22,2.0,False,0.0,0.0,0.0,0.0,0.0,True,E,82.0,P,1304,6
Europa,False,TRAPPIST-1e,44.0,False,0.0,3863.0,1.0,1010.0,514.0,True,B,56.0,S,1306,1
Europa,False,55 Cancri e,11.0,False,0.0,0.0,0.0,0.0,0.0,True,B,56.0,S,1306,2
Earth,True,TRAPPIST-1e,22.0,False,0.0,0.0,0.0,0.0,0.0,False,G,193.0,P,1307,1
Europa,True,55 Cancri e,40.0,False,0.0,0.0,0.0,0.0,0.0,True,F,82.0,S,1308,1
Europa,False,55 Cancri e,30.0,False,278.0,3300.0,0.0,8145.0,2519.0,False,E,94.0,S,1308,2
Europa,False,55 Cancri e,37.0,False,0.0,439.0,0.0,3198.0,6.0,False,E,94.0,S,1308,3
Europa,True,55 Cancri e,26.0,False,0.0,0.0,0.0,0.0,0.0,True,E,94.0,S,1308,4
Earth,False,TRAPPIST-1e,19.0,False,0.0,4.0,109.0,0.0,671.0,True,F,264.0,P,1309,1
Europa,False,TRAPPIST-1e,57.0,False,0.0,987.0,1.0,4948.0,53.0,False,C,52.0,S,1310,1
Mars,False,Unknown,1.0,False,0.0,0.0,0.0,0.0,0.0,True,F,265.0,P,1311,1
Mars,False,TRAPPIST-1e,17.0,False,948.0,47.0,292.0,0.0,0.0,False,F,265.0,P,1311,2
Mars,False,TRAPPIST-1e,26.0,False,1946.0,4.0,4.0,0.0,623.0,False,D,43.0,P,1311,3
Earth,True,55 Cancri e,21.0,False,0.0,0.0,0.0,0.0,0.0,True,G,194.0,P,1312,1
Europa,True,TRAPPIST-1e,28.0,False,0.0,0.0,0.0,0.0,0.0,True,E,95.0,S,1316,1
Europa,False,55 Cancri e,36.0,False,0.0,847.0,0.0,4664.0,89.0,False,E,95.0,S,1316,2
Mars,False,TRAPPIST-1e,25.0,False,2508.0,0.0,23.0,0.0,67.0,False,F,266.0,P,1317,1
Earth,True,TRAPPIST-1e,40.0,False,0.0,0.0,0.0,0.0,0.0,True,G,196.0,P,1322,1
Earth,True,55 Cancri e,23.0,False,0.0,0.0,0.0,0.0,0.0,True,F,267.0,P,1323,1
Earth,True,55 Cancri e,2.0,False,0.0,0.0,0.0,0.0,0.0,False,G,199.0,S,1324,1
Earth,False,55 Cancri e,10.0,False,0.0,0.0,0.0,0.0,0.0,False,G,199.0,S,1324,2
Earth,True,TRAPPIST-1e,43.0,False,0.0,0.0,0.0,0.0,0.0,True,G,199.0,S,1324,3
Earth,True,TRAPPIST-1e,0.0,False,0.0,0.0,0.0,0.0,0.0,True,E,97.0,S,1325,1
Earth,False,TRAPPIST-1e,24.0,False,70.0,160.0,340.0,0.0,336.0,False,E,97.0,S,1325,2
Earth,True,TRAPPIST-1e,42.0,False,0.0,0.0,0.0,0.0,0.0,True,E,97.0,S,1325,3
Mars,False,TRAPPIST-1e,30.0,False,1450.0,0.0,0.0,0.0,1147.0,False,F,257.0,S,1326,1
Mars,False,TRAPPIST-1e,19.0,False,1507.0,0.0,260.0,0.0,0.0,False,F,257.0,S,1326,2
Earth,True,TRAPPIST-1e,26.0,False,0.0,0.0,0.0,0.0,0.0,False,G,198.0,P,1328,1
Mars,False,TRAPPIST-1e,47.0,False,405.0,0.0,193.0,458.0,0.0,False,D,46.0,S,1330,1
Mars,False,TRAPPIST-1e,28.0,False,120.0,8.0,1128.0,1.0,7.0,True,D,46.0,S,1330,2
Earth,True,PSO J318.5-22,24.0,False,0.0,0.0,0.0,0.0,0.0,True,G,200.0,S,1331,1
Earth,False,TRAPPIST-1e,29.0,False,28.0,0.0,561.0,203.0,0.0,False,E,98.0,S,1332,1
Earth,False,PSO J318.5-22,32.0,False,0.0,486.0,0.0,229.0,26.0,False,F,269.0,P,1333,1
Earth,True,TRAPPIST-1e,44.0,False,0.0,0.0,0.0,0.0,0.0,False,G,199.0,P,1335,1
Earth,True,TRAPPIST-1e,17.0,False,0.0,0.0,0.0,0.0,0.0,True,G,201.0,S,1336,1
Earth,False,55 Cancri e,35.0,False,775.0,14.0,0.0,610.0,4.0,False,F,258.0,S,1337,1
Earth,True,TRAPPIST-1e,23.0,False,0.0,0.0,0.0,0.0,0.0,False,G,203.0,S,1340,1
Earth,False,TRAPPIST-1e,34.0,False,0.0,118.0,5.0,0.0,761.0,False,G,200.0,P,1342,1
Earth,False,TRAPPIST-1e,25.0,False,1174.0,0.0,18.0,721.0,0.0,False,F,260.0,S,1345,1
Unknown,False,TRAPPIST-1e,67.0,False,0.0,761.0,0.0,1.0,0.0,True,F,271.0,P,1347,1
Europa,False,TRAPPIST-1e,22.0,False,0.0,1531.0,0.0,369.0,2969.0,False,B,57.0,S,1348,1
Europa,True,TRAPPIST-1e,28.82793046746535,False,0.0,0.0,0.0,0.0,0.0,True,B,57.0,S,1348,2
Earth,True,55 Cancri e,27.0,False,0.0,0.0,0.0,0.0,0.0,True,G,206.0,S,1350,1
Earth,False,TRAPPIST-1e,14.0,False,1489.0,2.0,126.0,460.0,72.0,False,F,261.0,S,1350,2
Earth,False,PSO J318.5-22,42.0,False,491.0,106.0,8.0,202.0,0.0,False,G,206.0,S,1350,3
Earth,True,PSO J318.5-22,19.0,False,0.0,0.0,0.0,0.0,0.0,False,G,206.0,S,1350,4
Earth,False,TRAPPIST-1e,22.0,False,0.0,0.0,0.0,0.0,0.0,False,G,202.0,P,1351,1
Mars,False,TRAPPIST-1e,31.0,False,43.0,782.0,1.0,660.0,0.0,False,F,272.0,P,1352,1
Mars,False,TRAPPIST-1e,10.0,False,0.0,0.0,0.0,0.0,0.0,True,F,262.0,S,1353,1
Mars,False,TRAPPIST-1e,39.0,False,1535.0,0.0,340.0,0.0,723.0,False,F,262.0,S,1353,2
Mars,True,TRAPPIST-1e,41.0,False,0.0,0.0,0.0,0.0,0.0,True,F,262.0,S,1353,3
Mars,False,TRAPPIST-1e,0.0,False,0.0,0.0,0.0,0.0,0.0,True,F,262.0,S,1353,4
Earth,True,PSO J318.5-22,22.0,False,0.0,0.0,0.0,0.0,0.0,True,G,203.0,P,1355,1
Earth,False,TRAPPIST-1e,21.0,False,0.0,39.0,0.0,310.0,539.0,False,G,207.0,S,1356,1
Mars,True,TRAPPIST-1e,40.0,False,0.0,0.0,0.0,0.0,0.0,True,D,48.0,S,1357,1
Earth,False,TRAPPIST-1e,25.0,False,0.0,997.0,0.0,0.0,0.0,True,E,100.0,S,1360,1
Earth,False,TRAPPIST-1e,23.0,False,0.0,1268.0,0.0,119.0,2.0,False,F,265.0,S,1362,1
Europa,False,55 Cancri e,33.0,False,77.0,2381.0,0.0,3656.0,150.0,False,B,58.0,S,1365,1
Europa,True,TRAPPIST-1e,20.0,False,0.0,0.0,0.0,0.0,0.0,True,B,58.0,S,1365,2
Earth,True,55 Cancri e,40.0,False,0.0,0.0,0.0,0.0,0.0,True,G,206.0,P,1366,1
Earth,True,TRAPPIST-1e,27.0,False,0.0,0.0,0.0,0.0,0.0,False,G,208.0,P,1368,1
Earth,False,TRAPPIST-1e,21.0,False,965.0,0.0,23.0,3.0,0.0,False,E,102.0,S,1370,1
Mars,False,TRAPPIST-1e,25.0,False,591.0,466.0,0.0,0.0,0.0,False,D,44.0,P,1371,1
Earth,False,TRAPPIST-1e,2.0,False,0.0,0.0,0.0,0.0,0.0,False,G,208.0,S,1375,1
Earth,False,TRAPPIST-1e,19.0,False,0.0,3.0,946.0,0.0,0.0,False,F,267.0,S,1375,2
Earth,True,TRAPPIST-1e,41.0,False,0.0,0.0,0.0,0.0,0.0,False,G,211.0,P,1376,1
Europa,False,TRAPPIST-1e,43.0,False,0.0,2801.0,537.0,42.0,144.0,True,C,52.0,P,1377,1
Earth,False,TRAPPIST-1e,19.0,False,245.0,41.0,550.0,0.0,0.0,False,G,212.0,P,1378,1
Earth,False,TRAPPIST-1e,22.0,False,926.0,0.0,0.0,0.0,78.0,True,F,275.0,P,1378,2
Earth,False,TRAPPIST-1e,16.0,False,0.0,30.0,0.0,769.0,4.0,False,F,268.0,S,1379,1
Europa,False,55 Cancri e,42.0,False,0.0,21.0,0.0,2735.0,3604.0,False,C,53.0,S,1380,1
Earth,True,PSO J318.5-22,20.0,False,0.0,0.0,0.0,0.0,0.0,True,G,209.0,S,1381,1
Earth,False,Unknown,35.0,False,0.0,1125.0,429.0,0.0,55.0,False,E,104.0,S,1382,1
Europa,True,TRAPPIST-1e,53.0,False,0.0,0.0,0.0,0.0,0.0,True,D,49.0,S,1383,1
Earth,False,TRAPPIST-1e,17.0,False,21.0,0.0,690.0,260.0,5.0,False,E,105.0,S,1384,1
Earth,True,TRAPPIST-1e,6.0,False,0.0,0.0,0.0,0.0,0.0,False,G,210.0,S,1384,2
Earth,False,TRAPPIST-1e,22.0,False,0.0,442.0,0.0,0.0,368.0,True,F,269.0,S,1384,3
Earth,False,TRAPPIST-1e,41.0,False,338.0,0.0,377.0,2.0,86.0,True,F,269.0,S,1384,4
Earth,False,Unknown,19.0,False,189.0,510.0,0.0,0.0,0.0,True,E,105.0,S,1384,5
Unknown,False,TRAPPIST-1e,39.0,False,705.0,3.0,0.0,0.0,0.0,False,G,213.0,P,1385,1
Earth,True,TRAPPIST-1e,23.0,False,0.0,0.0,0.0,0.0,0.0,True,G,214.0,P,1386,1
Mars,False,TRAPPIST-1e,31.0,False,1088.0,0.0,280.0,0.0,0.0,False,E,85.0,P,1387,1
Earth,True,55 Cancri e,38.0,False,0.0,0.0,0.0,0.0,0.0,True,G,212.0,S,1389,1
Earth,True,PSO J318.5-22,1.0,False,0.0,0.0,0.0,0.0,0.0,True,G,215.0,P,1390,1
Mars,True,TRAPPIST-1e,13.0,False,0.0,0.0,0.0,0.0,0.0,True,F,276.0,P,1391,1
Mars,False,TRAPPIST-1e,21.0,False,1072.0,79.0,46.0,16.0,0.0,False,F,276.0,P,1391,2
Mars,False,Unknown,44.0,False,485.0,2.0,210.0,0.0,351.0,False,F,276.0,P,1391,3
Mars,False,TRAPPIST-1e,36.0,False,42.0,0.0,212.0,151.0,1853.0,False,F,270.0,S,1393,1
Mars,False,TRAPPIST-1e,19.0,False,2058.0,0.0,224.0,298.0,19.0,False,F,270.0,S,1393,2
Earth,False,TRAPPIST-1e,7.0,False,0.0,0.0,0.0,0.0,0.0,True,G,214.0,S,1395,1
Earth,False,TRAPPIST-1e,39.0,False,386.0,190.0,0.0,489.0,0.0,False,F,271.0,S,1397,1
Earth,False,TRAPPIST-1e,28.0,False,0.0,508.0,334.0,0.0,46.0,True,G,216.0,P,1398,1
Earth,False,TRAPPIST-1e,28.0,False,0.0,0.0,529.0,560.0,60.0,False,F,272.0,S,1399,1
Earth,True,55 Cancri e,14.0,False,0.0,0.0,0.0,0.0,0.0,True,G,217.0,P,1400,1
Earth,False,TRAPPIST-1e,18.0,False,0.0,0.0,599.0,59.0,152.0,False,G,218.0,P,1401,1
Earth,True,PSO J318.5-22,23.0,False,0.0,0.0,0.0,0.0,0.0,True,G,215.0,S,1402,1
Earth,True,55 Cancri e,33.0,False,0.0,0.0,0.0,0.0,0.0,True,G,215.0,S,1402,2
Earth,False,TRAPPIST-1e,18.0,False,1656.0,0.0,0.0,0.0,0.0,False,E,86.0,P,1403,1
Europa,False,TRAPPIST-1e,47.0,False,1.0,734.0,28.0,78.0,3471.0,False,B,60.0,S,1404,1
Europa,False,TRAPPIST-1e,42.0,False,0.0,51.0,0.0,4170.0,13.0,False,F,82.0,S,1404,2
Mars,False,TRAPPIST-1e,17.0,False,36.0,0.0,1013.0,0.0,0.0,False,E,106.0,S,1406,1
Earth,False,TRAPPIST-1e,21.0,False,737.0,4.0,27.0,8.0,0.0,False,F,278.0,P,1407,1
Earth,False,PSO J318.5-22,17.0,False,8.0,222.0,3.0,401.0,0.0,True,F,278.0,P,1407,2
Earth,False,PSO J318.5-22,26.0,False,4.0,770.0,0.0,0.0,0.0,False,G,216.0,S,1408,1
Earth,False,TRAPPIST-1e,23.0,False,0.0,567.0,896.0,0.0,122.0,False,F,279.0,P,1410,1
Earth,False,55 Cancri e,15.0,False,0.0,0.0,0.0,0.0,832.0,False,G,217.0,S,1412,1
Earth,True,PSO J318.5-22,18.0,False,0.0,0.0,0.0,0.0,0.0,False,G,218.0,S,1413,1
Earth,False,TRAPPIST-1e,65.0,False,259.0,0.0,0.0,0.0,1916.0,False,F,280.0,P,1414,1
Europa,False,55 Cancri e,33.0,False,13.0,0.0,2011.0,17.0,32.0,True,D,45.0,P,1415,1
Earth,True,TRAPPIST-1e,27.0,False,0.0,0.0,0.0,0.0,0.0,False,G,219.0,P,1416,1
Europa,False,TRAPPIST-1e,41.0,False,0.0,184.0,0.0,1520.0,3358.0,False,C,54.0,S,1417,1
Mars,False,TRAPPIST-1e,42.0,False,1381.0,0.0,1243.0,0.0,0.0,False,F,273.0,S,1419,1
Mars,True,TRAPPIST-1e,28.82793046746535,False,0.0,0.0,0.0,0.0,0.0,False,E,108.0,S,1420,1
Mars,False,TRAPPIST-1e,37.0,False,328.0,6153.0,0.0,26.0,820.0,False,F,274.0,S,1421,1
Mars,False,55 Cancri e,17.0,False,891.0,0.0,243.0,0.0,5.0,False,F,274.0,S,1421,2
Europa,True,TRAPPIST-1e,24.0,False,0.0,0.0,0.0,0.0,0.0,True,B,61.0,S,1423,1
Europa,True,TRAPPIST-1e,39.0,False,0.0,0.0,0.0,0.0,0.0,True,B,61.0,S,1423,2
Europa,True,55 Cancri e,59.0,False,0.0,0.0,0.0,0.0,0.0,True,B,61.0,S,1423,3
Europa,True,TRAPPIST-1e,32.0,False,0.0,0.0,0.0,0.0,0.0,True,B,47.0,P,1424,1
Europa,False,55 Cancri e,29.0,False,2988.0,2147.0,0.0,0.0,1779.0,False,B,47.0,P,1424,2
Europa,False,TRAPPIST-1e,8.0,False,0.0,0.0,0.0,0.0,0.0,True,B,47.0,P,1424,3
Europa,False,55 Cancri e,28.0,False,0.0,4380.0,0.0,692.0,0.0,True,B,47.0,P,1424,4
Europa,True,TRAPPIST-1e,35.0,False,0.0,0.0,0.0,0.0,0.0,True,B,47.0,P,1424,5
Earth,False,TRAPPIST-1e,24.0,False,711.0,0.0,0.0,59.0,57.0,False,F,282.0,P,1425,1
Earth,True,TRAPPIST-1e,1.0,False,0.0,0.0,0.0,0.0,0.0,True,G,220.0,P,1425,2
Earth,True,TRAPPIST-1e,4.0,False,0.0,0.0,0.0,0.0,0.0,True,G,220.0,P,1425,3
Europa,True,55 Cancri e,28.0,False,0.0,0.0,0.0,0.0,0.0,True,D,46.0,P,1426,1
Mars,True,Unknown,46.0,False,0.0,0.0,0.0,0.0,0.0,True,F,275.0,S,1427,1
Mars,False,TRAPPIST-1e,67.0,False,443.0,0.0,1721.0,250.0,2.0,False,F,275.0,S,1427,2
Earth,False,TRAPPIST-1e,44.0,False,0.0,200.0,128.0,460.0,0.0,False,E,109.0,S,1428,1
Earth,False,TRAPPIST-1e,14.0,False,360.0,0.0,2116.0,1.0,8.0,False,F,283.0,P,1430,1
Earth,False,TRAPPIST-1e,23.0,False,0.0,0.0,4.0,0.0,965.0,True,G,221.0,P,1431,1
Earth,True,TRAPPIST-1e,51.0,False,0.0,0.0,0.0,0.0,0.0,False,G,219.0,S,1433,1
Earth,False,TRAPPIST-1e,20.0,False,0.0,258.0,331.0,133.0,0.0,False,G,222.0,P,1434,1
Earth,False,TRAPPIST-1e,0.0,False,0.0,0.0,0.0,0.0,0.0,True,F,82.0,S,1434,2
Earth,True,TRAPPIST-1e,0.0,False,0.0,0.0,0.0,0.0,0.0,False,G,222.0,P,1434,3
Earth,False,Unknown,23.0,False,0.0,20.0,26.0,0.0,659.0,False,G,223.0,P,1435,1
Earth,False,TRAPPIST-1e,24.0,False,181.0,224.0,0.0,195.0,191.0,False,E,89.0,P,1438,1
Mars,False,TRAPPIST-1e,41.0,False,112.0,186.0,228.0,760.0,0.0,False,F,279.0,S,1439,1
Mars,False,TRAPPIST-1e,30.0,False,806.0,100.0,9.0,0.0,47.0,False,D,52.0,S,1439,2
Earth,False,TRAPPIST-1e,27.0,False,0.0,1826.0,39.0,11.0,649.0,False,F,280.0,S,1440,1
Earth,True,PSO J318.5-22,13.0,False,0.0,0.0,0.0,0.0,0.0,True,G,220.0,S,1442,1
Earth,True,TRAPPIST-1e,16.0,False,0.0,0.0,0.0,0.0,0.0,True,G,225.0,P,1443,1
Europa,False,TRAPPIST-1e,30.0,False,50.0,1248.0,0.0,1.0,912.0,True,C,55.0,S,1444,1
Earth,False,PSO J318.5-22,8.0,False,0.0,0.0,0.0,0.0,0.0,True,G,221.0,S,1445,1
Earth,False,TRAPPIST-1e,59.0,False,0.0,0.0,0.0,0.0,755.0,False,G,227.0,P,1447,1
Europa,True,55 Cancri e,43.0,False,0.0,0.0,0.0,0.0,0.0,True,D,53.0,S,1450,1
Europa,False,55 Cancri e,30.0,False,0.0,138.0,0.0,5467.0,112.0,False,D,53.0,S,1450,2
Europa,False,55 Cancri e,46.0,False,202.0,484.0,0.0,3208.0,2485.0,False,C,56.0,S,1451,1
Europa,True,TRAPPIST-1e,39.0,False,0.0,0.0,0.0,0.0,0.0,True,C,56.0,S,1451,2
Europa,False,TRAPPIST-1e,21.0,False,5.0,251.0,10.0,26.0,3384.0,False,C,53.0,P,1452,1
Europa,True,TRAPPIST-1e,70.0,False,0.0,0.0,0.0,0.0,0.0,True,F,82.0,S,1452,2
Europa,False,55 Cancri e,34.0,False,0.0,1646.0,0.0,51.0,1462.0,False,C,53.0,P,1452,3
Europa,False,TRAPPIST-1e,33.0,False,0.0,774.0,0.0,6255.0,6.0,False,C,53.0,P,1452,4
Europa,True,55 Cancri e,44.0,False,0.0,0.0,0.0,0.0,0.0,True,C,53.0,P,1452,5
Earth,False,55 Cancri e,16.0,False,0.0,2838.0,32.0,5.0,3404.0,False,G,229.0,P,1453,1
Earth,False,TRAPPIST-1e,63.0,False,3.0,801.0,0.0,0.0,5.0,True,G,229.0,P,1453,2
Europa,False,TRAPPIST-1e,37.0,False,0.0,13561.0,15.0,4060.0,72.0,False,D,54.0,S,1454,1
Europa,True,55 Cancri e,29.0,False,0.0,0.0,0.0,0.0,0.0,True,B,62.0,S,1455,1
Europa,False,TRAPPIST-1e,29.0,False,0.0,2509.0,0.0,16.0,698.0,True,B,62.0,S,1455,2
Europa,True,55 Cancri e,22.0,False,0.0,0.0,0.0,0.0,0.0,True,B,62.0,S,1455,3
Europa,False,TRAPPIST-1e,26.0,False,0.0,533.0,2119.0,10.0,504.0,True,B,62.0,S,1455,4
Europa,False,55 Cancri e,76.0,False,0.0,2732.0,422.0,16594.0,330.0,False,B,62.0,S,1455,5
Earth,False,TRAPPIST-1e,61.0,False,0.0,368.0,3.0,4422.0,0.0,False,E,110.0,S,1457,1
Unknown,False,TRAPPIST-1e,46.0,False,0.0,0.0,2020.0,323.0,0.0,False,G,223.0,S,1458,1
Earth,False,Unknown,19.0,False,0.0,905.0,387.0,0.0,0.0,True,F,285.0,P,1460,1
Earth,True,PSO J318.5-22,13.0,False,0.0,0.0,0.0,0.0,0.0,True,G,230.0,P,1460,2
Earth,True,TRAPPIST-1e,28.82793046746535,False,0.0,0.0,0.0,0.0,0.0,False,G,224.0,S,1461,1
Earth,True,TRAPPIST-1e,30.0,False,0.0,0.0,0.0,0.0,0.0,True,G,231.0,P,1462,1
Earth,False,PSO J318.5-22,23.0,False,200.0,414.0,73.0,1.0,1.0,False,F,282.0,S,1463,1
Earth,False,PSO J318.5-22,63.0,False,356.0,287.0,0.0,0.0,248.0,False,G,233.0,P,1465,1
Unknown,False,TRAPPIST-1e,21.0,False,894.0,1.0,0.0,61.0,26.0,False,E,111.0,S,1467,1
Mars,True,TRAPPIST-1e,32.0,False,0.0,0.0,0.0,0.0,0.0,True,F,287.0,P,1474,1
Earth,False,TRAPPIST-1e,33.0,False,0.0,0.0,0.0,417.0,2372.0,False,F,289.0,P,1478,1
Earth,False,PSO J318.5-22,39.0,False,0.0,19.0,733.0,0.0,701.0,False,F,289.0,P,1478,2
Mars,True,TRAPPIST-1e,49.0,False,0.0,0.0,0.0,0.0,0.0,True,F,290.0,P,1479,1
Mars,False,TRAPPIST-1e,27.0,False,555.0,0.0,744.0,0.0,0.0,False,E,91.0,P,1481,1
Earth,False,TRAPPIST-1e,16.0,False,92.0,1.0,884.0,0.0,0.0,False,E,93.0,P,1484,1
Mars,True,TRAPPIST-1e,38.0,False,0.0,0.0,0.0,0.0,0.0,True,F,291.0,P,1485,1
Mars,True,TRAPPIST-1e,42.0,False,0.0,0.0,0.0,0.0,0.0,True,E,94.0,P,1488,1
Earth,False,TRAPPIST-1e,19.0,False,73.0,0.0,0.0,813.0,2.0,False,G,229.0,S,1489,1
Europa,False,55 Cancri e,26.0,False,0.0,304.0,0.0,3998.0,0.0,False,D,47.0,P,1490,1
Earth,False,55 Cancri e,32.0,False,0.0,0.0,0.0,817.0,8.0,True,G,240.0,P,1491,1
Earth,False,TRAPPIST-1e,56.0,False,0.0,51.0,0.0,2.0,706.0,False,F,292.0,P,1491,2
Earth,False,TRAPPIST-1e,0.0,False,0.0,0.0,0.0,0.0,0.0,True,G,240.0,P,1491,3
Earth,False,TRAPPIST-1e,38.0,False,35.0,0.0,0.0,0.0,713.0,False,F,285.0,S,1493,1
Earth,False,TRAPPIST-1e,30.0,False,0.0,495.0,0.0,0.0,153.0,False,F,295.0,P,1498,1
Earth,False,TRAPPIST-1e,21.0,False,5.0,0.0,0.0,2.0,1061.0,False,F,287.0,S,1499,1
Earth,False,TRAPPIST-1e,11.0,False,0.0,0.0,0.0,0.0,0.0,False,G,230.0,S,1500,1
Earth,False,TRAPPIST-1e,3.0,False,0.0,0.0,0.0,0.0,0.0,False,G,230.0,S,1500,2
Earth,False,55 Cancri e,17.0,False,0.0,55.0,913.0,0.0,55.0,True,G,230.0,S,1500,3
Earth,False,55 Cancri e,35.0,False,0.0,0.0,0.0,0.0,0.0,True,G,230.0,S,1500,4
Earth,False,55 Cancri e,17.0,False,319.0,184.0,0.0,0.0,376.0,False,F,288.0,S,1500,5
Earth,True,TRAPPIST-1e,0.0,False,0.0,0.0,0.0,0.0,0.0,True,G,230.0,S,1500,6
Earth,True,TRAPPIST-1e,46.0,False,0.0,0.0,0.0,0.0,0.0,True,G,230.0,S,1500,7
Earth,False,TRAPPIST-1e,63.0,False,0.0,216.0,0.0,594.0,0.0,False,G,243.0,P,1501,1
Mars,False,TRAPPIST-1e,35.0,False,1890.0,0.0,497.0,1.0,0.0,False,D,48.0,P,1503,1
Mars,False,TRAPPIST-1e,61.0,False,1114.0,0.0,68.0,0.0,0.0,False,D,48.0,P,1503,2
Earth,False,Unknown,19.0,False,0.0,24.0,615.0,9.0,0.0,True,F,298.0,P,1506,1
Earth,False,TRAPPIST-1e,43.0,False,0.0,0.0,1217.0,2.0,0.0,True,F,289.0,S,1507,1
Earth,False,TRAPPIST-1e,14.0,False,1.0,1.0,683.0,419.0,0.0,False,F,289.0,S,1507,2
Earth,False,TRAPPIST-1e,78.0,False,0.0,0.0,0.0,441.0,4.0,False,G,231.0,S,1507,3
Earth,False,TRAPPIST-1e,21.0,False,398.0,490.0,0.0,0.0,0.0,False,F,289.0,S,1507,4
Mars,False,TRAPPIST-1e,32.0,False,1240.0,0.0,58.0,0.0,0.0,False,E,95.0,P,1509,1
Mars,False,TRAPPIST-1e,31.0,False,1226.0,0.0,1.0,0.0,0.0,False,F,291.0,S,1510,1
Europa,False,TRAPPIST-1e,40.0,False,1006.0,0.0,0.0,284.0,329.0,True,B,63.0,S,1511,1
Europa,True,TRAPPIST-1e,13.0,False,0.0,0.0,0.0,0.0,0.0,True,B,63.0,S,1511,2
Europa,False,TRAPPIST-1e,36.0,False,0.0,2345.0,0.0,1966.0,27.0,False,B,63.0,S,1511,3
Europa,False,55 Cancri e,31.0,False,65.0,2121.0,0.0,6431.0,1.0,False,B,63.0,S,1511,4
Earth,False,TRAPPIST-1e,18.0,False,765.0,0.0,13.0,0.0,0.0,False,F,293.0,S,1515,1
Earth,True,TRAPPIST-1e,40.0,False,0.0,0.0,0.0,0.0,0.0,True,G,235.0,S,1520,1
Mars,True,TRAPPIST-1e,28.0,False,0.0,0.0,0.0,0.0,0.0,True,F,295.0,S,1521,1
Europa,True,55 Cancri e,41.0,False,0.0,0.0,0.0,0.0,0.0,True,B,64.0,S,1523,1
Europa,True,TRAPPIST-1e,35.0,False,0.0,0.0,0.0,0.0,0.0,True,B,64.0,S,1523,2
Earth,True,TRAPPIST-1e,14.0,False,0.0,0.0,0.0,0.0,0.0,True,G,236.0,S,1524,1
Mars,False,TRAPPIST-1e,20.0,False,539.0,1269.0,38.0,0.0,0.0,True,F,299.0,P,1525,1
Earth,False,55 Cancri e,23.0,False,4.0,0.0,2.0,254.0,521.0,False,F,300.0,P,1526,1
Europa,True,55 Cancri e,22.0,False,0.0,0.0,0.0,0.0,0.0,True,D,49.0,P,1527,1
Europa,False,TRAPPIST-1e,25.0,False,0.0,0.0,0.0,0.0,0.0,True,D,49.0,P,1527,2
Mars,False,55 Cancri e,18.0,False,3992.0,673.0,1360.0,2.0,0.0,True,D,50.0,P,1528,1
Europa,False,PSO J318.5-22,25.0,True,0.0,7069.0,0.0,45.0,282.0,True,A,16.0,S,1529,1
Europa,False,TRAPPIST-1e,30.0,False,0.0,0.0,0.0,0.0,0.0,True,A,16.0,S,1529,2
Earth,False,TRAPPIST-1e,46.0,False,0.0,0.0,533.0,277.0,0.0,False,G,237.0,S,1531,1
Europa,False,TRAPPIST-1e,27.0,False,0.0,31.0,0.0,1.0,11378.0,False,B,65.0,S,1532,1
Earth,False,TRAPPIST-1e,53.0,False,1015.0,0.0,0.0,0.0,1.0,False,G,244.0,P,1533,1
Mars,True,TRAPPIST-1e,21.0,False,0.0,0.0,0.0,0.0,0.0,True,F,297.0,S,1536,1
Europa,False,55 Cancri e,32.0,False,54.0,3782.0,0.0,21.0,5.0,True,A,17.0,S,1539,1
Europa,False,TRAPPIST-1e,32.0,False,1.0,470.0,0.0,1440.0,2114.0,False,C,55.0,P,1540,1
Europa,False,TRAPPIST-1e,33.0,True,0.0,7139.0,22.0,0.0,553.0,True,C,55.0,P,1540,2
Europa,False,TRAPPIST-1e,26.0,False,0.0,170.0,0.0,3718.0,0.0,False,C,55.0,P,1540,3
Earth,False,TRAPPIST-1e,47.0,False,12.0,7.0,0.0,720.0,0.0,True,F,298.0,S,1541,1
Mars,False,TRAPPIST-1e,13.0,False,7172.0,0.0,157.0,20.0,0.0,False,F,299.0,S,1542,1
Europa,True,55 Cancri e,34.0,False,0.0,0.0,0.0,0.0,0.0,True,C,56.0,P,1543,1
Earth,False,TRAPPIST-1e,21.0,False,9.0,0.0,0.0,0.0,800.0,False,G,245.0,P,1544,1
Mars,False,TRAPPIST-1e,20.0,False,206.0,0.0,629.0,67.0,523.0,True,F,82.0,S,1545,1
Earth,False,TRAPPIST-1e,21.0,False,163.0,0.0,661.0,32.0,0.0,False,F,301.0,S,1547,1
Europa,True,55 Cancri e,51.0,False,0.0,0.0,0.0,0.0,0.0,True,B,50.0,P,1548,1
Europa,True,TRAPPIST-1e,18.0,False,0.0,0.0,0.0,0.0,0.0,True,B,50.0,P,1548,2
Europa,False,TRAPPIST-1e,26.0,False,1.0,230.0,0.0,42.0,4030.0,False,C,58.0,S,1550,1
Europa,False,55 Cancri e,53.0,True,5022.0,2376.0,0.0,0.0,235.0,False,F,82.0,S,1550,2
Europa,False,TRAPPIST-1e,30.0,False,0.0,1376.0,43.0,0.0,1460.0,True,E,96.0,P,1551,1
Earth,True,TRAPPIST-1e,37.0,False,0.0,0.0,0.0,0.0,0.0,False,G,240.0,S,1552,1
Europa,False,TRAPPIST-1e,45.0,False,0.0,1389.0,0.0,2987.0,0.0,False,A,18.0,S,1555,1
Earth,False,TRAPPIST-1e,62.0,False,877.0,15.0,0.0,0.0,1.0,False,G,247.0,P,1558,1
Earth,False,TRAPPIST-1e,38.0,False,0.0,1.0,45.0,0.0,837.0,False,G,242.0,S,1560,1
Earth,False,55 Cancri e,24.0,False,1030.0,0.0,0.0,0.0,1122.0,False,F,305.0,P,1561,1
Earth,False,TRAPPIST-1e,18.0,False,341.0,0.0,332.0,102.0,0.0,False,F,306.0,P,1562,1
Mars,True,TRAPPIST-1e,23.0,False,0.0,0.0,0.0,0.0,0.0,False,F,303.0,S,1564,1
Earth,False,PSO J318.5-22,16.0,False,0.0,1519.0,0.0,0.0,766.0,False,F,304.0,S,1565,1
Europa,True,TRAPPIST-1e,37.0,False,0.0,0.0,0.0,0.0,0.0,True,B,53.0,P,1567,1
Earth,False,TRAPPIST-1e,22.0,False,1018.0,100.0,0.0,9.0,0.0,False,F,82.0,S,1568,1
Earth,True,PSO J318.5-22,18.0,False,0.0,0.0,0.0,0.0,0.0,True,G,248.0,P,1568,2
Mars,True,TRAPPIST-1e,25.0,False,0.0,0.0,0.0,0.0,0.0,True,F,308.0,P,1569,1
Earth,False,TRAPPIST-1e,26.0,False,758.0,17.0,11.0,0.0,0.0,False,G,249.0,P,1572,1
Earth,False,TRAPPIST-1e,25.0,False,4.0,0.0,146.0,723.0,0.0,False,F,309.0,P,1572,2
Mars,False,TRAPPIST-1e,55.0,False,938.0,0.0,82.0,0.0,162.0,False,D,56.0,S,1573,1
Mars,False,TRAPPIST-1e,28.0,False,641.0,0.0,372.0,0.0,16.0,False,E,97.0,P,1576,1
Earth,False,Unknown,23.0,False,0.0,169.0,0.0,0.0,0.0,True,F,310.0,P,1577,1
Earth,False,TRAPPIST-1e,22.0,False,0.0,24.0,0.0,176.0,783.0,False,E,98.0,P,1578,1
Earth,False,55 Cancri e,26.0,False,333.0,1819.0,0.0,1.0,0.0,True,F,311.0,P,1579,1
Earth,False,TRAPPIST-1e,13.0,False,0.0,0.0,8.0,0.0,714.0,False,G,246.0,S,1580,1
Earth,False,TRAPPIST-1e,18.0,False,428.0,0.0,36.0,0.0,424.0,False,G,246.0,S,1580,2
Mars,True,TRAPPIST-1e,38.0,False,0.0,0.0,0.0,0.0,0.0,True,F,312.0,P,1581,1
Mars,True,TRAPPIST-1e,28.0,False,0.0,0.0,0.0,0.0,0.0,True,F,82.0,S,1581,2
Earth,False,TRAPPIST-1e,57.0,False,433.0,0.0,0.0,371.0,0.0,False,F,314.0,P,1584,1
Earth,True,TRAPPIST-1e,0.0,False,0.0,0.0,0.0,0.0,0.0,False,G,251.0,P,1584,2
Earth,True,TRAPPIST-1e,18.0,False,0.0,0.0,0.0,0.0,0.0,True,G,252.0,P,1585,1
Europa,True,TRAPPIST-1e,25.0,False,0.0,0.0,0.0,0.0,0.0,True,E,99.0,P,1588,1
Europa,False,55 Cancri e,35.0,False,0.0,17394.0,0.0,724.0,0.0,True,E,99.0,P,1588,2
Europa,False,TRAPPIST-1e,37.0,False,0.0,1336.0,2.0,12.0,7.0,True,D,57.0,S,1590,1
Europa,False,55 Cancri e,33.0,False,0.0,26.0,1.0,33.0,2439.0,False,D,57.0,S,1590,2
Europa,False,TRAPPIST-1e,35.0,False,305.0,3621.0,0.0,320.0,341.0,True,C,60.0,S,1592,1
Europa,False,55 Cancri e,47.0,False,16.0,2127.0,1487.0,0.0,196.0,True,C,60.0,S,1592,2
Earth,False,TRAPPIST-1e,23.0,False,5.0,51.0,0.0,732.0,0.0,False,E,114.0,S,1593,1
Earth,False,TRAPPIST-1e,28.82793046746535,False,0.0,3.0,0.0,2.0,923.0,True,G,253.0,P,1594,1
Europa,False,55 Cancri e,27.0,False,0.0,4342.0,0.0,0.0,36.0,True,C,57.0,P,1595,1
Europa,True,TRAPPIST-1e,23.0,False,0.0,0.0,0.0,0.0,0.0,True,B,54.0,P,1596,1
Earth,True,TRAPPIST-1e,31.0,False,0.0,0.0,0.0,0.0,0.0,True,G,254.0,P,1597,1
Europa,True,TRAPPIST-1e,19.0,False,0.0,0.0,0.0,0.0,0.0,True,C,58.0,P,1599,1
Europa,True,55 Cancri e,53.0,False,0.0,0.0,0.0,0.0,0.0,True,C,58.0,P,1599,2
Earth,False,TRAPPIST-1e,37.0,False,22.0,5.0,0.0,747.0,0.0,False,G,255.0,P,1601,1
Earth,False,TRAPPIST-1e,18.0,False,0.0,0.0,0.0,2681.0,55.0,False,F,307.0,S,1602,1
Earth,False,TRAPPIST-1e,42.0,False,0.0,594.0,0.0,0.0,119.0,False,F,317.0,P,1603,1
Earth,True,TRAPPIST-1e,7.0,False,0.0,0.0,0.0,0.0,0.0,True,G,256.0,P,1603,2
Earth,False,55 Cancri e,7.0,False,0.0,0.0,0.0,0.0,0.0,True,G,256.0,P,1603,3
Earth,False,TRAPPIST-1e,24.0,False,2.0,3.0,0.0,616.0,161.0,False,G,257.0,P,1604,1
Europa,False,TRAPPIST-1e,20.0,False,13.0,817.0,0.0,1435.0,22.0,True,E,116.0,S,1606,1
Earth,False,TRAPPIST-1e,24.0,False,1158.0,193.0,798.0,2.0,0.0,False,F,319.0,P,1608,1
Earth,False,TRAPPIST-1e,42.0,False,0.0,865.0,0.0,0.0,44.0,True,G,248.0,S,1611,1
Europa,False,TRAPPIST-1e,49.0,False,0.0,3750.0,0.0,2.0,341.0,True,E,101.0,P,1612,1
Europa,True,TRAPPIST-1e,47.0,False,0.0,0.0,0.0,0.0,0.0,True,E,101.0,P,1612,2
Earth,False,55 Cancri e,16.0,False,825.0,9.0,0.0,0.0,42.0,False,F,82.0,S,1613,1
Mars,False,TRAPPIST-1e,26.0,True,432.0,0.0,965.0,35.0,0.0,False,F,321.0,P,1614,1
Earth,False,TRAPPIST-1e,24.0,False,0.0,0.0,6.0,685.0,0.0,False,F,322.0,P,1615,1
Earth,True,TRAPPIST-1e,38.0,False,0.0,0.0,0.0,0.0,0.0,True,G,259.0,P,1615,2
Earth,False,TRAPPIST-1e,0.0,False,0.0,0.0,0.0,0.0,0.0,True,G,259.0,P,1615,3
Mars,False,PSO J318.5-22,37.0,False,295.0,1575.0,19.0,515.0,0.0,False,D,53.0,P,1617,1
Earth,True,TRAPPIST-1e,39.0,False,0.0,0.0,0.0,0.0,0.0,True,G,249.0,S,1619,1
Earth,False,55 Cancri e,25.0,False,553.0,0.0,1.0,239.0,8.0,True,F,308.0,S,1621,1
Earth,False,PSO J318.5-22,25.0,False,172.0,129.0,41.0,0.0,341.0,False,F,308.0,S,1621,2
Mars,True,TRAPPIST-1e,35.0,False,0.0,0.0,0.0,0.0,0.0,True,F,323.0,P,1622,1
Earth,True,PSO J318.5-22,0.0,False,0.0,0.0,0.0,0.0,0.0,True,G,250.0,S,1624,1
Earth,False,55 Cancri e,46.0,False,612.0,0.0,62.0,0.0,0.0,True,G,250.0,S,1624,2
Earth,False,TRAPPIST-1e,4.0,False,0.0,0.0,0.0,0.0,0.0,True,G,250.0,S,1624,3
Europa,True,55 Cancri e,19.0,False,0.0,0.0,0.0,0.0,0.0,True,C,59.0,P,1625,1
Europa,False,TRAPPIST-1e,29.0,False,0.0,930.0,0.0,2113.0,98.0,False,C,59.0,P,1625,2
Earth,False,TRAPPIST-1e,19.0,False,0.0,9.0,0.0,0.0,1.0,False,F,324.0,P,1626,1
Europa,True,TRAPPIST-1e,47.0,False,0.0,0.0,0.0,0.0,0.0,True,B,71.0,S,1628,1
Earth,True,PSO J318.5-22,1.0,False,0.0,0.0,0.0,0.0,0.0,True,G,252.0,S,1630,1
Earth,True,TRAPPIST-1e,4.0,False,0.0,0.0,0.0,0.0,0.0,False,G,252.0,S,1630,2
Earth,False,TRAPPIST-1e,37.0,False,0.0,27.0,11.0,732.0,5.0,False,F,309.0,S,1630,3
Earth,False,TRAPPIST-1e,61.0,False,1215.0,32.0,0.0,0.0,362.0,False,E,118.0,S,1631,1
Europa,True,TRAPPIST-1e,32.0,False,0.0,0.0,0.0,0.0,0.0,True,C,62.0,S,1632,1
Earth,True,TRAPPIST-1e,4.0,False,0.0,0.0,0.0,0.0,0.0,True,G,261.0,P,1633,1
Earth,True,TRAPPIST-1e,16.0,False,0.0,0.0,0.0,0.0,0.0,True,G,261.0,P,1633,2
Earth,True,55 Cancri e,25.0,False,0.0,0.0,0.0,0.0,0.0,False,G,253.0,S,1634,1
Earth,False,TRAPPIST-1e,22.0,False,1300.0,0.0,0.0,0.0,1134.0,False,F,325.0,P,1635,1
Earth,False,TRAPPIST-1e,41.0,False,139.0,666.0,6.0,71.0,25.0,False,G,254.0,S,1636,1
Earth,True,TRAPPIST-1e,25.0,False,0.0,0.0,0.0,0.0,0.0,True,G,255.0,S,1637,1
Earth,False,TRAPPIST-1e,19.0,False,414.0,0.0,66.0,307.0,0.0,False,E,119.0,S,1638,1
Earth,False,TRAPPIST-1e,21.0,False,305.0,0.0,1.0,618.0,2.0,True,G,262.0,P,1640,1
Earth,False,55 Cancri e,14.0,False,0.0,2.0,0.0,0.0,794.0,False,F,327.0,P,1644,1
Unknown,True,55 Cancri e,18.0,False,0.0,0.0,0.0,0.0,0.0,False,F,82.0,S,1645,1
Earth,False,TRAPPIST-1e,34.0,False,0.0,0.0,885.0,0.0,0.0,True,G,264.0,P,1646,1
Earth,False,TRAPPIST-1e,33.0,False,954.0,0.0,10.0,3.0,2.0,False,F,328.0,P,1647,1
Earth,True,55 Cancri e,14.0,False,0.0,0.0,0.0,0.0,0.0,False,G,265.0,P,1649,1
Earth,True,55 Cancri e,28.0,False,0.0,0.0,0.0,0.0,0.0,True,G,258.0,S,1650,1
Earth,True,PSO J318.5-22,43.0,False,0.0,0.0,0.0,0.0,0.0,False,G,266.0,P,1651,1
Earth,False,55 Cancri e,3.0,False,0.0,0.0,0.0,0.0,0.0,True,G,266.0,P,1651,2
Earth,True,PSO J318.5-22,0.0,False,0.0,0.0,0.0,0.0,0.0,True,G,266.0,P,1651,3
Europa,False,Unknown,47.0,False,4.0,1303.0,830.0,774.0,2.0,False,A,19.0,S,1653,1
Earth,False,TRAPPIST-1e,28.0,False,3202.0,0.0,0.0,0.0,5.0,False,F,82.0,S,1655,1
Earth,False,TRAPPIST-1e,40.0,False,0.0,807.0,0.0,0.0,0.0,True,F,310.0,S,1655,2
Earth,False,TRAPPIST-1e,17.0,False,1.0,160.0,37.0,0.0,0.0,False,F,311.0,S,1656,1
Earth,False,TRAPPIST-1e,21.0,False,0.0,0.0,218.0,109.0,5321.0,False,G,267.0,P,1657,1
Mars,False,TRAPPIST-1e,28.82793046746535,False,1150.0,0.0,6.0,4.0,0.0,True,F,312.0,S,1658,1
Earth,False,TRAPPIST-1e,41.0,False,0.0,82.0,3.0,0.0,718.0,False,F,313.0,S,1659,1
Earth,False,TRAPPIST-1e,20.0,False,0.0,1.0,0.0,905.0,0.0,False,E,122.0,S,1660,1
Europa,False,TRAPPIST-1e,56.0,False,0.0,0.0,0.0,0.0,0.0,False,A,20.0,S,1661,1
Europa,False,TRAPPIST-1e,57.0,False,0.0,62.0,0.0,2136.0,178.0,False,A,20.0,S,1661,2
Europa,True,TRAPPIST-1e,48.0,False,0.0,0.0,0.0,0.0,0.0,True,A,20.0,S,1661,3
Europa,False,TRAPPIST-1e,37.0,False,0.0,2390.0,0.0,1306.0,0.0,False,A,20.0,S,1661,4
Earth,False,PSO J318.5-22,20.0,False,127.0,0.0,0.0,542.0,0.0,False,F,314.0,S,1662,1
Earth,True,PSO J318.5-22,36.0,False,0.0,0.0,0.0,0.0,0.0,True,G,268.0,P,1663,1
Europa,False,TRAPPIST-1e,38.0,False,158.0,787.0,2820.0,0.0,86.0,True,D,59.0,S,1666,1
Earth,False,TRAPPIST-1e,22.0,False,2.0,0.0,6.0,101.0,536.0,False,F,316.0,S,1668,1
Mars,False,TRAPPIST-1e,31.0,False,2436.0,0.0,147.0,16.0,0.0,False,F,317.0,S,1669,1
Mars,True,TRAPPIST-1e,0.0,False,0.0,0.0,0.0,0.0,0.0,True,F,317.0,S,1669,2
Mars,False,55 Cancri e,21.0,False,1481.0,0.0,881.0,0.0,0.0,False,F,317.0,S,1669,3
Earth,False,TRAPPIST-1e,49.0,False,0.0,67.0,213.0,2.0,1442.0,False,G,269.0,P,1670,1
Earth,True,TRAPPIST-1e,44.0,False,0.0,0.0,0.0,0.0,0.0,False,G,269.0,P,1670,2
Europa,False,55 Cancri e,28.82793046746535,False,0.0,859.0,0.0,6704.0,64.0,False,B,73.0,S,1671,1
Earth,False,TRAPPIST-1e,29.0,False,7.0,0.0,0.0,797.0,0.0,False,F,318.0,S,1672,1
Earth,False,55 Cancri e,16.0,False,876.0,0.0,5.0,1.0,16.0,False,F,330.0,P,1673,1
Earth,True,PSO J318.5-22,20.0,False,0.0,0.0,0.0,0.0,0.0,False,G,260.0,S,1674,1
Earth,True,TRAPPIST-1e,26.0,False,0.0,0.0,0.0,0.0,0.0,False,G,270.0,P,1676,1
Earth,False,TRAPPIST-1e,19.0,False,5.0,87.0,0.0,0.0,0.0,False,E,103.0,P,1677,1
Earth,False,TRAPPIST-1e,34.0,False,1.0,89.0,0.0,793.0,0.0,False,G,261.0,S,1681,1
Mars,True,TRAPPIST-1e,38.0,False,0.0,0.0,0.0,0.0,0.0,True,F,331.0,P,1682,1
Earth,False,55 Cancri e,51.0,False,0.0,260.0,91.0,0.0,264.0,False,F,82.0,S,1685,1
Earth,False,55 Cancri e,7.0,False,0.0,0.0,0.0,0.0,0.0,False,G,272.0,P,1685,2
Earth,True,TRAPPIST-1e,3.0,False,0.0,0.0,0.0,0.0,0.0,True,G,272.0,P,1685,3
Mars,False,TRAPPIST-1e,26.0,True,714.0,450.0,208.0,0.0,44.0,False,F,334.0,P,1687,1
Earth,False,TRAPPIST-1e,27.0,False,233.0,554.0,0.0,0.0,0.0,False,E,124.0,S,1688,1
Earth,True,TRAPPIST-1e,7.0,False,0.0,0.0,0.0,0.0,0.0,False,F,82.0,S,1688,2
Earth,True,TRAPPIST-1e,19.0,False,0.0,0.0,0.0,0.0,0.0,True,G,262.0,S,1688,3
Earth,False,TRAPPIST-1e,28.0,False,0.0,26.0,88.0,5.0,754.0,False,F,335.0,P,1690,1
Mars,False,TRAPPIST-1e,27.0,False,3482.0,1234.0,1155.0,0.0,0.0,False,F,321.0,S,1691,1
Earth,True,PSO J318.5-22,31.0,False,0.0,0.0,0.0,0.0,0.0,True,G,263.0,S,1694,1
Earth,False,TRAPPIST-1e,26.0,False,324.0,0.0,201.0,2.0,256.0,False,G,264.0,S,1695,1
Europa,False,TRAPPIST-1e,43.0,False,0.0,760.0,17.0,15331.0,427.0,False,B,55.0,P,1696,1
Earth,False,TRAPPIST-1e,23.0,False,0.0,13.0,0.0,773.0,0.0,False,G,274.0,P,1697,1
Unknown,True,PSO J318.5-22,14.0,False,0.0,0.0,0.0,0.0,0.0,True,E,125.0,S,1698,1
Earth,False,55 Cancri e,47.0,False,0.0,574.0,0.0,0.0,68.0,True,F,336.0,P,1699,1
Europa,True,TRAPPIST-1e,17.0,False,0.0,0.0,0.0,0.0,0.0,True,B,74.0,S,1700,1
Europa,False,TRAPPIST-1e,64.0,False,0.0,4.0,0.0,6200.0,622.0,False,B,74.0,S,1700,2
Mars,False,TRAPPIST-1e,13.0,False,1112.0,0.0,687.0,0.0,3.0,False,D,60.0,S,1704,1
Mars,False,55 Cancri e,18.0,False,86.0,1164.0,516.0,0.0,0.0,True,D,60.0,S,1704,2
Mars,False,TRAPPIST-1e,29.0,True,0.0,0.0,0.0,0.0,0.0,False,E,126.0,S,1705,1
Earth,False,PSO J318.5-22,70.0,False,0.0,3.0,1.0,2.0,1290.0,False,F,338.0,P,1708,1
Mars,False,TRAPPIST-1e,23.0,False,31.0,0.0,1247.0,0.0,47.0,False,F,326.0,S,1709,1
Mars,False,TRAPPIST-1e,23.0,False,2210.0,0.0,89.0,0.0,0.0,True,D,61.0,S,1709,2
Mars,False,TRAPPIST-1e,35.0,False,1313.0,0.0,24.0,0.0,1.0,False,F,82.0,S,1709,3
Mars,False,TRAPPIST-1e,17.0,False,1744.0,0.0,136.0,8.0,8.0,False,E,127.0,S,1709,4
Mars,True,TRAPPIST-1e,26.0,False,0.0,0.0,0.0,0.0,0.0,True,F,326.0,S,1709,5
Mars,False,TRAPPIST-1e,15.0,False,1554.0,0.0,646.0,20.0,1241.0,False,D,61.0,S,1709,6
Mars,False,TRAPPIST-1e,19.0,False,285.0,54.0,1246.0,102.0,0.0,False,F,326.0,S,1709,7
Earth,True,PSO J318.5-22,20.0,False,0.0,0.0,0.0,0.0,0.0,True,G,276.0,P,1710,1
Earth,False,TRAPPIST-1e,51.0,False,437.0,244.0,908.0,825.0,0.0,False,F,327.0,S,1711,1
Mars,False,TRAPPIST-1e,17.0,False,139.0,0.0,959.0,21.0,0.0,False,F,339.0,P,1712,1
Mars,False,TRAPPIST-1e,27.0,False,103.0,1.0,49.0,2421.0,24.0,False,F,339.0,P,1712,2
Earth,False,TRAPPIST-1e,43.0,False,84.0,726.0,2.0,0.0,0.0,False,G,277.0,P,1713,1
Earth,False,TRAPPIST-1e,5.0,False,0.0,0.0,0.0,0.0,0.0,False,G,265.0,S,1714,1
Earth,True,TRAPPIST-1e,17.0,False,0.0,0.0,0.0,0.0,0.0,False,G,266.0,S,1715,1
Earth,False,TRAPPIST-1e,40.0,False,813.0,0.0,473.0,236.0,0.0,True,E,105.0,P,1717,1
Earth,False,TRAPPIST-1e,38.0,False,4.0,0.0,0.0,0.0,1679.0,False,E,105.0,P,1717,2
Earth,True,TRAPPIST-1e,20.0,False,0.0,0.0,0.0,0.0,0.0,True,F,82.0,S,1718,1
Earth,True,TRAPPIST-1e,13.0,False,0.0,0.0,0.0,0.0,0.0,False,G,278.0,P,1719,1
Earth,False,TRAPPIST-1e,15.0,False,320.0,36.0,5.0,0.0,640.0,False,F,341.0,P,1721,1
Earth,False,TRAPPIST-1e,15.0,False,852.0,0.0,0.0,135.0,0.0,False,E,128.0,S,1723,1
Europa,False,55 Cancri e,59.0,False,8.0,1563.0,0.0,73.0,31.0,True,A,21.0,S,1724,1
Earth,False,TRAPPIST-1e,24.0,False,0.0,201.0,0.0,0.0,603.0,False,F,328.0,S,1725,1
Mars,True,Unknown,28.82793046746535,False,0.0,0.0,0.0,0.0,0.0,True,F,342.0,P,1727,1
Mars,False,55 Cancri e,52.0,False,1279.0,0.0,1061.0,359.0,0.0,False,D,54.0,P,1727,2
Earth,False,TRAPPIST-1e,38.0,False,553.0,0.0,0.0,87.0,243.0,False,G,280.0,P,1728,1
Earth,False,TRAPPIST-1e,26.0,False,21.0,0.0,499.0,568.0,0.0,True,F,343.0,P,1729,1
Earth,False,55 Cancri e,17.0,False,68.0,0.0,0.0,0.0,795.0,True,E,106.0,P,1730,1
Earth,True,PSO J318.5-22,17.0,False,0.0,0.0,0.0,0.0,0.0,True,G,281.0,P,1731,1
Earth,False,55 Cancri e,20.0,False,1.0,808.0,0.0,0.0,0.0,True,G,281.0,P,1731,2
Earth,False,TRAPPIST-1e,15.0,False,1336.0,108.0,0.0,0.0,0.0,False,F,344.0,P,1733,1
Earth,True,TRAPPIST-1e,30.0,False,0.0,0.0,0.0,0.0,0.0,True,G,283.0,P,1734,1
Earth,True,PSO J318.5-22,22.0,False,0.0,0.0,0.0,0.0,0.0,False,G,284.0,P,1736,1
Earth,False,TRAPPIST-1e,18.0,False,0.0,0.0,19.0,467.0,0.0,False,E,129.0,S,1738,1
Earth,True,55 Cancri e,22.0,False,0.0,0.0,0.0,0.0,0.0,True,G,268.0,S,1738,2
Earth,True,PSO J318.5-22,20.0,False,0.0,0.0,0.0,0.0,0.0,True,G,269.0,S,1739,1
Earth,False,TRAPPIST-1e,22.0,False,762.0,13.0,10.0,0.0,0.0,False,G,270.0,S,1740,1
Mars,False,PSO J318.5-22,34.0,True,49.0,478.0,387.0,0.0,0.0,False,D,55.0,P,1742,1
Europa,False,TRAPPIST-1e,28.0,False,0.0,1310.0,0.0,221.0,6064.0,False,E,130.0,S,1745,1
Mars,True,TRAPPIST-1e,50.0,False,0.0,0.0,0.0,0.0,0.0,True,F,331.0,S,1746,1
Earth,False,55 Cancri e,19.0,False,0.0,0.0,496.0,13.0,0.0,True,G,271.0,S,1747,1
Earth,False,TRAPPIST-1e,21.0,False,0.0,0.0,0.0,2.0,807.0,False,G,287.0,P,1748,1
Earth,False,TRAPPIST-1e,0.0,False,0.0,0.0,0.0,0.0,0.0,False,G,287.0,P,1748,2
Earth,False,TRAPPIST-1e,4.0,False,0.0,0.0,0.0,0.0,0.0,True,G,287.0,P,1748,3
Earth,True,PSO J318.5-22,59.0,False,0.0,0.0,0.0,0.0,0.0,False,G,288.0,P,1749,1
Earth,False,55 Cancri e,15.0,False,1006.0,1.0,0.0,0.0,308.0,True,F,333.0,S,1752,1
Earth,True,TRAPPIST-1e,24.0,False,0.0,0.0,0.0,0.0,0.0,True,G,272.0,S,1753,1
Earth,True,TRAPPIST-1e,26.0,False,0.0,0.0,0.0,0.0,0.0,False,G,273.0,S,1755,1
Earth,False,TRAPPIST-1e,67.0,False,26.0,809.0,0.0,39.0,26.0,False,F,334.0,S,1757,1
Earth,False,TRAPPIST-1e,55.0,False,587.0,0.0,0.0,318.0,3.0,False,G,274.0,S,1758,1
Earth,False,TRAPPIST-1e,50.0,False,742.0,21.0,10.0,26.0,4.0,False,F,336.0,S,1760,1
Earth,False,55 Cancri e,23.0,False,145.0,490.0,17.0,49.0,1.0,False,F,347.0,P,1761,1
Earth,False,PSO J318.5-22,21.0,False,2400.0,7.0,0.0,20.0,0.0,True,E,132.0,S,1762,1
Earth,False,Unknown,15.0,False,104.0,0.0,0.0,174.0,253.0,False,G,275.0,S,1762,2
Europa,False,TRAPPIST-1e,41.0,False,0.0,3240.0,0.0,59.0,0.0,True,E,133.0,S,1763,1
Mars,True,TRAPPIST-1e,59.0,False,0.0,0.0,0.0,0.0,0.0,True,F,337.0,S,1764,1
Mars,False,TRAPPIST-1e,18.0,False,0.0,0.0,0.0,0.0,0.0,False,E,134.0,S,1764,2
Earth,False,55 Cancri e,21.0,False,112.0,0.0,0.0,0.0,1333.0,False,F,338.0,S,1766,1
Europa,True,55 Cancri e,14.0,False,0.0,0.0,0.0,0.0,0.0,True,C,65.0,S,1767,1
Europa,False,TRAPPIST-1e,50.0,False,3677.0,782.0,0.0,6.0,1168.0,True,C,65.0,S,1767,2
Europa,False,TRAPPIST-1e,32.0,False,2973.0,3368.0,124.0,57.0,42.0,True,C,65.0,S,1767,3
Europa,True,TRAPPIST-1e,46.0,False,0.0,0.0,0.0,0.0,0.0,True,C,65.0,S,1767,4
Earth,False,TRAPPIST-1e,28.82793046746535,False,0.0,24.0,0.0,732.0,0.0,False,G,276.0,S,1768,1
Mars,True,TRAPPIST-1e,58.0,False,0.0,0.0,0.0,0.0,0.0,True,F,339.0,S,1769,1
Europa,True,55 Cancri e,15.0,False,0.0,0.0,0.0,0.0,0.0,True,B,75.0,S,1770,1
Earth,False,TRAPPIST-1e,35.0,False,0.0,338.0,436.0,0.0,0.0,True,G,291.0,P,1771,1
Mars,False,TRAPPIST-1e,30.0,False,1220.0,0.0,49.0,39.0,0.0,False,F,348.0,P,1772,1
Mars,True,TRAPPIST-1e,30.0,False,0.0,0.0,0.0,0.0,0.0,True,E,135.0,S,1774,1
Earth,False,TRAPPIST-1e,43.0,False,0.0,0.0,870.0,0.0,14.0,True,G,277.0,S,1775,1
Earth,False,TRAPPIST-1e,21.0,False,0.0,0.0,809.0,0.0,0.0,False,G,278.0,S,1776,1
Earth,True,PSO J318.5-22,15.0,False,0.0,0.0,0.0,0.0,0.0,False,G,279.0,S,1778,1
Earth,False,55 Cancri e,37.0,False,164.0,603.0,0.0,0.0,11.0,True,F,349.0,P,1779,1
Europa,False,55 Cancri e,28.0,False,0.0,11026.0,0.0,0.0,12.0,True,C,66.0,S,1781,1
Earth,True,TRAPPIST-1e,28.0,False,0.0,0.0,0.0,0.0,0.0,False,F,82.0,S,1782,1
Earth,False,TRAPPIST-1e,40.0,False,596.0,0.0,135.0,73.0,0.0,False,F,341.0,S,1782,2
Earth,False,55 Cancri e,42.0,False,28.0,0.0,0.0,0.0,591.0,False,G,281.0,S,1783,1
Earth,True,PSO J318.5-22,21.0,False,0.0,0.0,0.0,0.0,0.0,False,G,281.0,S,1783,2
Mars,True,55 Cancri e,31.0,False,0.0,0.0,0.0,0.0,0.0,False,E,107.0,P,1785,1
Earth,False,TRAPPIST-1e,51.0,False,28.0,94.0,0.0,34.0,638.0,False,F,342.0,S,1786,1
Mars,False,TRAPPIST-1e,73.0,False,27.0,2.0,71.0,1208.0,0.0,False,F,352.0,P,1792,1
Europa,True,TRAPPIST-1e,26.0,False,0.0,0.0,0.0,0.0,0.0,True,C,67.0,S,1796,1
Europa,True,55 Cancri e,33.0,False,0.0,0.0,0.0,0.0,0.0,True,B,57.0,P,1797,1
Earth,False,TRAPPIST-1e,39.0,False,1.0,275.0,33.0,376.0,105.0,False,E,137.0,S,1798,1
Earth,False,TRAPPIST-1e,19.0,False,5.0,639.0,0.0,84.0,180.0,False,G,295.0,P,1799,1
Earth,False,55 Cancri e,12.0,False,0.0,0.0,0.0,0.0,0.0,True,G,283.0,S,1800,1
Earth,True,55 Cancri e,10.0,False,0.0,0.0,0.0,0.0,0.0,False,G,283.0,S,1800,2
Earth,True,TRAPPIST-1e,0.0,False,0.0,0.0,0.0,0.0,0.0,False,G,283.0,S,1800,3
Earth,False,TRAPPIST-1e,0.0,False,0.0,0.0,0.0,0.0,0.0,True,G,283.0,S,1800,4
Earth,True,TRAPPIST-1e,1.0,False,0.0,0.0,0.0,0.0,0.0,True,G,283.0,S,1800,5
Earth,False,TRAPPIST-1e,33.0,False,0.0,0.0,2.0,787.0,1.0,False,E,109.0,P,1802,1
Earth,False,55 Cancri e,23.0,False,0.0,169.0,0.0,553.0,0.0,False,F,354.0,P,1803,1
Mars,True,TRAPPIST-1e,5.0,False,0.0,0.0,0.0,0.0,0.0,True,F,355.0,P,1804,1
Earth,True,TRAPPIST-1e,24.0,False,0.0,0.0,0.0,0.0,0.0,True,G,284.0,S,1805,1
Mars,False,TRAPPIST-1e,26.0,False,0.0,0.0,0.0,0.0,0.0,False,E,138.0,S,1806,1
Europa,False,55 Cancri e,30.0,False,0.0,3722.0,4.0,140.0,4045.0,False,B,58.0,P,1807,1
Earth,False,TRAPPIST-1e,33.0,False,0.0,763.0,8.0,2.0,30.0,False,F,346.0,S,1808,1
Mars,False,TRAPPIST-1e,56.0,False,4694.0,0.0,2661.0,51.0,0.0,False,F,356.0,P,1810,1
Earth,True,PSO J318.5-22,25.0,False,0.0,0.0,0.0,0.0,0.0,True,G,285.0,S,1811,1
Earth,False,TRAPPIST-1e,28.82793046746535,False,928.0,20.0,0.0,0.0,0.0,False,F,347.0,S,1811,2
Unknown,False,TRAPPIST-1e,25.0,False,9.0,852.0,73.0,12.0,57.0,True,F,357.0,P,1812,1
Earth,False,55 Cancri e,18.0,False,0.0,0.0,454.0,0.0,263.0,False,F,358.0,P,1813,1
Europa,False,TRAPPIST-1e,60.0,True,1891.0,640.0,0.0,360.0,52.0,True,C,68.0,S,1816,1
Europa,False,TRAPPIST-1e,41.0,False,0.0,2334.0,1.0,6.0,23.0,True,C,68.0,S,1816,2
Earth,False,PSO J318.5-22,16.0,False,112.0,0.0,38.0,77.0,443.0,False,F,349.0,S,1817,1
Earth,True,TRAPPIST-1e,17.0,False,0.0,0.0,0.0,0.0,0.0,True,G,297.0,P,1818,1
Earth,False,TRAPPIST-1e,26.0,False,0.0,4.0,361.0,0.0,19.0,False,G,298.0,P,1821,1
Earth,False,TRAPPIST-1e,31.0,False,2.0,811.0,0.0,0.0,0.0,True,G,299.0,P,1822,1
Unknown,False,TRAPPIST-1e,67.0,False,143.0,68.0,496.0,182.0,9.0,True,F,82.0,S,1823,1
Earth,False,55 Cancri e,16.0,False,0.0,231.0,569.0,2.0,0.0,False,F,351.0,S,1826,1
Earth,False,55 Cancri e,24.0,False,0.0,94.0,1.0,56.0,427.0,False,F,352.0,S,1827,1
Earth,False,Unknown,19.0,False,0.0,1333.0,3.0,624.0,254.0,True,F,361.0,P,1828,1
Europa,False,55 Cancri e,48.0,False,0.0,3578.0,80.0,123.0,0.0,True,D,56.0,P,1829,1
Europa,False,TRAPPIST-1e,30.0,False,1.0,6398.0,0.0,2.0,295.0,True,D,56.0,P,1829,2
Europa,False,TRAPPIST-1e,22.0,False,0.0,8882.0,21.0,2204.0,19.0,True,D,56.0,P,1829,3
Europa,False,TRAPPIST-1e,28.0,True,0.0,4424.0,3.0,207.0,1572.0,True,D,56.0,P,1829,4
Europa,True,55 Cancri e,23.0,False,0.0,0.0,0.0,0.0,0.0,True,D,56.0,P,1829,5
Europa,False,TRAPPIST-1e,29.0,False,0.0,699.0,0.0,0.0,1955.0,False,D,56.0,P,1829,6
Earth,True,TRAPPIST-1e,22.0,False,0.0,0.0,0.0,0.0,0.0,False,G,288.0,S,1831,1
Europa,False,55 Cancri e,48.0,False,140.0,127.0,0.0,4102.0,521.0,False,C,61.0,P,1833,1
Mars,False,Unknown,26.0,False,17.0,0.0,1582.0,0.0,0.0,True,F,354.0,S,1834,1
Earth,False,TRAPPIST-1e,23.0,False,1639.0,1218.0,0.0,1.0,0.0,True,F,362.0,P,1836,1
Earth,False,TRAPPIST-1e,55.0,False,1104.0,0.0,0.0,0.0,0.0,False,F,365.0,P,1841,1
Europa,False,TRAPPIST-1e,46.0,False,2249.0,153.0,137.0,0.0,194.0,False,E,112.0,P,1843,1
Earth,False,PSO J318.5-22,38.0,False,0.0,0.0,0.0,0.0,1381.0,False,F,355.0,S,1844,1
Earth,True,TRAPPIST-1e,2.0,False,0.0,0.0,0.0,0.0,0.0,True,G,289.0,S,1844,2
Earth,True,TRAPPIST-1e,3.0,False,0.0,0.0,0.0,0.0,0.0,True,G,289.0,S,1844,3
Earth,False,TRAPPIST-1e,20.0,False,0.0,0.0,0.0,788.0,16.0,False,F,366.0,P,1846,1
Earth,False,TRAPPIST-1e,65.0,False,5.0,317.0,0.0,0.0,123.0,False,G,290.0,S,1847,1
Earth,False,TRAPPIST-1e,28.82793046746535,False,181.0,0.0,2.0,0.0,663.0,False,G,291.0,S,1848,1
Earth,False,TRAPPIST-1e,25.0,False,113.0,0.0,0.0,1282.0,0.0,False,F,367.0,P,1849,1
Earth,False,PSO J318.5-22,54.0,False,0.0,316.0,257.0,0.0,0.0,False,F,356.0,S,1850,1
Earth,False,55 Cancri e,25.0,False,0.0,0.0,1.0,735.0,25.0,False,F,356.0,S,1850,2
Earth,True,TRAPPIST-1e,14.0,False,0.0,0.0,0.0,0.0,0.0,True,G,302.0,P,1853,1
Europa,False,55 Cancri e,53.0,False,0.0,13527.0,0.0,0.0,771.0,True,A,22.0,S,1854,1
Earth,True,TRAPPIST-1e,0.0,False,0.0,0.0,0.0,0.0,0.0,True,G,303.0,P,1855,1
Earth,False,TRAPPIST-1e,39.0,False,0.0,43.0,864.0,0.0,85.0,False,E,113.0,P,1855,2
Earth,False,TRAPPIST-1e,22.0,False,8.0,710.0,0.0,27.0,0.0,True,F,368.0,P,1856,1
Mars,False,55 Cancri e,31.0,False,120.0,0.0,657.0,52.0,0.0,False,D,63.0,S,1857,1
Mars,True,Unknown,24.0,False,0.0,0.0,0.0,0.0,0.0,True,F,357.0,S,1859,1
Europa,False,TRAPPIST-1e,35.0,True,0.0,1.0,0.0,0.0,3156.0,False,A,13.0,P,1860,1
Europa,False,55 Cancri e,35.0,False,95.0,3441.0,0.0,391.0,318.0,False,A,13.0,P,1860,2
Mars,True,TRAPPIST-1e,32.0,False,0.0,0.0,0.0,0.0,0.0,True,F,358.0,S,1861,1
Mars,False,TRAPPIST-1e,61.0,False,953.0,415.0,974.0,0.0,133.0,False,F,358.0,S,1861,2
Earth,False,55 Cancri e,58.0,False,14.0,0.0,1081.0,0.0,0.0,True,F,370.0,P,1863,1
Mars,False,TRAPPIST-1e,26.0,False,1752.0,22.0,0.0,4.0,0.0,False,D,64.0,S,1864,1
Earth,True,TRAPPIST-1e,4.0,False,0.0,0.0,0.0,0.0,0.0,False,G,292.0,S,1865,1
Earth,False,TRAPPIST-1e,1.0,False,0.0,0.0,0.0,0.0,0.0,False,G,292.0,S,1865,2
Earth,False,TRAPPIST-1e,8.0,False,0.0,0.0,0.0,0.0,0.0,True,G,292.0,S,1865,3
Earth,False,TRAPPIST-1e,7.0,False,0.0,0.0,0.0,0.0,0.0,False,G,292.0,S,1865,4
Earth,False,TRAPPIST-1e,25.0,False,0.0,60.0,0.0,646.0,1115.0,False,G,292.0,S,1865,5
Unknown,False,TRAPPIST-1e,6.0,False,0.0,0.0,0.0,0.0,0.0,False,G,292.0,S,1865,6
Earth,False,TRAPPIST-1e,29.0,False,0.0,0.0,0.0,0.0,865.0,False,F,371.0,P,1866,1
Mars,True,TRAPPIST-1e,64.0,False,0.0,0.0,0.0,0.0,0.0,True,F,372.0,P,1868,1
Europa,False,TRAPPIST-1e,31.0,False,0.0,1983.0,0.0,172.0,52.0,True,C,70.0,S,1871,1
Mars,True,TRAPPIST-1e,25.0,False,0.0,0.0,0.0,0.0,0.0,False,E,139.0,S,1872,1
Earth,True,TRAPPIST-1e,30.0,False,0.0,0.0,0.0,0.0,0.0,True,G,293.0,S,1873,1
Earth,True,TRAPPIST-1e,0.0,False,0.0,0.0,0.0,0.0,0.0,False,G,305.0,P,1874,1
Earth,False,PSO J318.5-22,29.0,False,0.0,0.0,0.0,486.0,1479.0,False,F,374.0,P,1874,2
Earth,False,TRAPPIST-1e,37.0,False,28.0,25.0,26.0,806.0,3.0,False,G,306.0,P,1877,1
Earth,False,TRAPPIST-1e,49.0,False,0.0,0.0,0.0,724.0,0.0,False,F,375.0,P,1878,1
Europa,False,TRAPPIST-1e,36.0,False,0.0,583.0,1789.0,19.0,1009.0,False,D,58.0,P,1879,1
Earth,False,55 Cancri e,20.0,False,470.0,128.0,0.0,0.0,9.0,False,F,376.0,P,1880,1
Earth,False,TRAPPIST-1e,20.0,False,2215.0,0.0,0.0,86.0,0.0,True,F,377.0,P,1881,1
Europa,False,55 Cancri e,18.0,False,0.0,16263.0,72.0,0.0,15.0,True,C,71.0,S,1882,1
Europa,True,55 Cancri e,17.0,False,0.0,0.0,0.0,0.0,0.0,True,F,82.0,S,1882,2
Mars,True,TRAPPIST-1e,48.0,False,0.0,0.0,0.0,0.0,0.0,False,E,140.0,S,1884,1
Earth,False,TRAPPIST-1e,26.0,False,0.0,3.0,176.0,611.0,0.0,False,E,141.0,S,1886,1
Earth,False,TRAPPIST-1e,35.0,False,0.0,88.0,718.0,46.0,0.0,False,G,295.0,S,1887,1
Earth,False,TRAPPIST-1e,30.0,False,116.0,0.0,0.0,728.0,29.0,True,F,361.0,S,1888,1
Earth,False,TRAPPIST-1e,22.0,False,0.0,0.0,22.0,0.0,702.0,False,F,378.0,P,1889,1
Earth,True,TRAPPIST-1e,5.0,False,0.0,0.0,0.0,0.0,0.0,False,G,307.0,P,1889,2
Earth,True,55 Cancri e,43.0,False,0.0,0.0,0.0,0.0,0.0,False,G,308.0,P,1890,1
Mars,True,TRAPPIST-1e,52.0,False,0.0,0.0,0.0,0.0,0.0,False,E,142.0,S,1891,1
Europa,False,TRAPPIST-1e,50.0,False,5.0,809.0,0.0,309.0,731.0,True,D,59.0,P,1892,1
Europa,False,TRAPPIST-1e,29.0,False,4.0,841.0,0.0,363.0,1107.0,True,F,82.0,S,1892,2
Europa,False,55 Cancri e,19.0,False,0.0,748.0,158.0,5037.0,44.0,False,D,59.0,P,1892,3
Europa,False,55 Cancri e,39.0,False,0.0,10153.0,1.0,78.0,5063.0,True,C,72.0,S,1897,1
Europa,False,TRAPPIST-1e,38.0,False,0.0,354.0,0.0,1806.0,0.0,True,C,72.0,S,1897,2
Earth,True,55 Cancri e,21.0,False,0.0,0.0,0.0,0.0,0.0,False,G,296.0,S,1898,1
Earth,False,PSO J318.5-22,25.0,False,11.0,44.0,397.0,0.0,0.0,False,G,297.0,S,1899,1
Europa,True,55 Cancri e,42.0,False,0.0,0.0,0.0,0.0,0.0,True,A,14.0,P,1901,1
Europa,True,55 Cancri e,36.0,False,0.0,0.0,0.0,0.0,0.0,True,A,14.0,P,1901,2
Earth,False,TRAPPIST-1e,19.0,False,42.0,0.0,345.0,1431.0,0.0,False,G,298.0,S,1902,1
Earth,True,TRAPPIST-1e,42.0,False,0.0,0.0,0.0,0.0,0.0,False,G,309.0,P,1903,1
Earth,False,55 Cancri e,40.0,False,1465.0,39.0,0.0,0.0,1225.0,False,F,364.0,S,1905,1
Earth,True,TRAPPIST-1e,14.0,False,0.0,0.0,0.0,0.0,0.0,False,G,299.0,S,1906,1
Europa,False,TRAPPIST-1e,50.0,False,0.0,1810.0,0.0,126.0,247.0,False,D,60.0,P,1907,1
Mars,False,TRAPPIST-1e,18.0,False,1218.0,0.0,34.0,1095.0,0.0,False,E,115.0,P,1908,1
Earth,False,TRAPPIST-1e,46.0,False,8.0,652.0,0.0,5.0,90.0,False,G,300.0,S,1911,1
Earth,False,TRAPPIST-1e,28.82793046746535,False,0.0,51.0,0.0,37.0,704.0,False,E,116.0,P,1915,1
Europa,True,TRAPPIST-1e,15.0,False,0.0,0.0,0.0,0.0,0.0,True,D,61.0,P,1916,1
Europa,False,55 Cancri e,22.0,False,1744.0,79.0,0.0,12.0,1514.0,False,D,61.0,P,1916,2
Europa,True,TRAPPIST-1e,0.0,False,0.0,0.0,0.0,0.0,0.0,False,A,23.0,S,1918,1
Europa,True,TRAPPIST-1e,52.0,False,0.0,0.0,0.0,0.0,0.0,True,A,23.0,S,1918,2
Europa,False,TRAPPIST-1e,38.0,False,34.0,2043.0,0.0,1339.0,0.0,True,A,23.0,S,1918,3
Mars,False,TRAPPIST-1e,46.0,False,731.0,0.0,288.0,0.0,2.0,False,E,117.0,P,1920,1
Earth,True,55 Cancri e,23.0,False,0.0,0.0,0.0,0.0,0.0,False,G,303.0,S,1922,1
Europa,False,TRAPPIST-1e,63.0,False,0.0,4286.0,18.0,4.0,872.0,True,C,65.0,P,1923,1
Europa,True,55 Cancri e,24.0,False,0.0,0.0,0.0,0.0,0.0,True,C,65.0,P,1923,2
Earth,True,TRAPPIST-1e,50.0,False,0.0,0.0,0.0,0.0,0.0,False,G,304.0,S,1925,1
Unknown,True,TRAPPIST-1e,20.0,False,0.0,0.0,0.0,0.0,0.0,False,G,305.0,S,1926,1
Mars,False,TRAPPIST-1e,55.0,False,2424.0,0.0,1.0,0.0,284.0,False,D,66.0,S,1927,1
Earth,False,PSO J318.5-22,21.0,False,0.0,0.0,107.0,166.0,388.0,True,E,144.0,S,1928,1
Europa,True,55 Cancri e,56.0,False,0.0,0.0,0.0,0.0,0.0,True,C,73.0,S,1931,1
Earth,False,TRAPPIST-1e,45.0,False,10.0,0.0,0.0,0.0,0.0,True,E,118.0,P,1933,1
Earth,True,55 Cancri e,18.0,False,0.0,0.0,0.0,0.0,0.0,False,G,307.0,S,1935,1
Earth,False,TRAPPIST-1e,47.0,False,7.0,877.0,17.0,0.0,0.0,False,F,368.0,S,1937,1
Earth,False,TRAPPIST-1e,36.0,False,0.0,0.0,1508.0,110.0,117.0,True,F,369.0,S,1938,1
Mars,False,TRAPPIST-1e,57.0,True,975.0,0.0,295.0,39.0,0.0,False,F,385.0,P,1939,1
Mars,False,TRAPPIST-1e,13.0,False,3037.0,10.0,43.0,0.0,0.0,False,D,62.0,P,1939,2
Mars,False,TRAPPIST-1e,27.0,False,120.0,0.0,1476.0,3.0,0.0,False,F,386.0,P,1940,1
Earth,False,TRAPPIST-1e,20.0,False,717.0,0.0,0.0,0.0,0.0,False,F,370.0,S,1941,1
Earth,False,TRAPPIST-1e,47.0,False,0.0,444.0,328.0,56.0,0.0,False,G,312.0,P,1942,1
Earth,False,TRAPPIST-1e,15.0,False,0.0,0.0,787.0,0.0,0.0,False,E,120.0,P,1945,1
Earth,False,TRAPPIST-1e,34.0,False,0.0,0.0,53.0,731.0,0.0,False,G,313.0,P,1946,1
Earth,False,TRAPPIST-1e,21.0,False,942.0,0.0,0.0,0.0,7.0,False,F,372.0,S,1947,1
Earth,False,TRAPPIST-1e,51.0,False,0.0,0.0,0.0,101.0,1357.0,False,F,374.0,S,1950,1
Earth,False,TRAPPIST-1e,23.0,False,382.0,0.0,398.0,8.0,0.0,False,E,121.0,P,1952,1
Earth,False,TRAPPIST-1e,58.0,False,0.0,0.0,0.0,0.0,717.0,False,F,387.0,P,1953,1
Mars,False,TRAPPIST-1e,37.0,False,2765.0,0.0,1134.0,0.0,0.0,False,D,68.0,S,1956,1
Mars,False,PSO J318.5-22,44.0,False,708.0,0.0,5.0,0.0,74.0,True,D,68.0,S,1956,2
Earth,True,TRAPPIST-1e,25.0,False,0.0,0.0,0.0,0.0,0.0,False,G,309.0,S,1957,1
Europa,True,TRAPPIST-1e,15.0,False,0.0,0.0,0.0,0.0,0.0,True,C,66.0,P,1959,1
Europa,False,TRAPPIST-1e,40.0,False,0.0,382.0,0.0,1.0,3822.0,False,C,66.0,P,1959,2
Europa,False,55 Cancri e,29.0,False,0.0,433.0,4899.0,393.0,260.0,True,C,66.0,P,1959,3
Earth,True,TRAPPIST-1e,36.0,False,0.0,0.0,0.0,0.0,0.0,True,E,122.0,P,1960,1
Earth,False,PSO J318.5-22,21.0,False,0.0,0.0,677.0,4.0,0.0,True,E,122.0,P,1960,2
Earth,False,TRAPPIST-1e,35.0,False,302.0,6.0,0.0,6.0,613.0,True,G,315.0,P,1961,1
Earth,False,TRAPPIST-1e,24.0,False,3.0,361.0,94.0,824.0,160.0,False,F,390.0,P,1962,1
Earth,False,55 Cancri e,2.0,False,0.0,0.0,0.0,0.0,0.0,False,G,316.0,P,1962,2
Earth,True,TRAPPIST-1e,0.0,False,0.0,0.0,0.0,0.0,0.0,True,G,316.0,P,1962,3
Earth,False,TRAPPIST-1e,43.0,False,0.0,0.0,0.0,1200.0,17.0,False,F,391.0,P,1963,1
Europa,False,TRAPPIST-1e,63.0,False,0.0,869.0,1.0,375.0,3377.0,False,C,74.0,S,1964,1
Earth,True,TRAPPIST-1e,30.0,False,0.0,0.0,0.0,0.0,0.0,True,G,318.0,P,1967,1
Earth,True,PSO J318.5-22,38.0,False,0.0,0.0,0.0,0.0,0.0,True,G,319.0,P,1968,1
Europa,False,55 Cancri e,27.0,False,0.0,21066.0,0.0,2448.0,2293.0,True,C,75.0,S,1969,1
Earth,False,PSO J318.5-22,54.0,False,3.0,0.0,56.0,633.0,0.0,False,F,375.0,S,1971,1
Europa,True,55 Cancri e,39.0,False,0.0,0.0,0.0,0.0,0.0,True,A,24.0,S,1973,1
Mars,False,TRAPPIST-1e,41.0,False,3702.0,0.0,1.0,0.0,18.0,False,D,63.0,P,1974,1
Earth,False,TRAPPIST-1e,22.0,False,0.0,0.0,0.0,10.0,761.0,False,G,310.0,S,1975,1
Europa,False,55 Cancri e,23.0,False,0.0,8037.0,0.0,1.0,2.0,True,B,82.0,S,1976,1
Europa,False,TRAPPIST-1e,34.0,False,15.0,3578.0,0.0,0.0,473.0,True,B,82.0,S,1976,2
Europa,True,55 Cancri e,26.0,True,0.0,0.0,0.0,0.0,0.0,True,B,82.0,S,1976,3
Europa,False,TRAPPIST-1e,39.0,False,1.0,2972.0,0.0,3175.0,1.0,False,B,82.0,S,1976,4
Europa,True,55 Cancri e,15.0,False,0.0,0.0,0.0,0.0,0.0,True,B,82.0,S,1976,5
Europa,True,TRAPPIST-1e,64.0,False,0.0,0.0,0.0,0.0,0.0,True,B,82.0,S,1976,6
Europa,True,TRAPPIST-1e,25.0,False,0.0,0.0,0.0,0.0,0.0,True,B,82.0,S,1976,7
Mars,True,TRAPPIST-1e,35.0,False,0.0,0.0,0.0,0.0,0.0,True,F,393.0,P,1977,1
Unknown,True,TRAPPIST-1e,19.0,False,0.0,0.0,0.0,0.0,0.0,True,G,311.0,S,1978,1
Earth,False,TRAPPIST-1e,26.0,False,401.0,0.0,693.0,62.0,0.0,False,F,376.0,S,1979,1
Earth,True,TRAPPIST-1e,3.0,False,0.0,0.0,0.0,0.0,0.0,True,G,312.0,S,1980,1
Earth,False,TRAPPIST-1e,29.0,False,1434.0,5.0,0.0,0.0,0.0,False,G,312.0,S,1980,2
Earth,True,TRAPPIST-1e,44.0,False,0.0,0.0,0.0,0.0,0.0,True,G,312.0,S,1980,3
Earth,False,TRAPPIST-1e,27.0,False,196.0,602.0,0.0,0.0,198.0,False,E,124.0,P,1981,1
Earth,False,PSO J318.5-22,17.0,False,414.0,0.0,139.0,28.0,173.0,False,G,320.0,P,1983,1
Europa,False,55 Cancri e,37.0,False,0.0,3166.0,0.0,91.0,6.0,True,F,82.0,S,1984,1
Mars,True,55 Cancri e,19.0,False,0.0,0.0,0.0,0.0,0.0,True,F,394.0,P,1985,1
Earth,True,TRAPPIST-1e,44.0,False,0.0,0.0,0.0,0.0,0.0,False,G,321.0,P,1988,1
Earth,False,55 Cancri e,22.0,False,0.0,0.0,30.0,499.0,138.0,False,F,378.0,S,1991,1
Earth,False,TRAPPIST-1e,22.0,False,213.0,85.0,352.0,12.0,1.0,True,E,146.0,S,1991,2
Mars,True,TRAPPIST-1e,21.0,False,0.0,0.0,0.0,0.0,0.0,True,F,379.0,S,1992,1
Earth,False,TRAPPIST-1e,31.0,False,1062.0,0.0,802.0,71.0,0.0,False,F,380.0,S,1993,1
Earth,False,TRAPPIST-1e,17.0,False,0.0,0.0,249.0,537.0,5.0,True,E,125.0,P,1994,1
Earth,False,PSO J318.5-22,30.0,False,231.0,0.0,0.0,274.0,26.0,False,G,314.0,S,1995,1
Earth,False,TRAPPIST-1e,15.0,False,12.0,25.0,197.0,631.0,0.0,False,F,381.0,S,1996,1
Earth,False,TRAPPIST-1e,42.0,False,37.0,1670.0,0.0,0.0,0.0,True,G,315.0,S,1997,1
Earth,False,TRAPPIST-1e,55.0,False,373.0,1.0,1.0,496.0,0.0,False,F,383.0,S,1999,1
Europa,False,55 Cancri e,28.0,False,5.0,2676.0,13.0,0.0,157.0,True,C,76.0,S,2000,1
Earth,False,TRAPPIST-1e,33.0,False,673.0,194.0,548.0,59.0,40.0,False,F,396.0,P,2001,1
Earth,False,TRAPPIST-1e,19.0,False,3.0,6.0,20.0,60.0,719.0,False,G,323.0,P,2003,1
Earth,False,TRAPPIST-1e,24.0,False,0.0,856.0,0.0,0.0,5.0,False,F,386.0,S,2006,1
Earth,False,TRAPPIST-1e,4.0,False,0.0,0.0,0.0,0.0,0.0,False,G,317.0,S,2006,2
Earth,True,TRAPPIST-1e,2.0,False,0.0,0.0,0.0,0.0,0.0,False,G,317.0,S,2006,3
Europa,False,55 Cancri e,30.0,False,0.0,5734.0,0.0,5.0,1.0,True,A,25.0,S,2007,1
Europa,False,TRAPPIST-1e,31.0,False,0.0,0.0,0.0,0.0,0.0,False,B,59.0,P,2009,1
Europa,True,TRAPPIST-1e,17.0,False,0.0,0.0,0.0,0.0,0.0,True,B,59.0,P,2009,2
Europa,True,55 Cancri e,40.0,False,0.0,0.0,0.0,0.0,0.0,True,B,59.0,P,2009,3
Earth,True,PSO J318.5-22,33.0,False,0.0,0.0,0.0,0.0,0.0,True,G,324.0,P,2010,1
Earth,True,PSO J318.5-22,46.0,False,0.0,0.0,0.0,0.0,0.0,False,G,318.0,S,2011,1
Europa,False,55 Cancri e,30.0,True,1250.0,865.0,0.0,3725.0,5416.0,False,B,60.0,P,2012,1
Earth,False,TRAPPIST-1e,17.0,False,0.0,0.0,0.0,0.0,804.0,False,F,398.0,P,2013,1
Earth,False,TRAPPIST-1e,19.0,False,1139.0,18.0,0.0,0.0,671.0,True,F,387.0,S,2015,1
Europa,False,55 Cancri e,22.0,False,0.0,5183.0,0.0,1080.0,2.0,True,B,83.0,S,2019,1
Europa,False,55 Cancri e,20.0,False,0.0,162.0,0.0,148.0,7619.0,False,B,83.0,S,2019,2
Earth,False,PSO J318.5-22,36.0,False,0.0,809.0,0.0,86.0,0.0,False,F,390.0,S,2022,1
Unknown,False,TRAPPIST-1e,0.0,False,0.0,0.0,0.0,0.0,0.0,True,G,322.0,S,2024,1
Earth,False,55 Cancri e,17.0,False,44.0,1535.0,10.0,51.0,0.0,True,E,150.0,S,2024,2
Earth,True,TRAPPIST-1e,28.82793046746535,False,0.0,0.0,0.0,0.0,0.0,True,G,323.0,S,2026,1
Earth,True,PSO J318.5-22,15.0,False,0.0,0.0,0.0,0.0,0.0,True,G,323.0,S,2026,2
Earth,False,TRAPPIST-1e,20.0,False,0.0,4.0,429.0,0.0,287.0,False,G,323.0,S,2026,3
Earth,False,55 Cancri e,19.0,False,30.0,1.0,1051.0,0.0,6.0,True,F,399.0,P,2027,1
Earth,False,PSO J318.5-22,24.0,False,662.0,0.0,0.0,0.0,9.0,False,F,391.0,S,2028,1
Earth,False,55 Cancri e,43.0,False,0.0,6.0,730.0,1.0,0.0,False,F,400.0,P,2029,1
Mars,True,TRAPPIST-1e,26.0,False,0.0,0.0,0.0,0.0,0.0,True,F,402.0,P,2032,1
Earth,False,TRAPPIST-1e,42.0,False,399.0,75.0,38.0,771.0,0.0,False,F,393.0,S,2034,1
Earth,False,TRAPPIST-1e,21.0,False,6.0,133.0,503.0,0.0,2.0,False,F,404.0,P,2038,1
Europa,True,TRAPPIST-1e,50.0,False,0.0,0.0,0.0,0.0,0.0,True,B,85.0,S,2040,1
Europa,True,TRAPPIST-1e,25.0,False,0.0,0.0,0.0,0.0,0.0,True,B,85.0,S,2040,2
Earth,True,TRAPPIST-1e,64.0,False,0.0,0.0,0.0,0.0,0.0,True,G,327.0,P,2041,1
Earth,False,TRAPPIST-1e,50.0,False,0.0,0.0,0.0,785.0,19.0,False,F,394.0,S,2042,1
Mars,True,TRAPPIST-1e,24.0,False,0.0,0.0,0.0,0.0,0.0,True,F,395.0,S,2043,1
Earth,False,TRAPPIST-1e,27.0,False,0.0,0.0,634.0,1.0,23.0,True,F,396.0,S,2044,1
Earth,True,55 Cancri e,42.0,False,0.0,0.0,0.0,0.0,0.0,True,G,324.0,S,2045,1
Earth,True,55 Cancri e,30.0,False,0.0,0.0,0.0,0.0,0.0,False,G,328.0,P,2046,1
Earth,False,TRAPPIST-1e,20.0,False,2.0,0.0,694.0,0.0,22.0,True,E,126.0,P,2051,1
Mars,False,TRAPPIST-1e,31.0,False,162.0,1211.0,4.0,0.0,1.0,True,E,151.0,S,2052,1
Europa,False,55 Cancri e,26.0,False,281.0,741.0,13.0,0.0,4724.0,False,C,68.0,P,2053,1
Europa,False,55 Cancri e,39.0,False,0.0,0.0,0.0,1528.0,1119.0,False,C,69.0,P,2054,1
Earth,False,TRAPPIST-1e,28.82793046746535,False,0.0,0.0,0.0,0.0,0.0,False,G,330.0,P,2055,1
Unknown,False,PSO J318.5-22,32.0,False,0.0,58.0,0.0,0.0,642.0,True,G,330.0,P,2055,2
Earth,True,TRAPPIST-1e,25.0,False,0.0,0.0,0.0,0.0,0.0,True,G,330.0,P,2055,3
Earth,False,TRAPPIST-1e,6.0,False,0.0,0.0,0.0,0.0,0.0,True,G,330.0,P,2055,4
Earth,True,TRAPPIST-1e,3.0,False,0.0,0.0,0.0,0.0,0.0,True,G,330.0,P,2055,5
Earth,True,TRAPPIST-1e,11.0,False,0.0,0.0,0.0,0.0,0.0,False,G,330.0,P,2055,6
Earth,True,TRAPPIST-1e,52.0,False,0.0,0.0,0.0,0.0,0.0,False,G,331.0,P,2056,1
Earth,False,TRAPPIST-1e,14.0,False,16.0,0.0,0.0,712.0,149.0,False,F,407.0,P,2056,2
Earth,False,TRAPPIST-1e,68.0,False,0.0,286.0,0.0,1739.0,13.0,False,F,407.0,P,2056,3
Earth,True,PSO J318.5-22,18.0,False,0.0,0.0,0.0,0.0,0.0,True,G,331.0,P,2056,4
Earth,False,TRAPPIST-1e,55.0,False,2.0,0.0,0.0,0.0,907.0,True,G,333.0,P,2059,1
Unknown,False,55 Cancri e,22.0,False,1430.0,0.0,0.0,0.0,423.0,False,G,327.0,S,2060,1
Europa,False,TRAPPIST-1e,34.0,False,0.0,5063.0,0.0,56.0,327.0,True,D,65.0,P,2061,1
Mars,False,TRAPPIST-1e,17.0,False,583.0,0.0,753.0,0.0,0.0,False,F,398.0,S,2062,1
Earth,True,PSO J318.5-22,38.0,False,0.0,0.0,0.0,0.0,0.0,False,G,328.0,S,2063,1
Earth,False,TRAPPIST-1e,13.0,False,12.0,0.0,0.0,0.0,1963.0,False,F,410.0,P,2065,1
Earth,True,TRAPPIST-1e,19.0,False,0.0,0.0,0.0,0.0,0.0,True,G,329.0,S,2066,1
Europa,True,TRAPPIST-1e,30.0,False,0.0,0.0,0.0,0.0,0.0,True,C,70.0,P,2067,1
Europa,False,TRAPPIST-1e,27.0,True,0.0,0.0,72.0,668.0,2713.0,False,C,70.0,P,2067,2
Earth,False,TRAPPIST-1e,17.0,False,0.0,1.0,533.0,326.0,0.0,True,E,127.0,P,2070,1
Europa,False,55 Cancri e,45.0,False,0.0,3559.0,0.0,3615.0,163.0,False,C,78.0,S,2071,1
Europa,False,55 Cancri e,28.0,False,167.0,2406.0,71.0,283.0,650.0,True,C,78.0,S,2071,2
Earth,False,TRAPPIST-1e,23.0,False,177.0,0.0,7.0,0.0,448.0,False,F,401.0,S,2073,1
Europa,False,TRAPPIST-1e,24.0,False,1289.0,3343.0,0.0,4996.0,729.0,False,D,69.0,S,2074,1
Europa,False,TRAPPIST-1e,23.0,False,9.0,4081.0,0.0,0.0,16.0,True,D,69.0,S,2074,2
Earth,False,55 Cancri e,29.0,False,270.0,0.0,0.0,25.0,343.0,False,F,402.0,S,2075,1
Earth,False,TRAPPIST-1e,46.0,False,430.0,0.0,340.0,52.0,61.0,False,G,334.0,P,2080,1
Earth,False,PSO J318.5-22,17.0,False,8.0,911.0,0.0,0.0,0.0,True,F,411.0,P,2081,1
Earth,False,TRAPPIST-1e,20.0,False,0.0,0.0,4.0,35.0,769.0,False,G,335.0,P,2082,1
Earth,False,TRAPPIST-1e,24.0,False,121.0,20.0,0.0,68.0,506.0,False,F,407.0,S,2083,1
Europa,False,TRAPPIST-1e,40.0,False,19.0,10.0,1.0,4759.0,6007.0,False,A,16.0,P,2084,1
Europa,True,TRAPPIST-1e,28.82793046746535,False,0.0,0.0,0.0,0.0,0.0,True,A,16.0,P,2084,2
Europa,False,TRAPPIST-1e,38.0,False,0.0,590.0,2640.0,6202.0,99.0,False,C,72.0,P,2085,1
Europa,False,TRAPPIST-1e,65.0,False,51.0,4451.0,0.0,20.0,397.0,True,A,26.0,S,2086,1
Europa,False,TRAPPIST-1e,19.0,False,0.0,1342.0,0.0,152.0,556.0,True,A,26.0,S,2086,2
Earth,False,TRAPPIST-1e,54.0,False,0.0,0.0,872.0,0.0,1.0,True,F,408.0,S,2087,1
Earth,False,55 Cancri e,38.0,False,0.0,717.0,0.0,0.0,0.0,False,F,409.0,S,2088,1
Earth,False,TRAPPIST-1e,40.0,False,51.0,0.0,1.0,368.0,509.0,True,G,331.0,S,2088,2
Earth,False,PSO J318.5-22,21.0,False,0.0,2.0,133.0,0.0,549.0,False,F,412.0,P,2089,1
Earth,False,TRAPPIST-1e,22.0,False,8.0,0.0,801.0,0.0,12.0,True,F,413.0,P,2090,1
Earth,False,TRAPPIST-1e,33.0,False,356.0,0.0,0.0,245.0,0.0,False,F,414.0,P,2091,1
Mars,False,TRAPPIST-1e,18.0,False,29.0,0.0,2315.0,0.0,1.0,True,D,70.0,S,2092,1
Mars,False,TRAPPIST-1e,43.0,False,546.0,0.0,41.0,710.0,0.0,False,E,153.0,S,2092,2
Mars,False,TRAPPIST-1e,13.0,False,6726.0,0.0,1605.0,1266.0,0.0,False,F,82.0,S,2092,3
Mars,False,TRAPPIST-1e,26.0,False,1751.0,0.0,0.0,0.0,0.0,False,F,410.0,S,2092,4
Mars,False,TRAPPIST-1e,22.0,False,2300.0,0.0,22.0,256.0,0.0,False,D,70.0,S,2092,5
Mars,True,TRAPPIST-1e,21.0,False,0.0,0.0,0.0,0.0,0.0,True,F,415.0,P,2094,1
Earth,False,PSO J318.5-22,25.0,False,0.0,11.0,0.0,13.0,1344.0,False,F,411.0,S,2095,1
Mars,False,TRAPPIST-1e,29.0,False,216.0,10.0,611.0,594.0,0.0,False,F,412.0,S,2096,1
Mars,False,TRAPPIST-1e,49.0,False,1624.0,0.0,68.0,0.0,0.0,False,F,412.0,S,2096,2
Europa,True,55 Cancri e,29.0,False,0.0,0.0,0.0,0.0,0.0,True,B,86.0,S,2097,1
Mars,False,Unknown,45.0,False,10.0,1095.0,1474.0,0.0,0.0,True,D,71.0,S,2099,1
Earth,False,PSO J318.5-22,45.0,False,0.0,0.0,734.0,3.0,5.0,True,F,413.0,S,2100,1
Europa,False,TRAPPIST-1e,30.0,False,63.0,9314.0,249.0,2624.0,4538.0,False,C,79.0,S,2102,1
Earth,False,TRAPPIST-1e,29.0,False,776.0,0.0,4.0,0.0,23.0,False,F,414.0,S,2104,1
Earth,False,TRAPPIST-1e,26.0,False,0.0,0.0,0.0,0.0,0.0,False,F,82.0,S,2104,2
Earth,True,55 Cancri e,16.0,False,0.0,0.0,0.0,0.0,0.0,False,G,335.0,S,2105,1
Earth,False,55 Cancri e,20.0,False,1.0,0.0,0.0,4926.0,1.0,False,G,336.0,S,2106,1
Earth,False,TRAPPIST-1e,33.0,False,235.0,2.0,1.0,650.0,0.0,False,G,338.0,P,2107,1
Earth,True,TRAPPIST-1e,18.0,False,0.0,0.0,0.0,0.0,0.0,False,G,339.0,P,2110,1
Mars,False,TRAPPIST-1e,24.0,False,600.0,593.0,1404.0,0.0,1.0,False,F,417.0,P,2111,1
Mars,False,TRAPPIST-1e,29.0,False,860.0,305.0,18.0,1415.0,0.0,False,F,418.0,P,2112,1
Europa,True,55 Cancri e,40.0,False,0.0,0.0,0.0,0.0,0.0,True,B,87.0,S,2114,1
Europa,True,TRAPPIST-1e,27.0,False,0.0,0.0,0.0,0.0,0.0,True,D,72.0,S,2115,1
Earth,True,TRAPPIST-1e,35.0,False,0.0,0.0,0.0,0.0,0.0,False,G,339.0,S,2116,1
Europa,False,TRAPPIST-1e,31.0,False,0.0,8718.0,0.0,13036.0,267.0,False,F,82.0,S,2117,1
Earth,True,PSO J318.5-22,26.0,False,0.0,0.0,0.0,0.0,0.0,False,G,340.0,P,2118,1
Mars,False,TRAPPIST-1e,49.0,False,0.0,0.0,1058.0,0.0,0.0,True,D,73.0,S,2120,1
Earth,True,TRAPPIST-1e,23.0,False,0.0,0.0,0.0,0.0,0.0,False,G,341.0,P,2121,1
Earth,True,PSO J318.5-22,23.0,False,0.0,0.0,0.0,0.0,0.0,False,G,342.0,P,2123,1
Earth,True,PSO J318.5-22,14.0,False,0.0,0.0,0.0,0.0,0.0,True,G,342.0,P,2123,2
Earth,False,55 Cancri e,21.0,False,770.0,0.0,0.0,40.0,0.0,False,G,341.0,S,2124,1
Earth,False,TRAPPIST-1e,18.0,False,0.0,1.0,0.0,80.0,826.0,False,G,343.0,P,2125,1
Earth,False,TRAPPIST-1e,28.82793046746535,False,717.0,0.0,0.0,0.0,0.0,False,F,415.0,S,2126,1
Earth,False,TRAPPIST-1e,19.0,False,721.0,62.0,7.0,0.0,0.0,True,F,419.0,P,2127,1
Earth,False,TRAPPIST-1e,22.0,False,624.0,0.0,0.0,0.0,185.0,False,G,344.0,P,2128,1
Earth,False,TRAPPIST-1e,17.0,False,736.0,0.0,2.0,20.0,0.0,False,F,420.0,P,2129,1
Earth,False,PSO J318.5-22,13.0,False,0.0,2.0,480.0,10.0,176.0,False,F,421.0,P,2130,1
Earth,False,TRAPPIST-1e,26.0,False,0.0,0.0,0.0,91.0,900.0,False,E,128.0,P,2131,1
Mars,False,TRAPPIST-1e,28.82793046746535,False,1054.0,0.0,43.0,85.0,0.0,False,D,74.0,S,2133,1
Mars,True,TRAPPIST-1e,16.0,False,0.0,0.0,0.0,0.0,0.0,True,F,416.0,S,2133,2
Mars,False,TRAPPIST-1e,20.0,False,1146.0,0.0,0.0,0.0,3.0,False,F,422.0,P,2134,1
Earth,False,TRAPPIST-1e,20.0,False,75.0,0.0,0.0,1545.0,0.0,False,E,129.0,P,2135,1
Earth,False,TRAPPIST-1e,23.0,False,426.0,0.0,362.0,0.0,0.0,False,E,129.0,P,2135,2
Earth,False,TRAPPIST-1e,61.0,False,2.0,0.0,17.0,868.0,28.0,False,G,343.0,S,2136,1
Mars,True,TRAPPIST-1e,27.0,False,0.0,0.0,0.0,0.0,0.0,True,F,423.0,P,2137,1
Mars,False,55 Cancri e,3.0,False,0.0,0.0,0.0,0.0,0.0,True,F,423.0,P,2137,2
Mars,False,55 Cancri e,4.0,False,0.0,0.0,0.0,0.0,0.0,True,F,423.0,P,2137,3
Earth,True,55 Cancri e,13.0,False,0.0,0.0,0.0,0.0,0.0,True,G,344.0,S,2138,1
Mars,True,TRAPPIST-1e,19.0,False,0.0,0.0,0.0,0.0,0.0,True,F,417.0,S,2139,1
Earth,False,TRAPPIST-1e,18.0,False,0.0,0.0,698.0,0.0,0.0,True,F,424.0,P,2140,1
Earth,False,55 Cancri e,66.0,False,0.0,0.0,1610.0,0.0,0.0,True,E,130.0,P,2141,1
Mars,True,TRAPPIST-1e,39.0,False,0.0,0.0,0.0,0.0,0.0,True,F,418.0,S,2142,1
Earth,False,TRAPPIST-1e,21.0,False,0.0,1433.0,0.0,1234.0,0.0,False,F,419.0,S,2143,1
Earth,True,TRAPPIST-1e,7.0,False,0.0,0.0,0.0,0.0,0.0,False,G,345.0,S,2143,2
Earth,True,TRAPPIST-1e,56.0,False,0.0,0.0,0.0,0.0,0.0,False,F,82.0,S,2144,1
Earth,False,TRAPPIST-1e,15.0,False,0.0,951.0,128.0,0.0,0.0,False,F,425.0,P,2145,1
Mars,False,TRAPPIST-1e,28.82793046746535,False,1146.0,0.0,47.0,0.0,105.0,True,E,155.0,S,2147,1
Earth,False,TRAPPIST-1e,13.0,False,579.0,226.0,61.0,1.0,7.0,False,F,420.0,S,2148,1
Europa,True,TRAPPIST-1e,18.0,False,0.0,0.0,0.0,0.0,0.0,True,B,89.0,S,2149,1
Earth,True,PSO J318.5-22,38.0,False,0.0,0.0,0.0,0.0,0.0,False,G,346.0,P,2150,1
Earth,False,TRAPPIST-1e,45.0,False,2138.0,0.0,0.0,659.0,0.0,False,F,426.0,P,2152,1
Earth,True,TRAPPIST-1e,21.0,False,0.0,0.0,0.0,0.0,0.0,False,G,347.0,P,2153,1
Earth,False,TRAPPIST-1e,19.0,False,78.0,0.0,0.0,550.0,0.0,False,G,348.0,P,2154,1
Earth,False,TRAPPIST-1e,49.0,False,651.0,25.0,0.0,849.0,2.0,False,F,421.0,S,2156,1
Earth,False,TRAPPIST-1e,21.0,False,0.0,820.0,0.0,45.0,0.0,True,F,423.0,S,2158,1
Earth,False,TRAPPIST-1e,18.0,False,0.0,402.0,2027.0,0.0,0.0,True,F,424.0,S,2159,1
Mars,True,TRAPPIST-1e,43.0,False,0.0,0.0,0.0,0.0,0.0,True,F,429.0,P,2161,1
Mars,True,PSO J318.5-22,27.0,False,0.0,0.0,0.0,0.0,0.0,True,F,425.0,S,2162,1
Mars,False,TRAPPIST-1e,0.0,False,0.0,0.0,0.0,0.0,0.0,True,F,425.0,S,2162,2
Earth,False,TRAPPIST-1e,27.0,False,0.0,0.0,6.0,745.0,22.0,False,G,349.0,P,2163,1
Europa,True,TRAPPIST-1e,21.0,False,0.0,0.0,0.0,0.0,0.0,True,B,63.0,P,2164,1
Earth,False,PSO J318.5-22,20.0,False,38.0,220.0,495.0,0.0,0.0,False,F,431.0,P,2167,1
Mars,True,TRAPPIST-1e,35.0,False,0.0,0.0,0.0,0.0,0.0,True,F,427.0,S,2168,1
Mars,False,TRAPPIST-1e,20.0,False,212.0,0.0,991.0,0.0,13.0,False,F,427.0,S,2168,2
Earth,False,TRAPPIST-1e,24.0,False,388.0,0.0,7.0,409.0,0.0,False,F,433.0,P,2171,1
Earth,False,TRAPPIST-1e,41.0,False,2.0,0.0,551.0,5577.0,68.0,False,G,351.0,P,2171,2
Earth,False,PSO J318.5-22,23.0,False,0.0,774.0,0.0,0.0,0.0,True,G,347.0,S,2172,1
Earth,True,PSO J318.5-22,27.0,False,0.0,0.0,0.0,0.0,0.0,True,G,352.0,P,2173,1
Earth,True,55 Cancri e,58.0,False,0.0,0.0,0.0,0.0,0.0,True,G,348.0,S,2175,1
Mars,True,TRAPPIST-1e,53.0,False,0.0,0.0,0.0,0.0,0.0,True,F,435.0,P,2177,1
Europa,False,TRAPPIST-1e,30.0,False,437.0,3585.0,0.0,4488.0,281.0,False,C,80.0,S,2179,1
Earth,False,55 Cancri e,24.0,False,1.0,0.0,0.0,318.0,247.0,False,F,428.0,S,2180,1
Europa,False,TRAPPIST-1e,31.0,False,46.0,1935.0,0.0,995.0,1254.0,False,B,64.0,P,2182,1
Mars,False,PSO J318.5-22,46.0,False,607.0,0.0,41.0,334.0,251.0,False,F,429.0,S,2183,1
Mars,False,TRAPPIST-1e,20.0,False,938.0,59.0,31.0,12.0,0.0,False,F,429.0,S,2183,2
Earth,True,TRAPPIST-1e,20.0,False,0.0,0.0,0.0,0.0,0.0,False,G,350.0,S,2186,1
Earth,False,TRAPPIST-1e,30.0,False,0.0,236.0,0.0,1149.0,0.0,False,F,437.0,P,2187,1
Earth,False,55 Cancri e,24.0,False,0.0,421.0,0.0,207.0,63.0,False,F,438.0,P,2188,1
Earth,False,TRAPPIST-1e,34.0,False,0.0,0.0,0.0,628.0,0.0,False,G,354.0,P,2189,1
Earth,False,Unknown,20.0,False,1750.0,0.0,446.0,0.0,76.0,False,F,430.0,S,2190,1
Mars,True,TRAPPIST-1e,48.0,False,0.0,0.0,0.0,0.0,0.0,True,F,431.0,S,2191,1
Earth,False,PSO J318.5-22,25.0,False,0.0,0.0,619.0,0.0,70.0,False,F,439.0,P,2193,1
Earth,True,TRAPPIST-1e,43.0,False,0.0,0.0,0.0,0.0,0.0,False,G,352.0,S,2194,1
Earth,False,TRAPPIST-1e,27.0,False,0.0,280.0,119.0,646.0,5.0,True,F,440.0,P,2195,1
Europa,False,TRAPPIST-1e,47.0,False,0.0,32.0,0.0,4027.0,1440.0,False,B,65.0,P,2196,1
Europa,False,55 Cancri e,26.0,False,26.0,4587.0,0.0,102.0,0.0,True,B,65.0,P,2196,2
Europa,True,TRAPPIST-1e,37.0,False,0.0,0.0,0.0,0.0,0.0,True,B,65.0,P,2196,3
Europa,False,55 Cancri e,42.0,False,0.0,1180.0,0.0,2677.0,283.0,False,B,65.0,P,2196,4
Earth,False,55 Cancri e,61.0,False,0.0,654.0,902.0,0.0,68.0,True,E,156.0,S,2198,1
Mars,False,TRAPPIST-1e,29.0,False,1443.0,1108.0,47.0,0.0,0.0,False,F,442.0,P,2200,1
Europa,False,55 Cancri e,32.0,False,0.0,1968.0,13.0,1051.0,0.0,True,D,75.0,S,2201,1
Mars,False,TRAPPIST-1e,51.0,False,1671.0,0.0,17.0,0.0,0.0,False,F,443.0,P,2202,1
Mars,False,TRAPPIST-1e,43.0,False,2019.0,0.0,560.0,0.0,0.0,False,D,76.0,S,2203,1
Europa,True,55 Cancri e,25.0,False,0.0,0.0,0.0,0.0,0.0,True,B,90.0,S,2204,1
Earth,False,TRAPPIST-1e,31.0,False,0.0,0.0,187.0,602.0,0.0,False,E,157.0,S,2205,1
Earth,False,PSO J318.5-22,13.0,False,0.0,14.0,857.0,0.0,72.0,False,F,432.0,S,2206,1
Earth,False,TRAPPIST-1e,20.0,False,546.0,0.0,228.0,0.0,0.0,False,G,354.0,S,2207,1
Earth,False,TRAPPIST-1e,29.0,False,1356.0,20.0,0.0,13.0,0.0,False,F,433.0,S,2209,1
Earth,True,TRAPPIST-1e,16.0,False,0.0,0.0,0.0,0.0,0.0,False,G,355.0,S,2210,1
Earth,False,TRAPPIST-1e,15.0,False,0.0,2347.0,0.0,380.0,0.0,True,F,434.0,S,2211,1
Earth,False,TRAPPIST-1e,50.0,False,0.0,5.0,0.0,2170.0,0.0,False,F,445.0,P,2212,1
Europa,False,55 Cancri e,41.0,True,0.0,29813.0,0.0,1257.0,6.0,True,A,27.0,S,2215,1
Europa,False,TRAPPIST-1e,43.0,False,2.0,2229.0,33.0,6.0,198.0,True,A,27.0,S,2215,2
Europa,True,TRAPPIST-1e,32.0,False,0.0,0.0,0.0,0.0,0.0,True,A,27.0,S,2215,3
Europa,False,Unknown,36.0,False,0.0,3206.0,0.0,698.0,72.0,False,A,27.0,S,2215,4
Earth,True,55 Cancri e,18.0,False,0.0,0.0,0.0,0.0,0.0,True,F,82.0,S,2219,1
Earth,False,TRAPPIST-1e,47.0,False,0.0,0.0,880.0,0.0,2.0,True,G,357.0,S,2220,1
Earth,True,PSO J318.5-22,29.0,False,0.0,0.0,0.0,0.0,0.0,True,G,355.0,P,2221,1
Earth,False,TRAPPIST-1e,28.82793046746535,False,0.0,86.0,0.0,252.0,570.0,False,G,358.0,S,2223,1
Earth,False,TRAPPIST-1e,14.0,False,0.0,600.0,0.0,204.0,0.0,True,F,435.0,S,2224,1
Earth,True,PSO J318.5-22,25.0,False,0.0,0.0,0.0,0.0,0.0,False,G,356.0,P,2225,1
Mars,False,TRAPPIST-1e,63.0,False,1172.0,0.0,1.0,0.0,0.0,False,E,158.0,S,2228,1
Earth,False,TRAPPIST-1e,22.0,False,48.0,329.0,182.0,26.0,154.0,False,F,437.0,S,2229,1
Mars,False,TRAPPIST-1e,32.0,False,2.0,416.0,26.0,510.0,0.0,False,E,159.0,S,2231,1
Earth,False,55 Cancri e,31.0,False,0.0,14.0,671.0,1.0,3.0,False,F,438.0,S,2232,1
Earth,False,TRAPPIST-1e,24.0,False,0.0,1220.0,0.0,140.0,0.0,False,F,438.0,S,2232,2
Earth,False,TRAPPIST-1e,39.0,False,9.0,18.0,0.0,2.0,878.0,False,G,359.0,P,2233,1
Mars,True,55 Cancri e,20.0,False,0.0,0.0,0.0,0.0,0.0,True,F,448.0,P,2234,1
Mars,True,55 Cancri e,20.0,False,0.0,0.0,0.0,0.0,0.0,True,F,448.0,P,2234,2
Mars,False,TRAPPIST-1e,19.0,False,0.0,0.0,0.0,0.0,0.0,False,E,134.0,P,2234,3
Mars,False,55 Cancri e,20.0,False,552.0,8.0,1348.0,5.0,0.0,False,E,134.0,P,2234,4
Mars,False,TRAPPIST-1e,31.0,False,21.0,0.0,1031.0,0.0,0.0,False,D,66.0,P,2234,5
Mars,True,55 Cancri e,17.0,False,0.0,0.0,0.0,0.0,0.0,True,F,448.0,P,2234,6
Mars,False,TRAPPIST-1e,24.0,False,2538.0,0.0,61.0,0.0,0.0,False,F,448.0,P,2234,7
Earth,False,TRAPPIST-1e,27.0,False,203.0,539.0,0.0,0.0,0.0,False,F,449.0,P,2235,1
Europa,False,55 Cancri e,28.0,False,0.0,162.0,741.0,3733.0,99.0,True,C,83.0,S,2237,1
Europa,True,TRAPPIST-1e,41.0,False,0.0,0.0,0.0,0.0,0.0,True,C,83.0,S,2237,2
Europa,True,55 Cancri e,25.0,False,0.0,0.0,0.0,0.0,0.0,True,A,28.0,S,2238,1
Earth,False,PSO J318.5-22,26.0,False,93.0,0.0,469.0,0.0,0.0,True,F,439.0,S,2239,1
Earth,False,TRAPPIST-1e,27.0,False,485.0,1109.0,921.0,0.0,1.0,False,F,451.0,P,2241,1
Earth,False,TRAPPIST-1e,22.0,False,38.0,483.0,80.0,47.0,121.0,True,G,362.0,P,2243,1
Europa,False,55 Cancri e,62.0,False,320.0,1179.0,756.0,4996.0,85.0,False,A,29.0,S,2251,1
Europa,False,TRAPPIST-1e,58.0,False,2.0,1.0,14.0,2.0,1153.0,False,A,29.0,S,2251,2
Earth,False,Unknown,37.0,False,0.0,1368.0,0.0,0.0,960.0,False,G,363.0,P,2252,1
Earth,False,TRAPPIST-1e,54.0,False,701.0,32.0,171.0,8.0,0.0,False,G,359.0,S,2253,1
Earth,False,TRAPPIST-1e,26.0,False,0.0,10.0,0.0,702.0,1.0,False,F,455.0,P,2254,1
Europa,True,55 Cancri e,44.0,False,0.0,0.0,0.0,0.0,0.0,True,C,75.0,P,2255,1
Europa,True,TRAPPIST-1e,34.0,False,0.0,0.0,0.0,0.0,0.0,True,C,75.0,P,2255,2
Earth,True,TRAPPIST-1e,47.0,False,0.0,0.0,0.0,0.0,0.0,True,G,360.0,S,2256,1
Europa,False,TRAPPIST-1e,27.0,True,0.0,3341.0,0.0,80.0,654.0,True,C,76.0,P,2257,1
Europa,True,55 Cancri e,22.0,False,0.0,0.0,0.0,0.0,0.0,True,B,66.0,P,2257,2
Earth,True,TRAPPIST-1e,46.0,False,0.0,0.0,0.0,0.0,0.0,True,G,364.0,P,2258,1
Earth,False,TRAPPIST-1e,29.0,False,0.0,0.0,885.0,0.0,0.0,True,F,441.0,S,2261,1
Earth,False,55 Cancri e,43.0,False,485.0,4.0,136.0,48.0,0.0,False,G,365.0,P,2262,1
Earth,False,TRAPPIST-1e,42.0,False,0.0,0.0,32.0,772.0,0.0,False,F,456.0,P,2263,1
Earth,False,TRAPPIST-1e,39.0,False,0.0,0.0,13.0,0.0,868.0,True,F,442.0,S,2264,1
Mars,False,TRAPPIST-1e,30.0,False,616.0,0.0,185.0,210.0,475.0,False,F,457.0,P,2266,1
Mars,False,TRAPPIST-1e,43.0,False,2318.0,0.0,647.0,81.0,0.0,True,E,161.0,S,2267,1
Earth,True,TRAPPIST-1e,19.0,False,0.0,0.0,0.0,0.0,0.0,False,G,366.0,P,2268,1
Mars,True,TRAPPIST-1e,26.0,False,0.0,0.0,0.0,0.0,0.0,True,F,458.0,P,2269,1
Mars,False,TRAPPIST-1e,46.0,False,171.0,0.0,1257.0,5.0,0.0,True,F,459.0,P,2270,1
Earth,False,TRAPPIST-1e,3.0,False,0.0,0.0,0.0,0.0,0.0,True,G,367.0,P,2272,1
Earth,True,55 Cancri e,21.0,False,0.0,0.0,0.0,0.0,0.0,True,F,82.0,S,2272,2
Earth,False,TRAPPIST-1e,1.0,False,0.0,0.0,0.0,0.0,0.0,True,G,367.0,P,2272,3
Earth,False,TRAPPIST-1e,22.0,False,0.0,0.0,0.0,10.0,778.0,False,E,162.0,S,2273,1
Europa,True,55 Cancri e,27.0,False,0.0,0.0,0.0,0.0,0.0,True,C,79.0,P,2274,1
Europa,True,55 Cancri e,28.0,False,0.0,0.0,0.0,0.0,0.0,True,C,79.0,P,2274,2
Mars,False,PSO J318.5-22,36.0,False,241.0,0.0,670.0,0.0,0.0,False,F,460.0,P,2275,1
Earth,False,TRAPPIST-1e,19.0,False,26.0,313.0,470.0,0.0,0.0,False,G,362.0,S,2277,1
Europa,True,55 Cancri e,18.0,False,0.0,0.0,0.0,0.0,0.0,True,C,80.0,P,2278,1
Europa,False,55 Cancri e,47.0,False,0.0,140.0,0.0,85.0,3970.0,False,B,91.0,S,2279,1
Europa,False,TRAPPIST-1e,18.0,False,20.0,1064.0,0.0,0.0,11643.0,False,B,92.0,S,2280,1
Earth,False,TRAPPIST-1e,6.0,False,0.0,0.0,0.0,0.0,0.0,True,E,136.0,P,2281,1
Earth,False,TRAPPIST-1e,20.0,False,0.0,544.0,1.0,0.0,378.0,False,F,461.0,P,2282,1
Mars,False,TRAPPIST-1e,18.0,False,262.0,302.0,1127.0,4225.0,0.0,False,F,463.0,P,2284,1
Earth,False,TRAPPIST-1e,37.0,False,0.0,1.0,0.0,219.0,0.0,False,F,464.0,P,2287,1
Earth,False,TRAPPIST-1e,22.0,False,12.0,746.0,802.0,58.0,0.0,False,E,163.0,S,2288,1
Mars,False,TRAPPIST-1e,37.0,False,20.0,0.0,2559.0,20.0,0.0,True,F,465.0,P,2289,1
Earth,False,55 Cancri e,6.0,False,0.0,0.0,0.0,0.0,0.0,False,G,365.0,S,2291,1
Earth,False,TRAPPIST-1e,36.0,False,3.0,0.0,435.0,8.0,277.0,False,G,365.0,S,2291,2
Earth,False,55 Cancri e,46.0,False,426.0,37.0,0.0,0.0,568.0,False,F,445.0,S,2291,3
Earth,False,TRAPPIST-1e,75.0,False,0.0,0.0,1224.0,0.0,1769.0,False,F,466.0,P,2295,1
Earth,False,TRAPPIST-1e,37.0,False,0.0,8.0,70.0,360.0,258.0,False,F,466.0,P,2295,2
Earth,True,TRAPPIST-1e,22.0,False,0.0,0.0,0.0,0.0,0.0,True,G,369.0,P,2296,1
Earth,False,PSO J318.5-22,33.0,False,270.0,412.0,1.0,0.0,5.0,False,F,467.0,P,2298,1
Mars,False,TRAPPIST-1e,35.0,False,174.0,0.0,381.0,0.0,62.0,False,F,448.0,S,2299,1
Europa,False,55 Cancri e,19.0,False,0.0,0.0,0.0,0.0,8195.0,False,C,81.0,P,2300,1
Europa,False,55 Cancri e,34.0,False,0.0,22.0,0.0,3028.0,3768.0,False,C,81.0,P,2300,2
Earth,False,TRAPPIST-1e,23.0,False,1010.0,0.0,33.0,10.0,0.0,True,F,449.0,S,2301,1
Earth,False,55 Cancri e,37.0,False,1508.0,0.0,0.0,1.0,0.0,False,G,367.0,S,2301,2
Earth,False,55 Cancri e,24.0,False,1367.0,0.0,1.0,0.0,0.0,False,F,449.0,S,2301,3
Europa,False,TRAPPIST-1e,54.0,True,0.0,3381.0,0.0,4463.0,34.0,False,A,18.0,P,2302,1
Mars,False,55 Cancri e,52.0,False,1377.0,0.0,32.0,22.0,0.0,True,F,468.0,P,2303,1
Earth,True,TRAPPIST-1e,60.0,False,0.0,0.0,0.0,0.0,0.0,False,G,368.0,S,2305,1
Europa,False,TRAPPIST-1e,1.0,False,0.0,0.0,0.0,0.0,0.0,True,C,82.0,P,2306,1
Europa,False,TRAPPIST-1e,28.82793046746535,False,0.0,0.0,0.0,0.0,0.0,True,C,82.0,P,2306,2
Europa,False,TRAPPIST-1e,22.0,False,0.0,297.0,3.0,676.0,2924.0,False,C,82.0,P,2306,3
Europa,False,55 Cancri e,27.0,False,0.0,12077.0,0.0,75.0,0.0,True,C,82.0,P,2306,4
Europa,True,55 Cancri e,48.0,False,0.0,0.0,0.0,0.0,0.0,True,C,82.0,P,2306,5
Europa,False,55 Cancri e,47.0,False,1320.0,428.0,4.0,24.0,0.0,False,C,82.0,P,2306,6
Europa,True,TRAPPIST-1e,25.0,False,0.0,0.0,0.0,0.0,0.0,True,D,77.0,S,2308,1
Europa,False,55 Cancri e,49.0,False,9.0,2426.0,95.0,1249.0,168.0,False,D,77.0,S,2308,2
Europa,False,TRAPPIST-1e,33.0,False,0.0,2012.0,1.0,9124.0,4.0,False,D,77.0,S,2308,3
Europa,False,TRAPPIST-1e,67.0,False,0.0,4715.0,0.0,599.0,6.0,True,D,77.0,S,2308,4
Earth,True,PSO J318.5-22,5.0,False,0.0,0.0,0.0,0.0,0.0,False,G,371.0,P,2309,1
Europa,True,55 Cancri e,60.0,False,0.0,0.0,0.0,0.0,0.0,True,D,68.0,P,2310,1
Europa,True,TRAPPIST-1e,56.0,False,0.0,0.0,0.0,0.0,0.0,True,D,68.0,P,2310,2
Europa,False,TRAPPIST-1e,59.0,False,0.0,2210.0,0.0,4085.0,11.0,False,D,68.0,P,2310,3
Europa,True,TRAPPIST-1e,44.0,False,0.0,0.0,0.0,0.0,0.0,True,D,68.0,P,2310,4
Earth,False,TRAPPIST-1e,33.0,False,0.0,763.0,1.0,66.0,84.0,False,G,372.0,P,2311,1
Unknown,True,TRAPPIST-1e,28.0,False,0.0,0.0,0.0,0.0,0.0,False,G,369.0,S,2312,1
Mars,False,TRAPPIST-1e,29.0,False,1365.0,0.0,791.0,210.0,0.0,False,F,469.0,P,2313,1
Earth,True,TRAPPIST-1e,13.0,False,0.0,0.0,0.0,0.0,0.0,False,G,370.0,S,2314,1
Europa,True,55 Cancri e,34.0,False,0.0,0.0,0.0,0.0,0.0,True,B,67.0,P,2315,1
Earth,True,PSO J318.5-22,45.0,False,0.0,0.0,0.0,0.0,0.0,True,G,371.0,S,2316,1
Earth,False,TRAPPIST-1e,39.0,False,0.0,454.0,0.0,454.0,0.0,False,G,372.0,S,2317,1
Earth,False,TRAPPIST-1e,18.0,False,128.0,37.0,626.0,0.0,5.0,False,F,470.0,P,2318,1
Unknown,True,PSO J318.5-22,57.0,False,0.0,0.0,0.0,0.0,0.0,False,G,373.0,P,2319,1
Earth,False,55 Cancri e,28.82793046746535,False,0.0,760.0,0.0,21.0,23.0,False,F,450.0,S,2320,1
Earth,True,PSO J318.5-22,25.0,False,0.0,0.0,0.0,0.0,0.0,True,G,373.0,S,2321,1
Earth,True,PSO J318.5-22,22.0,False,0.0,0.0,0.0,0.0,0.0,False,G,374.0,S,2325,1
Europa,False,TRAPPIST-1e,32.0,False,0.0,4106.0,388.0,892.0,2.0,True,B,68.0,P,2327,1
Mars,True,TRAPPIST-1e,29.0,False,0.0,0.0,0.0,0.0,0.0,True,F,472.0,P,2329,1
Earth,False,TRAPPIST-1e,21.0,False,556.0,0.0,20.0,1589.0,0.0,False,F,453.0,S,2332,1
Mars,False,TRAPPIST-1e,16.0,False,0.0,0.0,0.0,0.0,0.0,False,E,137.0,P,2333,1
Europa,True,55 Cancri e,45.0,False,0.0,0.0,0.0,0.0,0.0,True,A,30.0,S,2336,1
Europa,False,TRAPPIST-1e,44.0,True,1409.0,910.0,17.0,1452.0,3782.0,False,A,30.0,S,2336,2
Earth,True,55 Cancri e,27.0,False,0.0,0.0,0.0,0.0,0.0,True,G,376.0,P,2338,1
Earth,False,TRAPPIST-1e,26.0,False,14.0,0.0,0.0,857.0,0.0,False,F,474.0,P,2338,2
Mars,False,TRAPPIST-1e,46.0,False,1290.0,0.0,57.0,0.0,0.0,False,F,475.0,P,2339,1
Earth,False,PSO J318.5-22,24.0,False,0.0,0.0,648.0,0.0,0.0,False,F,454.0,S,2340,1
Earth,False,TRAPPIST-1e,15.0,False,0.0,785.0,0.0,0.0,0.0,True,F,455.0,S,2341,1
Earth,True,PSO J318.5-22,53.0,False,0.0,0.0,0.0,0.0,0.0,False,G,378.0,S,2345,1
Earth,False,55 Cancri e,28.0,False,613.0,22.0,0.0,0.0,0.0,False,F,477.0,P,2347,1
Earth,True,TRAPPIST-1e,11.0,False,0.0,0.0,0.0,0.0,0.0,True,G,377.0,P,2347,2
Earth,True,TRAPPIST-1e,7.0,False,0.0,0.0,0.0,0.0,0.0,False,G,377.0,P,2347,3
Earth,True,PSO J318.5-22,0.0,False,0.0,0.0,0.0,0.0,0.0,True,G,377.0,P,2347,4
Earth,True,55 Cancri e,15.0,False,0.0,0.0,0.0,0.0,0.0,True,G,377.0,P,2347,5
Earth,False,55 Cancri e,31.0,False,1.0,0.0,2.0,605.0,0.0,False,G,377.0,P,2347,6
Earth,False,TRAPPIST-1e,9.0,False,0.0,0.0,0.0,0.0,0.0,False,G,377.0,P,2347,7
Europa,False,55 Cancri e,44.0,True,0.0,1223.0,78.0,1418.0,1239.0,False,D,78.0,S,2348,1
Earth,False,TRAPPIST-1e,35.0,False,0.0,722.0,0.0,0.0,185.0,False,G,379.0,S,2349,1
Earth,False,TRAPPIST-1e,30.0,False,27.0,5412.0,86.0,0.0,0.0,True,G,380.0,S,2353,1
Earth,False,55 Cancri e,13.0,False,880.0,0.0,0.0,0.0,0.0,False,F,457.0,S,2353,2
Mars,False,TRAPPIST-1e,45.0,True,773.0,82.0,0.0,6.0,0.0,False,D,80.0,S,2356,1
Mars,True,TRAPPIST-1e,4.0,False,0.0,0.0,0.0,0.0,0.0,True,D,80.0,S,2356,2
Mars,True,TRAPPIST-1e,21.0,False,0.0,0.0,0.0,0.0,0.0,True,D,80.0,S,2356,3
Earth,False,TRAPPIST-1e,20.0,False,0.0,409.0,994.0,215.0,0.0,False,E,139.0,P,2357,1
Earth,True,TRAPPIST-1e,24.0,False,0.0,0.0,0.0,0.0,0.0,True,G,379.0,P,2360,1
Earth,True,PSO J318.5-22,3.0,False,0.0,0.0,0.0,0.0,0.0,False,G,380.0,P,2361,1
Earth,False,Unknown,29.0,False,0.0,0.0,792.0,0.0,0.0,True,F,481.0,P,2361,2
Europa,False,TRAPPIST-1e,28.0,False,2416.0,8926.0,41.0,1.0,462.0,True,C,85.0,S,2363,1
Earth,False,TRAPPIST-1e,44.0,False,0.0,4.0,6.0,864.0,33.0,True,G,381.0,P,2364,1
Europa,True,TRAPPIST-1e,50.0,False,0.0,0.0,0.0,0.0,0.0,True,D,71.0,P,2365,1
Mars,True,TRAPPIST-1e,35.0,False,0.0,0.0,0.0,0.0,0.0,False,F,482.0,P,2366,1
Earth,False,TRAPPIST-1e,19.0,False,0.0,0.0,1.0,644.0,0.0,False,F,483.0,P,2367,1
Mars,False,TRAPPIST-1e,22.0,False,579.0,0.0,267.0,0.0,108.0,False,E,141.0,P,2368,1
Earth,False,TRAPPIST-1e,30.0,False,3.0,0.0,880.0,0.0,40.0,False,F,484.0,P,2369,1
Europa,False,TRAPPIST-1e,36.0,False,0.0,4756.0,0.0,7818.0,96.0,False,D,81.0,S,2373,1
Mars,False,TRAPPIST-1e,20.0,False,464.0,0.0,1432.0,0.0,0.0,True,E,166.0,S,2374,1
Earth,False,55 Cancri e,22.0,False,0.0,0.0,659.0,94.0,0.0,True,G,383.0,P,2375,1
Earth,False,55 Cancri e,22.0,False,0.0,30.0,0.0,0.0,673.0,False,F,459.0,S,2376,1
Europa,True,PSO J318.5-22,32.0,False,0.0,0.0,0.0,0.0,0.0,True,C,83.0,P,2377,1
Earth,False,TRAPPIST-1e,35.0,False,194.0,0.0,678.0,0.0,0.0,False,F,487.0,P,2379,1
Earth,False,55 Cancri e,41.0,False,0.0,33.0,0.0,1324.0,0.0,False,F,488.0,P,2382,1
Earth,True,TRAPPIST-1e,57.0,False,0.0,0.0,0.0,0.0,0.0,False,G,383.0,S,2384,1
Earth,True,PSO J318.5-22,3.0,False,0.0,0.0,0.0,0.0,0.0,False,G,383.0,S,2384,2
Earth,False,55 Cancri e,11.0,False,0.0,0.0,0.0,0.0,0.0,True,G,383.0,S,2384,3
Earth,False,TRAPPIST-1e,4.0,False,0.0,0.0,0.0,0.0,0.0,True,G,383.0,S,2384,4
Earth,True,TRAPPIST-1e,17.0,False,0.0,0.0,0.0,0.0,0.0,False,G,383.0,S,2384,5
Earth,False,TRAPPIST-1e,30.0,False,0.0,0.0,0.0,0.0,0.0,False,G,383.0,S,2384,6
Unknown,True,TRAPPIST-1e,11.0,False,0.0,0.0,0.0,0.0,0.0,True,F,82.0,S,2384,7
Mars,False,TRAPPIST-1e,23.0,False,1773.0,0.0,78.0,0.0,3.0,False,F,461.0,S,2385,1
Earth,False,TRAPPIST-1e,58.0,False,0.0,400.0,0.0,690.0,490.0,True,E,142.0,P,2387,1
Earth,False,TRAPPIST-1e,22.0,False,0.0,46.0,0.0,676.0,0.0,False,G,384.0,S,2389,1
Earth,False,TRAPPIST-1e,24.0,False,0.0,0.0,0.0,59.0,4120.0,False,G,385.0,P,2390,1
Earth,False,TRAPPIST-1e,20.0,False,768.0,19.0,0.0,1.0,0.0,False,E,143.0,P,2391,1
Unknown,True,TRAPPIST-1e,37.0,False,0.0,0.0,0.0,0.0,0.0,True,G,386.0,P,2392,1
Earth,False,TRAPPIST-1e,49.0,False,712.0,1.0,0.0,0.0,0.0,False,G,387.0,P,2395,1
Earth,False,TRAPPIST-1e,46.0,False,0.0,557.0,0.0,287.0,781.0,False,E,168.0,S,2396,1
Earth,False,TRAPPIST-1e,30.0,False,854.0,0.0,30.0,0.0,0.0,False,G,386.0,S,2396,2
Earth,False,55 Cancri e,36.0,False,0.0,810.0,0.0,0.0,0.0,False,G,387.0,S,2397,1
Earth,False,TRAPPIST-1e,21.0,False,0.0,780.0,44.0,0.0,5.0,False,F,490.0,P,2398,1
Mars,False,TRAPPIST-1e,25.0,True,854.0,0.0,319.0,0.0,0.0,False,E,169.0,S,2399,1
Earth,True,PSO J318.5-22,42.0,False,0.0,0.0,0.0,0.0,0.0,True,G,388.0,P,2401,1
Earth,True,TRAPPIST-1e,13.0,False,0.0,0.0,0.0,0.0,0.0,False,G,389.0,P,2402,1
Earth,False,Unknown,25.0,False,7.0,0.0,0.0,877.0,0.0,False,G,388.0,S,2403,1
Europa,False,TRAPPIST-1e,29.0,False,0.0,544.0,7.0,2650.0,1561.0,False,C,86.0,S,2404,1
Europa,True,TRAPPIST-1e,17.0,False,0.0,0.0,0.0,0.0,0.0,True,C,86.0,S,2404,2
Europa,False,55 Cancri e,36.0,False,828.0,5553.0,130.0,47.0,1171.0,True,C,86.0,S,2404,3
Unknown,True,TRAPPIST-1e,44.0,False,0.0,0.0,0.0,0.0,0.0,True,C,86.0,S,2404,4
Mars,True,TRAPPIST-1e,18.0,False,0.0,0.0,0.0,0.0,0.0,True,F,465.0,S,2406,1
Earth,False,55 Cancri e,22.0,False,292.0,395.0,0.0,0.0,3.0,False,F,492.0,P,2409,1
Earth,True,TRAPPIST-1e,22.0,False,0.0,0.0,0.0,0.0,0.0,True,G,390.0,P,2409,2
Earth,True,TRAPPIST-1e,43.0,False,0.0,0.0,0.0,0.0,0.0,True,G,391.0,P,2410,1
Earth,False,TRAPPIST-1e,29.0,False,19.0,2115.0,17.0,0.0,0.0,True,F,493.0,P,2411,1
Earth,True,TRAPPIST-1e,24.0,False,0.0,0.0,0.0,0.0,0.0,True,G,392.0,P,2412,1
Earth,True,PSO J318.5-22,18.0,False,0.0,0.0,0.0,0.0,0.0,True,G,390.0,S,2413,1
Europa,False,TRAPPIST-1e,42.0,False,0.0,1829.0,2.0,3133.0,2447.0,False,T,1.0,P,2414,1
Earth,False,TRAPPIST-1e,43.0,False,9.0,0.0,1079.0,0.0,729.0,False,G,391.0,S,2416,1
Earth,False,TRAPPIST-1e,32.0,False,11.0,31.0,0.0,836.0,9.0,False,G,393.0,P,2417,1
Earth,True,TRAPPIST-1e,15.0,False,0.0,0.0,0.0,0.0,0.0,True,G,394.0,P,2419,1
Mars,False,TRAPPIST-1e,22.0,False,0.0,0.0,0.0,0.0,0.0,True,E,145.0,P,2421,1
Earth,True,TRAPPIST-1e,20.0,False,0.0,0.0,0.0,0.0,0.0,False,G,395.0,P,2423,1
Earth,False,TRAPPIST-1e,34.0,False,34.0,223.0,1559.0,0.0,0.0,True,G,393.0,S,2424,1
Mars,True,TRAPPIST-1e,70.0,False,0.0,0.0,0.0,0.0,0.0,True,F,466.0,S,2426,1
Mars,True,TRAPPIST-1e,18.0,False,0.0,0.0,0.0,0.0,0.0,True,F,466.0,S,2426,2
Europa,True,TRAPPIST-1e,26.0,False,0.0,0.0,0.0,0.0,0.0,True,B,94.0,S,2427,1
Earth,False,TRAPPIST-1e,17.0,False,112.0,56.0,332.0,0.0,606.0,False,F,497.0,P,2429,1
Earth,False,TRAPPIST-1e,13.0,False,0.0,2.0,0.0,566.0,208.0,False,F,498.0,P,2431,1
Earth,False,TRAPPIST-1e,19.0,False,0.0,0.0,79.0,0.0,0.0,False,F,499.0,P,2432,1
Europa,True,TRAPPIST-1e,32.0,False,0.0,0.0,0.0,0.0,0.0,True,C,84.0,P,2433,1
Earth,False,TRAPPIST-1e,33.0,False,4.0,0.0,28.0,0.0,2757.0,False,F,467.0,S,2435,1
Earth,False,TRAPPIST-1e,21.0,False,759.0,0.0,0.0,0.0,40.0,False,F,501.0,P,2436,1
Mars,True,TRAPPIST-1e,23.0,False,0.0,0.0,0.0,0.0,0.0,True,F,503.0,P,2438,1
Earth,False,TRAPPIST-1e,24.0,False,227.0,537.0,13.0,0.0,0.0,True,F,504.0,P,2439,1
Earth,False,55 Cancri e,17.0,False,0.0,11.0,493.0,0.0,372.0,False,F,468.0,S,2441,1
Mars,True,TRAPPIST-1e,34.0,False,0.0,0.0,0.0,0.0,0.0,True,F,505.0,P,2442,1
Unknown,False,TRAPPIST-1e,31.0,False,1458.0,421.0,76.0,0.0,0.0,False,D,72.0,P,2443,1
Earth,False,55 Cancri e,43.0,False,6.0,236.0,3.0,448.0,54.0,False,F,506.0,P,2444,1
Earth,False,Unknown,43.0,False,602.0,3.0,27.0,89.0,69.0,False,E,170.0,S,2445,1
Earth,False,TRAPPIST-1e,33.0,False,0.0,0.0,661.0,0.0,94.0,True,F,507.0,P,2446,1
Mars,True,TRAPPIST-1e,28.0,False,0.0,0.0,0.0,0.0,0.0,True,F,508.0,P,2449,1
Mars,True,TRAPPIST-1e,27.0,False,0.0,0.0,0.0,0.0,0.0,False,E,146.0,P,2449,2
Mars,True,TRAPPIST-1e,7.0,False,0.0,0.0,0.0,0.0,0.0,True,F,508.0,P,2449,3
Unknown,True,PSO J318.5-22,16.0,False,0.0,0.0,0.0,0.0,0.0,False,G,395.0,S,2451,1
Earth,False,55 Cancri e,42.0,False,526.0,2.0,28.0,161.0,0.0,False,F,470.0,S,2452,1
Mars,True,TRAPPIST-1e,27.0,False,0.0,0.0,0.0,0.0,0.0,True,E,147.0,P,2453,1
Earth,False,TRAPPIST-1e,19.0,False,0.0,0.0,0.0,157.0,644.0,False,F,510.0,P,2454,1
Mars,False,TRAPPIST-1e,42.0,False,554.0,0.0,1168.0,0.0,275.0,False,F,471.0,S,2455,1
Earth,True,PSO J318.5-22,13.0,False,0.0,0.0,0.0,0.0,0.0,False,G,399.0,P,2456,1
Earth,True,TRAPPIST-1e,16.0,False,0.0,0.0,0.0,0.0,0.0,True,G,400.0,P,2457,1
Earth,False,TRAPPIST-1e,21.0,False,31.0,93.0,578.0,0.0,0.0,True,F,511.0,P,2458,1
Earth,True,PSO J318.5-22,28.0,False,0.0,0.0,0.0,0.0,0.0,True,G,402.0,P,2460,1
Unknown,True,TRAPPIST-1e,69.0,False,0.0,0.0,0.0,0.0,0.0,False,G,396.0,S,2461,1
Earth,True,PSO J318.5-22,15.0,False,0.0,0.0,0.0,0.0,0.0,False,G,397.0,S,2462,1
Earth,False,TRAPPIST-1e,48.0,False,58.0,0.0,12.0,0.0,0.0,False,E,171.0,S,2463,1
Earth,False,TRAPPIST-1e,42.0,False,0.0,1.0,61.0,897.0,0.0,False,F,472.0,S,2466,1
Mars,False,TRAPPIST-1e,42.0,False,999.0,0.0,49.0,0.0,11.0,False,D,83.0,S,2467,1
Earth,False,TRAPPIST-1e,23.0,False,139.0,0.0,0.0,567.0,0.0,False,G,398.0,S,2470,1
Earth,False,TRAPPIST-1e,26.0,False,0.0,0.0,0.0,543.0,0.0,False,G,398.0,S,2470,2
Earth,False,TRAPPIST-1e,45.0,False,0.0,0.0,450.0,94.0,364.0,False,G,403.0,P,2471,1
Earth,False,TRAPPIST-1e,30.0,False,756.0,4.0,30.0,0.0,0.0,False,E,173.0,S,2472,1
Mars,True,TRAPPIST-1e,36.0,False,0.0,0.0,0.0,0.0,0.0,True,F,475.0,S,2474,1
Europa,False,TRAPPIST-1e,28.82793046746535,False,0.0,27.0,0.0,3573.0,3643.0,False,C,85.0,P,2475,1
Earth,False,TRAPPIST-1e,35.0,False,0.0,0.0,1.0,0.0,1264.0,False,F,512.0,P,2476,1
Europa,True,TRAPPIST-1e,21.0,False,0.0,0.0,0.0,0.0,0.0,True,C,86.0,P,2477,1
Europa,True,55 Cancri e,50.0,False,0.0,0.0,0.0,0.0,0.0,True,C,86.0,P,2477,2
Earth,True,TRAPPIST-1e,52.0,False,0.0,0.0,0.0,0.0,0.0,False,G,404.0,P,2478,1
Earth,True,PSO J318.5-22,21.0,False,0.0,0.0,0.0,0.0,0.0,False,F,82.0,S,2479,1
Earth,False,55 Cancri e,41.0,False,682.0,0.0,0.0,0.0,17.0,False,F,476.0,S,2480,1
Earth,False,55 Cancri e,35.0,False,2594.0,195.0,0.0,0.0,0.0,False,F,477.0,S,2483,1
Earth,False,TRAPPIST-1e,26.0,False,552.0,192.0,30.0,0.0,1.0,False,F,513.0,P,2486,1
Earth,False,TRAPPIST-1e,17.0,False,584.0,738.0,54.0,0.0,621.0,False,F,513.0,P,2486,2
Mars,False,TRAPPIST-1e,69.0,False,4483.0,0.0,525.0,0.0,500.0,False,D,85.0,S,2488,1
Europa,True,TRAPPIST-1e,27.0,False,0.0,0.0,0.0,0.0,0.0,True,B,72.0,P,2489,1
Earth,False,PSO J318.5-22,25.0,False,2.0,2762.0,552.0,0.0,1391.0,False,G,401.0,S,2491,1
Mars,True,TRAPPIST-1e,27.0,False,0.0,0.0,0.0,0.0,0.0,True,F,480.0,S,2492,1
Earth,False,TRAPPIST-1e,25.0,False,64.0,0.0,0.0,660.0,0.0,False,F,481.0,S,2496,1
Earth,False,55 Cancri e,36.0,False,0.0,0.0,0.0,33.0,619.0,False,F,82.0,S,2497,1
Earth,False,TRAPPIST-1e,14.0,False,148.0,0.0,34.0,808.0,0.0,False,E,176.0,S,2498,1
Europa,True,55 Cancri e,27.0,False,0.0,0.0,0.0,0.0,0.0,True,C,89.0,S,2499,1
Earth,False,TRAPPIST-1e,22.0,False,272.0,44.0,0.0,1064.0,418.0,False,G,403.0,S,2500,1
Earth,False,TRAPPIST-1e,24.0,False,873.0,12.0,1.0,0.0,3.0,False,G,404.0,S,2502,1
Mars,False,TRAPPIST-1e,28.82793046746535,False,311.0,0.0,745.0,232.0,0.0,False,F,516.0,P,2503,1
Mars,False,TRAPPIST-1e,4.0,False,0.0,0.0,0.0,0.0,0.0,True,F,516.0,P,2503,2
Unknown,False,TRAPPIST-1e,19.0,False,0.0,13.0,291.0,481.0,2.0,False,E,149.0,P,2505,1
Earth,False,TRAPPIST-1e,19.0,False,0.0,5.0,4.0,541.0,238.0,False,E,149.0,P,2505,2
Unknown,False,55 Cancri e,38.0,False,0.0,2506.0,46.0,11001.0,5.0,False,A,19.0,P,2506,1
Europa,True,55 Cancri e,39.0,False,0.0,0.0,0.0,0.0,0.0,True,A,19.0,P,2506,2
Europa,False,55 Cancri e,23.0,False,36.0,2467.0,0.0,381.0,803.0,False,A,19.0,P,2506,3
Europa,True,55 Cancri e,57.0,False,0.0,0.0,0.0,0.0,0.0,True,D,86.0,S,2508,1
Europa,True,TRAPPIST-1e,18.0,False,0.0,0.0,0.0,0.0,0.0,True,D,86.0,S,2508,2
Earth,False,TRAPPIST-1e,43.0,False,0.0,9.0,1145.0,0.0,0.0,False,F,483.0,S,2509,1
Mars,False,TRAPPIST-1e,28.0,False,34.0,0.0,1342.0,91.0,0.0,True,F,517.0,P,2510,1
Europa,False,55 Cancri e,33.0,False,0.0,8759.0,0.0,2788.0,4513.0,False,C,91.0,S,2512,1
Europa,True,55 Cancri e,37.0,False,0.0,0.0,0.0,0.0,0.0,True,C,91.0,S,2512,2
Earth,False,TRAPPIST-1e,28.0,False,0.0,55.0,0.0,656.0,0.0,False,F,82.0,S,2513,1
Europa,False,55 Cancri e,28.0,True,2.0,2144.0,0.0,435.0,5872.0,False,B,96.0,S,2515,1
Europa,True,55 Cancri e,18.0,False,0.0,0.0,0.0,0.0,0.0,True,B,96.0,S,2515,2
Earth,False,55 Cancri e,29.0,False,75.0,17.0,0.0,211.0,506.0,False,G,406.0,P,2516,1
Europa,True,TRAPPIST-1e,29.0,False,0.0,0.0,0.0,0.0,0.0,True,C,87.0,P,2518,1
Europa,True,55 Cancri e,28.0,False,0.0,0.0,0.0,0.0,0.0,True,C,87.0,P,2518,2
Earth,False,TRAPPIST-1e,24.0,False,172.0,775.0,344.0,0.0,0.0,True,F,485.0,S,2519,1
Europa,False,TRAPPIST-1e,59.0,False,0.0,5407.0,0.0,285.0,1135.0,False,C,88.0,P,2520,1
Mars,True,TRAPPIST-1e,43.0,False,0.0,0.0,0.0,0.0,0.0,False,E,151.0,P,2521,1
Mars,True,TRAPPIST-1e,20.0,False,0.0,0.0,0.0,0.0,0.0,True,F,520.0,P,2522,1
Europa,True,55 Cancri e,23.0,False,0.0,0.0,0.0,0.0,0.0,True,B,73.0,P,2523,1
Europa,True,55 Cancri e,27.0,False,0.0,0.0,0.0,0.0,0.0,True,D,74.0,P,2524,1
Europa,True,55 Cancri e,38.0,False,0.0,0.0,0.0,0.0,0.0,True,B,74.0,P,2526,1
Earth,True,PSO J318.5-22,38.0,False,0.0,0.0,0.0,0.0,0.0,True,G,405.0,S,2527,1
Mars,False,TRAPPIST-1e,48.0,False,639.0,412.0,110.0,0.0,0.0,True,F,487.0,S,2528,1
Mars,False,TRAPPIST-1e,25.0,False,1734.0,1.0,189.0,1.0,0.0,False,F,488.0,S,2530,1
Earth,True,PSO J318.5-22,25.0,False,0.0,0.0,0.0,0.0,0.0,True,G,407.0,P,2531,1
Mars,False,TRAPPIST-1e,24.0,False,737.0,37.0,1682.0,0.0,0.0,False,F,489.0,S,2532,1
Mars,True,TRAPPIST-1e,69.0,False,0.0,0.0,0.0,0.0,0.0,True,F,489.0,S,2532,2
Europa,False,55 Cancri e,20.0,False,0.0,646.0,0.0,0.0,1425.0,False,B,75.0,P,2534,1
Europa,True,55 Cancri e,18.0,False,0.0,0.0,0.0,0.0,0.0,True,B,75.0,P,2534,2
Earth,True,TRAPPIST-1e,28.0,False,0.0,0.0,0.0,0.0,0.0,False,G,409.0,P,2535,1
Earth,False,PSO J318.5-22,23.0,False,0.0,9.0,292.0,35.0,349.0,True,E,152.0,P,2537,1
Mars,False,TRAPPIST-1e,24.0,False,345.0,0.0,451.0,0.0,582.0,False,E,177.0,S,2540,1
Europa,False,Unknown,44.0,False,0.0,1482.0,127.0,1555.0,1257.0,False,B,77.0,P,2541,1
Mars,False,TRAPPIST-1e,29.0,False,834.0,0.0,28.0,117.0,41.0,False,E,153.0,P,2542,1
Europa,False,55 Cancri e,6.0,False,0.0,0.0,0.0,0.0,0.0,True,B,97.0,S,2544,1
Europa,False,TRAPPIST-1e,42.0,False,41.0,1912.0,0.0,1899.0,43.0,False,B,97.0,S,2544,2
Earth,True,55 Cancri e,78.0,False,0.0,0.0,0.0,0.0,0.0,False,G,410.0,P,2545,1
Earth,False,TRAPPIST-1e,36.0,False,548.0,179.0,24.0,0.0,77.0,False,F,491.0,S,2546,1
Europa,False,55 Cancri e,37.0,False,0.0,100.0,0.0,1402.0,1462.0,False,F,82.0,S,2547,1
Europa,False,55 Cancri e,41.0,False,0.0,12809.0,2.0,2835.0,1514.0,True,A,20.0,P,2547,2
Earth,False,TRAPPIST-1e,18.0,False,852.0,48.0,0.0,7.0,0.0,False,G,407.0,S,2548,1
Mars,False,TRAPPIST-1e,62.0,False,1663.0,0.0,23.0,2.0,12.0,False,F,522.0,P,2549,1
Mars,False,TRAPPIST-1e,0.0,False,0.0,0.0,0.0,0.0,0.0,True,F,522.0,P,2549,2
Mars,False,TRAPPIST-1e,55.0,False,1281.0,0.0,7.0,1.0,0.0,False,F,522.0,P,2549,3
Earth,True,TRAPPIST-1e,16.0,False,0.0,0.0,0.0,0.0,0.0,True,G,411.0,P,2550,1
Earth,False,TRAPPIST-1e,32.0,False,238.0,156.0,3.0,2.0,324.0,False,F,523.0,P,2551,1
Earth,False,TRAPPIST-1e,19.0,False,0.0,1124.0,4.0,0.0,0.0,True,F,492.0,S,2552,1
Earth,False,55 Cancri e,7.0,False,0.0,0.0,0.0,0.0,0.0,True,G,408.0,S,2552,2
Earth,False,55 Cancri e,4.0,False,0.0,0.0,0.0,0.0,0.0,True,G,408.0,S,2552,3
Europa,True,TRAPPIST-1e,30.0,False,0.0,0.0,0.0,0.0,0.0,True,D,87.0,S,2553,1
Europa,True,55 Cancri e,24.0,False,0.0,0.0,0.0,0.0,0.0,True,B,78.0,P,2555,1
Europa,True,TRAPPIST-1e,34.0,False,0.0,0.0,0.0,0.0,0.0,True,B,78.0,P,2555,2
Europa,True,TRAPPIST-1e,30.0,False,0.0,0.0,0.0,0.0,0.0,True,C,92.0,S,2557,1
Mars,False,TRAPPIST-1e,3.0,False,0.0,0.0,0.0,0.0,0.0,True,F,525.0,P,2558,1
Mars,False,TRAPPIST-1e,32.0,False,0.0,0.0,0.0,0.0,0.0,True,F,525.0,P,2558,2
Mars,False,TRAPPIST-1e,55.0,False,403.0,0.0,922.0,0.0,0.0,True,F,525.0,P,2558,3
Mars,True,TRAPPIST-1e,0.0,False,0.0,0.0,0.0,0.0,0.0,True,F,525.0,P,2558,4
Europa,False,TRAPPIST-1e,51.0,False,0.0,1949.0,0.0,2549.0,39.0,False,F,82.0,S,2559,1
Earth,True,PSO J318.5-22,0.0,False,0.0,0.0,0.0,0.0,0.0,True,G,412.0,P,2560,1
Earth,False,TRAPPIST-1e,21.0,False,882.0,0.0,0.0,0.0,0.0,False,G,412.0,P,2560,2
Earth,False,TRAPPIST-1e,2.0,False,0.0,0.0,0.0,0.0,0.0,False,G,412.0,P,2560,3
Earth,False,TRAPPIST-1e,19.0,False,194.0,44.0,0.0,549.0,1.0,False,E,178.0,S,2561,1
Mars,True,TRAPPIST-1e,24.0,False,0.0,0.0,0.0,0.0,0.0,True,F,526.0,P,2562,1
Mars,False,TRAPPIST-1e,20.0,False,2502.0,0.0,96.0,0.0,0.0,False,F,526.0,P,2562,2
Europa,False,TRAPPIST-1e,42.0,False,2.0,3024.0,0.0,89.0,10.0,True,E,179.0,S,2564,1
Mars,True,TRAPPIST-1e,17.0,False,0.0,0.0,0.0,0.0,0.0,True,F,527.0,P,2565,1
Mars,False,TRAPPIST-1e,32.0,False,598.0,0.0,138.0,0.0,624.0,False,E,155.0,P,2565,2
Earth,False,TRAPPIST-1e,28.0,False,145.0,8.0,557.0,0.0,74.0,True,G,414.0,P,2571,1
Europa,True,55 Cancri e,21.0,False,0.0,0.0,0.0,0.0,0.0,True,C,93.0,S,2572,1
Europa,True,55 Cancri e,56.0,True,0.0,0.0,0.0,0.0,0.0,True,C,93.0,S,2572,2
Europa,True,55 Cancri e,28.0,False,0.0,0.0,0.0,0.0,0.0,True,C,90.0,P,2573,1
Earth,False,TRAPPIST-1e,42.0,False,10.0,303.0,12.0,0.0,478.0,False,F,496.0,S,2574,1
Earth,False,TRAPPIST-1e,18.0,False,1153.0,0.0,0.0,1409.0,195.0,False,F,498.0,S,2578,1
Earth,False,TRAPPIST-1e,24.0,False,19.0,676.0,0.0,26.0,0.0,False,G,412.0,S,2580,1
Earth,False,TRAPPIST-1e,20.0,False,496.0,20.0,16.0,0.0,254.0,False,E,156.0,P,2581,1
Earth,False,TRAPPIST-1e,22.0,False,26.0,0.0,0.0,0.0,733.0,False,F,531.0,P,2581,2
Earth,False,TRAPPIST-1e,22.0,False,98.0,0.0,46.0,641.0,0.0,False,G,415.0,P,2582,1
Earth,False,PSO J318.5-22,21.0,False,0.0,0.0,0.0,0.0,0.0,False,G,417.0,P,2584,1
Earth,False,TRAPPIST-1e,28.0,False,4.0,166.0,743.0,0.0,0.0,True,G,419.0,P,2588,1
Europa,True,TRAPPIST-1e,26.0,False,0.0,0.0,0.0,0.0,0.0,True,C,91.0,P,2589,1
Europa,True,55 Cancri e,50.0,False,0.0,0.0,0.0,0.0,0.0,True,C,91.0,P,2589,2
Europa,False,TRAPPIST-1e,26.0,False,0.0,8150.0,0.0,3508.0,99.0,False,C,91.0,P,2589,3
Europa,False,TRAPPIST-1e,30.0,True,0.0,632.0,0.0,673.0,2272.0,False,C,91.0,P,2589,4
Europa,True,TRAPPIST-1e,29.0,False,0.0,0.0,0.0,0.0,0.0,True,C,91.0,P,2589,5
Earth,False,TRAPPIST-1e,8.0,False,0.0,0.0,0.0,0.0,0.0,False,G,420.0,P,2590,1
Earth,False,TRAPPIST-1e,45.0,False,406.0,148.0,285.0,0.0,0.0,False,G,420.0,P,2590,2
Earth,True,PSO J318.5-22,35.0,False,0.0,0.0,0.0,0.0,0.0,True,G,420.0,P,2590,3
Earth,False,PSO J318.5-22,18.0,False,9.0,419.0,0.0,201.0,7.0,False,F,499.0,S,2591,1
Earth,False,TRAPPIST-1e,23.0,False,0.0,121.0,0.0,568.0,128.0,False,G,413.0,S,2591,2
Mars,False,TRAPPIST-1e,29.0,True,803.0,0.0,0.0,58.0,0.0,False,D,75.0,P,2592,1
Mars,False,TRAPPIST-1e,18.0,False,1102.0,9.0,2628.0,0.0,0.0,False,D,75.0,P,2592,2
Earth,False,TRAPPIST-1e,28.0,False,804.0,2.0,13.0,0.0,62.0,False,G,421.0,P,2593,1
Europa,True,TRAPPIST-1e,34.0,False,0.0,0.0,0.0,0.0,0.0,True,B,98.0,S,2594,1
Mars,False,55 Cancri e,0.0,False,0.0,0.0,0.0,0.0,0.0,True,F,533.0,P,2595,1
Mars,False,TRAPPIST-1e,4.0,False,0.0,0.0,0.0,0.0,0.0,True,F,533.0,P,2595,2
Mars,False,TRAPPIST-1e,28.0,False,938.0,61.0,0.0,53.0,4.0,False,D,76.0,P,2595,3
Mars,False,TRAPPIST-1e,8.0,False,0.0,0.0,0.0,0.0,0.0,True,F,533.0,P,2595,4
Mars,False,TRAPPIST-1e,20.0,False,59.0,0.0,1646.0,1657.0,0.0,False,D,77.0,P,2596,1
Mars,True,TRAPPIST-1e,20.0,False,0.0,0.0,0.0,0.0,0.0,True,F,534.0,P,2596,2
Mars,True,TRAPPIST-1e,25.0,False,0.0,0.0,0.0,0.0,0.0,True,F,500.0,S,2597,1
Unknown,False,55 Cancri e,31.0,False,995.0,7.0,1213.0,0.0,687.0,False,F,500.0,S,2597,2
Mars,False,TRAPPIST-1e,37.0,False,27.0,0.0,1131.0,0.0,1318.0,False,F,535.0,P,2598,1
Earth,True,TRAPPIST-1e,21.0,False,0.0,0.0,0.0,0.0,0.0,False,F,82.0,S,2599,1
Mars,True,TRAPPIST-1e,24.0,False,0.0,0.0,0.0,0.0,0.0,True,F,536.0,P,2601,1
Mars,True,TRAPPIST-1e,34.0,False,0.0,0.0,0.0,0.0,0.0,False,E,158.0,P,2602,1
Mars,False,55 Cancri e,0.0,False,0.0,0.0,0.0,0.0,0.0,True,E,158.0,P,2602,2
Mars,True,TRAPPIST-1e,25.0,False,0.0,0.0,0.0,0.0,0.0,False,E,158.0,P,2602,3
Mars,True,55 Cancri e,43.0,False,0.0,0.0,0.0,0.0,0.0,True,D,88.0,S,2605,1
Earth,False,TRAPPIST-1e,28.82793046746535,False,900.0,0.0,0.0,0.0,1.0,False,F,537.0,P,2606,1
Earth,False,TRAPPIST-1e,45.0,False,10.0,16.0,801.0,73.0,0.0,False,F,537.0,P,2606,2
Europa,True,TRAPPIST-1e,63.0,False,0.0,0.0,0.0,0.0,0.0,True,B,99.0,S,2607,1
Europa,True,TRAPPIST-1e,17.0,False,0.0,0.0,0.0,0.0,0.0,True,B,99.0,S,2607,2
Europa,False,55 Cancri e,35.0,False,0.0,1471.0,2.0,445.0,533.0,True,B,99.0,S,2607,3
Europa,False,TRAPPIST-1e,12.0,False,0.0,0.0,0.0,0.0,0.0,True,B,99.0,S,2607,4
Earth,True,PSO J318.5-22,28.82793046746535,False,0.0,0.0,0.0,0.0,0.0,True,G,416.0,S,2609,1
Earth,False,TRAPPIST-1e,17.0,False,0.0,604.0,0.0,0.0,218.0,False,F,541.0,P,2616,1
Earth,False,PSO J318.5-22,32.0,False,59.0,0.0,469.0,0.0,0.0,False,G,424.0,P,2617,1
Unknown,True,TRAPPIST-1e,23.0,False,0.0,0.0,0.0,0.0,0.0,True,E,159.0,P,2618,1
Earth,False,55 Cancri e,17.0,False,2000.0,0.0,0.0,0.0,0.0,False,F,504.0,S,2619,1
Earth,False,55 Cancri e,34.0,False,492.0,0.0,13.0,55.0,0.0,False,F,505.0,S,2622,1
Earth,False,TRAPPIST-1e,15.0,False,0.0,0.0,875.0,3.0,0.0,False,F,542.0,P,2624,1
Earth,True,TRAPPIST-1e,14.0,False,0.0,0.0,0.0,0.0,0.0,True,G,426.0,P,2625,1
Earth,False,TRAPPIST-1e,22.0,False,0.0,1.0,271.0,0.0,1348.0,False,E,160.0,P,2625,2
Earth,False,TRAPPIST-1e,19.0,False,232.0,0.0,479.0,0.0,5.0,False,F,543.0,P,2626,1
Earth,False,PSO J318.5-22,40.0,False,0.0,228.0,5.0,454.0,1.0,False,F,544.0,P,2627,1
Europa,True,55 Cancri e,25.0,False,0.0,0.0,0.0,0.0,0.0,True,A,21.0,P,2628,1
Europa,False,55 Cancri e,51.0,False,0.0,6.0,0.0,2085.0,67.0,False,A,21.0,P,2628,2
Earth,False,TRAPPIST-1e,22.0,False,91.0,6.0,0.0,17.0,693.0,False,G,427.0,P,2629,1
Mars,True,55 Cancri e,50.0,False,0.0,0.0,0.0,0.0,0.0,True,F,545.0,P,2631,1
Earth,False,55 Cancri e,26.0,False,0.0,0.0,0.0,0.0,0.0,False,G,428.0,P,2633,1
Mars,True,TRAPPIST-1e,39.0,False,0.0,0.0,0.0,0.0,0.0,True,F,508.0,S,2634,1
Mars,False,TRAPPIST-1e,18.0,False,1867.0,0.0,29.0,72.0,0.0,True,D,78.0,P,2635,1
Earth,False,TRAPPIST-1e,22.0,False,0.0,0.0,137.0,671.0,0.0,False,G,419.0,S,2636,1
Earth,False,TRAPPIST-1e,26.0,False,0.0,29.0,0.0,759.0,0.0,False,E,181.0,S,2638,1
Earth,False,TRAPPIST-1e,19.0,False,0.0,0.0,0.0,0.0,1051.0,False,F,510.0,S,2640,1
Earth,True,PSO J318.5-22,16.0,False,0.0,0.0,0.0,0.0,0.0,False,G,420.0,S,2641,1
Unknown,False,TRAPPIST-1e,24.0,False,0.0,0.0,17.0,0.0,793.0,False,G,430.0,P,2642,1
Earth,False,PSO J318.5-22,34.0,False,122.0,0.0,6.0,739.0,0.0,False,F,511.0,S,2643,1
Europa,False,TRAPPIST-1e,55.0,False,0.0,815.0,1558.0,3.0,1334.0,True,C,95.0,S,2645,1
Europa,False,TRAPPIST-1e,42.0,False,3.0,2174.0,0.0,10860.0,2564.0,False,C,95.0,S,2645,2
Europa,True,TRAPPIST-1e,14.0,False,0.0,0.0,0.0,0.0,0.0,True,C,95.0,S,2645,3
Europa,False,55 Cancri e,28.0,False,0.0,3053.0,0.0,839.0,2153.0,True,C,95.0,S,2645,4
Europa,True,55 Cancri e,26.0,False,0.0,0.0,0.0,0.0,0.0,True,C,95.0,S,2645,5
Europa,False,55 Cancri e,33.0,False,0.0,286.0,1795.0,712.0,7041.0,False,B,80.0,P,2646,1
Earth,False,TRAPPIST-1e,24.0,False,0.0,0.0,0.0,636.0,68.0,False,F,547.0,P,2647,1
Earth,False,TRAPPIST-1e,23.0,False,490.0,313.0,0.0,6.0,0.0,False,G,421.0,S,2648,1
Mars,False,TRAPPIST-1e,16.0,False,46.0,0.0,1994.0,0.0,677.0,False,D,79.0,P,2649,1
Earth,True,TRAPPIST-1e,36.0,False,0.0,0.0,0.0,0.0,0.0,False,G,431.0,P,2650,1
Europa,True,55 Cancri e,44.0,False,0.0,0.0,0.0,0.0,0.0,True,B,100.0,S,2651,1
Earth,False,TRAPPIST-1e,22.0,False,0.0,0.0,670.0,0.0,32.0,True,F,513.0,S,2652,1
Earth,True,TRAPPIST-1e,30.0,False,0.0,0.0,0.0,0.0,0.0,False,G,422.0,S,2655,1
Earth,False,TRAPPIST-1e,20.0,False,0.0,27.0,1.0,686.0,1.0,False,F,514.0,S,2657,1
Earth,False,TRAPPIST-1e,21.0,False,366.0,1136.0,795.0,132.0,0.0,False,F,549.0,P,2658,1
Mars,False,TRAPPIST-1e,14.0,False,0.0,0.0,0.0,0.0,0.0,True,E,182.0,S,2659,1
Earth,False,TRAPPIST-1e,27.0,False,0.0,0.0,0.0,2.0,1215.0,False,F,550.0,P,2660,1
Earth,False,TRAPPIST-1e,19.0,False,1.0,4.0,0.0,750.0,3.0,False,F,515.0,S,2661,1
Earth,True,TRAPPIST-1e,21.0,False,0.0,0.0,0.0,0.0,0.0,True,G,423.0,S,2661,2
Mars,False,55 Cancri e,28.82793046746535,False,1722.0,4.0,937.0,0.0,0.0,False,F,551.0,P,2662,1
Earth,False,55 Cancri e,13.0,False,0.0,0.0,0.0,4.0,811.0,True,F,552.0,P,2663,1
Mars,True,PSO J318.5-22,71.0,False,0.0,0.0,0.0,0.0,0.0,True,E,183.0,S,2664,1
Mars,True,TRAPPIST-1e,28.0,False,0.0,0.0,0.0,0.0,0.0,False,E,184.0,S,2666,1
Mars,False,55 Cancri e,18.0,False,1874.0,0.0,260.0,0.0,0.0,False,E,184.0,S,2666,2
Earth,False,55 Cancri e,23.0,False,29.0,34.0,1.0,2838.0,0.0,False,F,516.0,S,2668,1
Earth,False,55 Cancri e,34.0,False,0.0,382.0,0.0,87.0,236.0,False,G,424.0,S,2668,2
Earth,False,TRAPPIST-1e,20.0,False,4.0,790.0,0.0,15.0,0.0,False,G,432.0,P,2670,1
Earth,False,55 Cancri e,17.0,False,0.0,33.0,0.0,56.0,708.0,False,F,554.0,P,2671,1
Earth,False,PSO J318.5-22,21.0,False,970.0,0.0,213.0,8.0,86.0,False,F,555.0,P,2672,1
Europa,False,TRAPPIST-1e,33.0,False,0.0,1554.0,3813.0,0.0,1435.0,True,C,97.0,S,2675,1
Europa,False,55 Cancri e,34.0,False,3551.0,1284.0,1865.0,90.0,0.0,True,B,81.0,P,2676,1
Europa,False,TRAPPIST-1e,51.0,False,0.0,302.0,0.0,1367.0,669.0,False,D,90.0,S,2677,1
Earth,False,TRAPPIST-1e,21.0,False,0.0,680.0,0.0,10.0,0.0,True,F,517.0,S,2678,1
Earth,True,TRAPPIST-1e,28.82793046746535,False,0.0,0.0,0.0,0.0,0.0,False,G,426.0,S,2679,1
Earth,False,TRAPPIST-1e,31.0,False,880.0,0.0,0.0,8.0,0.0,False,G,434.0,P,2682,1
Europa,False,TRAPPIST-1e,36.0,False,2.0,1297.0,0.0,4.0,0.0,True,A,32.0,S,2683,1
Europa,False,TRAPPIST-1e,39.0,False,0.0,7116.0,0.0,13208.0,1515.0,False,B,83.0,P,2684,1
Earth,False,TRAPPIST-1e,26.0,False,886.0,0.0,0.0,0.0,21.0,False,G,435.0,P,2685,1
Earth,False,TRAPPIST-1e,51.0,False,0.0,1347.0,0.0,43.0,0.0,True,F,556.0,P,2687,1
Unknown,False,TRAPPIST-1e,24.0,False,13.0,193.0,0.0,0.0,591.0,False,F,557.0,P,2688,1
Earth,False,55 Cancri e,27.0,False,339.0,104.0,116.0,160.0,0.0,True,E,185.0,S,2690,1
Earth,False,TRAPPIST-1e,31.0,False,0.0,243.0,1.0,559.0,0.0,False,F,558.0,P,2691,1
Earth,False,TRAPPIST-1e,24.0,False,0.0,0.0,21.0,0.0,695.0,False,F,82.0,S,2692,1
Europa,False,TRAPPIST-1e,57.0,False,0.0,1514.0,0.0,72.0,1393.0,False,A,22.0,P,2693,1
Europa,False,55 Cancri e,36.0,True,11.0,79.0,0.0,210.0,1895.0,False,A,22.0,P,2693,2
Europa,False,TRAPPIST-1e,55.0,False,0.0,846.0,0.0,263.0,2024.0,False,A,22.0,P,2693,3
Europa,True,55 Cancri e,28.82793046746535,False,0.0,0.0,0.0,0.0,0.0,False,A,22.0,P,2693,4
Mars,False,TRAPPIST-1e,18.0,False,947.0,0.0,4.0,4.0,0.0,False,E,186.0,S,2695,1
Mars,False,TRAPPIST-1e,27.0,False,1893.0,487.0,4.0,0.0,0.0,False,D,91.0,S,2697,1
Europa,False,TRAPPIST-1e,50.0,False,0.0,2684.0,0.0,153.0,1751.0,False,C,94.0,P,2698,1
Earth,False,TRAPPIST-1e,24.0,False,45.0,138.0,1.0,0.0,530.0,False,F,520.0,S,2700,1
Earth,True,PSO J318.5-22,20.0,False,0.0,0.0,0.0,0.0,0.0,True,G,428.0,S,2701,1
Earth,True,TRAPPIST-1e,24.0,False,0.0,0.0,0.0,0.0,0.0,True,G,437.0,P,2702,1
Earth,False,TRAPPIST-1e,18.0,False,0.0,617.0,0.0,0.0,10.0,False,G,429.0,S,2703,1
Earth,False,TRAPPIST-1e,44.0,False,1178.0,1.0,348.0,0.0,0.0,False,F,521.0,S,2704,1
Europa,True,55 Cancri e,27.0,False,0.0,0.0,0.0,0.0,0.0,True,B,102.0,S,2706,1
Europa,False,TRAPPIST-1e,58.0,False,1113.0,1650.0,0.0,194.0,510.0,True,B,103.0,S,2707,1
Europa,True,PSO J318.5-22,29.0,False,0.0,0.0,0.0,0.0,0.0,True,B,103.0,S,2707,2
Earth,False,PSO J318.5-22,23.0,False,3.0,548.0,37.0,0.0,12.0,True,F,522.0,S,2708,1
Mars,True,TRAPPIST-1e,3.0,False,0.0,0.0,0.0,0.0,0.0,True,F,523.0,S,2709,1
Mars,False,TRAPPIST-1e,0.0,False,0.0,0.0,0.0,0.0,0.0,True,F,523.0,S,2709,2
Mars,False,Unknown,33.0,False,361.0,0.0,381.0,1622.0,0.0,False,F,523.0,S,2709,3
Mars,False,TRAPPIST-1e,12.0,False,0.0,0.0,0.0,0.0,0.0,True,F,523.0,S,2709,4
Europa,True,TRAPPIST-1e,44.0,False,0.0,0.0,0.0,0.0,0.0,True,B,105.0,S,2712,1
Earth,True,TRAPPIST-1e,20.0,False,0.0,0.0,0.0,0.0,0.0,True,G,438.0,P,2713,1
Earth,False,55 Cancri e,59.0,False,269.0,1776.0,0.0,0.0,12.0,False,F,561.0,P,2714,1
Earth,False,TRAPPIST-1e,18.0,False,130.0,0.0,13.0,191.0,554.0,False,G,431.0,S,2717,1
Europa,True,TRAPPIST-1e,72.0,False,0.0,0.0,0.0,0.0,0.0,True,B,106.0,S,2718,1
Earth,False,PSO J318.5-22,23.0,False,171.0,2373.0,1.0,30.0,985.0,False,G,439.0,P,2720,1
Earth,False,TRAPPIST-1e,11.0,False,0.0,0.0,0.0,0.0,0.0,False,G,439.0,P,2720,2
Earth,True,TRAPPIST-1e,1.0,False,0.0,0.0,0.0,0.0,0.0,True,G,439.0,P,2720,3
Earth,False,PSO J318.5-22,25.0,False,21.0,746.0,55.0,0.0,4.0,False,F,563.0,P,2721,1
Mars,True,55 Cancri e,25.0,False,0.0,0.0,0.0,0.0,0.0,True,D,93.0,S,2722,1
Europa,True,TRAPPIST-1e,24.0,False,0.0,0.0,0.0,0.0,0.0,True,C,99.0,S,2723,1
Europa,False,TRAPPIST-1e,54.0,False,0.0,5876.0,0.0,0.0,914.0,True,C,99.0,S,2723,2
Mars,True,55 Cancri e,17.0,False,0.0,0.0,0.0,0.0,0.0,True,F,564.0,P,2724,1
Mars,False,TRAPPIST-1e,48.0,False,1200.0,0.0,38.0,48.0,0.0,False,F,564.0,P,2724,2
Earth,False,TRAPPIST-1e,40.0,False,0.0,0.0,362.0,272.0,0.0,False,F,565.0,P,2725,1
Earth,True,TRAPPIST-1e,2.0,False,0.0,0.0,0.0,0.0,0.0,False,G,440.0,P,2726,1
Earth,False,TRAPPIST-1e,32.0,False,0.0,9.0,11.0,784.0,63.0,False,F,525.0,S,2727,1
Earth,True,TRAPPIST-1e,15.0,False,0.0,0.0,0.0,0.0,0.0,True,G,432.0,S,2729,1
Unknown,True,TRAPPIST-1e,52.0,False,0.0,0.0,0.0,0.0,0.0,True,G,433.0,S,2730,1
Earth,False,TRAPPIST-1e,16.0,False,0.0,1115.0,0.0,1674.0,132.0,False,F,527.0,S,2730,2
Earth,True,TRAPPIST-1e,16.0,False,0.0,0.0,0.0,0.0,0.0,True,G,433.0,S,2730,3
Earth,True,55 Cancri e,16.0,False,0.0,0.0,0.0,0.0,0.0,True,G,435.0,S,2732,1
Earth,False,55 Cancri e,6.0,False,0.0,0.0,0.0,0.0,0.0,False,G,435.0,S,2732,2
Mars,False,TRAPPIST-1e,10.0,False,0.0,0.0,0.0,0.0,0.0,True,F,567.0,P,2734,1
Mars,False,TRAPPIST-1e,27.0,True,1709.0,4.0,24.0,0.0,0.0,False,D,81.0,P,2736,1
Europa,False,55 Cancri e,45.0,False,0.0,726.0,0.0,281.0,1257.0,True,C,100.0,S,2737,1
Europa,False,TRAPPIST-1e,26.0,False,2381.0,1772.0,0.0,0.0,2618.0,False,C,100.0,S,2737,2
Mars,False,TRAPPIST-1e,29.0,False,1049.0,0.0,0.0,0.0,0.0,False,E,187.0,S,2738,1
Earth,True,PSO J318.5-22,38.0,False,0.0,0.0,0.0,0.0,0.0,True,G,442.0,P,2739,1
Earth,False,TRAPPIST-1e,19.0,False,1.0,143.0,0.0,254.0,107.0,True,E,163.0,P,2740,1
Mars,False,TRAPPIST-1e,43.0,False,471.0,0.0,133.0,2.0,692.0,False,E,164.0,P,2741,1
Earth,False,TRAPPIST-1e,15.0,False,746.0,0.0,2.0,0.0,11.0,False,F,528.0,S,2743,1
Mars,False,Unknown,31.0,False,1511.0,0.0,310.0,0.0,0.0,False,F,568.0,P,2745,1
Mars,False,TRAPPIST-1e,52.0,False,758.0,0.0,356.0,5.0,0.0,False,F,569.0,P,2746,1
Mars,False,TRAPPIST-1e,49.0,False,0.0,0.0,0.0,0.0,0.0,True,F,570.0,P,2747,1
Earth,False,55 Cancri e,29.0,False,143.0,548.0,0.0,0.0,0.0,True,F,529.0,S,2748,1
Earth,False,TRAPPIST-1e,18.0,False,600.0,0.0,0.0,179.0,11.0,True,F,571.0,P,2750,1
Mars,True,Unknown,41.0,False,0.0,0.0,0.0,0.0,0.0,True,F,530.0,S,2751,1
Earth,False,TRAPPIST-1e,9.0,False,0.0,0.0,0.0,0.0,0.0,False,G,444.0,P,2752,1
Earth,True,PSO J318.5-22,28.82793046746535,False,0.0,0.0,0.0,0.0,0.0,False,G,444.0,P,2752,2
Earth,False,TRAPPIST-1e,58.0,False,0.0,82.0,0.0,758.0,0.0,True,E,165.0,P,2752,3
Earth,False,PSO J318.5-22,39.0,False,0.0,0.0,0.0,0.0,907.0,False,E,188.0,S,2753,1
Earth,False,TRAPPIST-1e,13.0,False,911.0,1.0,0.0,74.0,0.0,False,E,166.0,P,2754,1
Europa,True,55 Cancri e,36.0,False,0.0,0.0,0.0,0.0,0.0,True,B,85.0,P,2755,1
Mars,False,55 Cancri e,23.0,False,253.0,0.0,0.0,888.0,0.0,False,F,572.0,P,2756,1
Earth,True,PSO J318.5-22,24.0,False,0.0,0.0,0.0,0.0,0.0,True,G,446.0,P,2758,1
Earth,False,TRAPPIST-1e,33.0,False,0.0,0.0,170.0,14.0,810.0,False,E,167.0,P,2759,1
Earth,False,TRAPPIST-1e,18.0,False,0.0,0.0,0.0,0.0,0.0,False,G,438.0,S,2760,1
Earth,True,TRAPPIST-1e,2.0,False,0.0,0.0,0.0,0.0,0.0,False,G,438.0,S,2760,2
Earth,True,TRAPPIST-1e,0.0,False,0.0,0.0,0.0,0.0,0.0,True,G,438.0,S,2760,3
Earth,False,TRAPPIST-1e,36.0,False,625.0,0.0,260.0,0.0,0.0,False,G,439.0,S,2762,1
Earth,False,55 Cancri e,15.0,False,254.0,0.0,10.0,180.0,0.0,False,G,439.0,S,2762,2
Earth,False,TRAPPIST-1e,31.0,False,91.0,756.0,0.0,0.0,12.0,True,E,168.0,P,2763,1
Earth,False,TRAPPIST-1e,42.0,False,0.0,0.0,213.0,166.0,1209.0,True,E,189.0,S,2764,1
Mars,False,TRAPPIST-1e,27.0,False,1502.0,1.0,0.0,0.0,0.0,False,F,532.0,S,2765,1
Earth,False,TRAPPIST-1e,36.0,False,123.0,3.0,0.0,7.0,0.0,True,F,533.0,S,2768,1
Earth,False,TRAPPIST-1e,0.0,False,0.0,0.0,0.0,0.0,0.0,False,G,442.0,S,2768,2
Earth,True,TRAPPIST-1e,3.0,False,0.0,0.0,0.0,0.0,0.0,False,G,442.0,S,2768,3
Earth,False,PSO J318.5-22,22.0,False,0.0,837.0,192.0,0.0,0.0,False,F,573.0,P,2769,1
Earth,False,TRAPPIST-1e,56.0,False,0.0,1721.0,0.0,96.0,0.0,False,G,443.0,S,2770,1
Earth,False,TRAPPIST-1e,23.0,False,0.0,0.0,0.0,757.0,0.0,False,G,444.0,S,2772,1
Mars,False,TRAPPIST-1e,25.0,False,314.0,2.0,648.0,92.0,0.0,False,D,94.0,S,2773,1
Earth,False,TRAPPIST-1e,29.0,False,3.0,0.0,3.0,0.0,697.0,False,F,575.0,P,2774,1
Earth,False,TRAPPIST-1e,17.0,False,0.0,1195.0,31.0,0.0,0.0,False,F,575.0,P,2774,2
Earth,False,TRAPPIST-1e,13.0,False,412.0,4.0,0.0,0.0,551.0,False,F,575.0,P,2774,3
Mars,False,TRAPPIST-1e,35.0,False,2301.0,0.0,414.0,0.0,0.0,True,D,82.0,P,2778,1
Mars,True,55 Cancri e,53.0,False,0.0,0.0,0.0,0.0,0.0,True,F,576.0,P,2778,2
Earth,False,TRAPPIST-1e,24.0,False,14.0,702.0,0.0,0.0,0.0,False,F,578.0,P,2780,1
Earth,True,TRAPPIST-1e,38.0,False,0.0,0.0,0.0,0.0,0.0,False,G,447.0,P,2781,1
Europa,True,55 Cancri e,21.0,False,0.0,0.0,0.0,0.0,0.0,True,D,83.0,P,2783,1
Europa,False,55 Cancri e,29.0,False,2.0,8.0,0.0,2864.0,155.0,False,D,83.0,P,2783,2
Earth,False,TRAPPIST-1e,46.0,False,0.0,0.0,1661.0,52.0,8.0,True,G,448.0,P,2784,1
Europa,True,TRAPPIST-1e,58.0,False,0.0,0.0,0.0,0.0,0.0,True,C,102.0,S,2785,1
Earth,False,PSO J318.5-22,53.0,False,0.0,1.0,0.0,195.0,493.0,True,E,190.0,S,2786,1
Earth,False,55 Cancri e,21.0,False,13.0,0.0,1098.0,64.0,1.0,False,F,535.0,S,2787,1
Earth,True,PSO J318.5-22,27.0,False,0.0,0.0,0.0,0.0,0.0,False,G,449.0,P,2788,1
Earth,True,TRAPPIST-1e,31.0,False,0.0,0.0,0.0,0.0,0.0,False,G,450.0,P,2789,1
Europa,True,55 Cancri e,23.0,False,0.0,0.0,0.0,0.0,0.0,True,B,86.0,P,2790,1
Europa,False,55 Cancri e,41.0,False,0.0,320.0,4333.0,1313.0,51.0,False,B,86.0,P,2790,2
Europa,False,TRAPPIST-1e,29.0,False,3.0,933.0,0.0,674.0,731.0,False,B,86.0,P,2790,3
Europa,False,55 Cancri e,54.0,False,0.0,37.0,0.0,4689.0,0.0,False,B,86.0,P,2790,4
Europa,False,55 Cancri e,43.0,False,0.0,9923.0,660.0,10.0,266.0,True,B,86.0,P,2790,5
Earth,True,PSO J318.5-22,36.0,False,0.0,0.0,0.0,0.0,0.0,True,G,446.0,S,2792,1
Earth,False,TRAPPIST-1e,48.0,False,784.0,87.0,0.0,0.0,1.0,True,E,169.0,P,2793,1
Europa,False,TRAPPIST-1e,34.0,False,10.0,5659.0,15.0,3.0,0.0,True,C,103.0,S,2795,1
Europa,False,TRAPPIST-1e,42.0,False,0.0,802.0,0.0,2622.0,671.0,False,C,103.0,S,2795,2
Earth,False,55 Cancri e,17.0,False,0.0,0.0,0.0,863.0,0.0,False,F,536.0,S,2796,1
Earth,False,TRAPPIST-1e,22.0,False,0.0,0.0,0.0,0.0,1345.0,False,F,580.0,P,2797,1
Europa,False,TRAPPIST-1e,37.0,False,6.0,437.0,0.0,54.0,3030.0,False,A,23.0,P,2798,1
Europa,True,55 Cancri e,38.0,False,0.0,0.0,0.0,0.0,0.0,True,A,23.0,P,2798,2
Earth,False,TRAPPIST-1e,21.0,False,3.0,0.0,0.0,881.0,0.0,False,G,447.0,S,2799,1
Unknown,True,PSO J318.5-22,23.0,False,0.0,0.0,0.0,0.0,0.0,True,G,447.0,S,2799,2
Europa,False,TRAPPIST-1e,27.0,False,1.0,767.0,0.0,13104.0,3657.0,False,B,87.0,P,2801,1
Earth,False,TRAPPIST-1e,23.0,False,18.0,2595.0,0.0,0.0,122.0,True,F,581.0,P,2802,1
Earth,False,TRAPPIST-1e,19.0,False,0.0,0.0,366.0,268.0,0.0,False,F,582.0,P,2805,1
Mars,False,TRAPPIST-1e,28.0,False,948.0,0.0,64.0,170.0,0.0,False,D,95.0,S,2806,1
Earth,False,TRAPPIST-1e,33.0,False,0.0,0.0,154.0,22.0,820.0,False,E,171.0,P,2807,1
Earth,True,PSO J318.5-22,24.0,False,0.0,0.0,0.0,0.0,0.0,False,G,452.0,P,2807,2
Earth,True,TRAPPIST-1e,0.0,False,0.0,0.0,0.0,0.0,0.0,True,G,452.0,P,2807,3
Earth,True,TRAPPIST-1e,41.0,False,0.0,0.0,0.0,0.0,0.0,True,G,453.0,P,2809,1
Earth,True,TRAPPIST-1e,19.0,False,0.0,0.0,0.0,0.0,0.0,False,G,454.0,P,2810,1
Earth,False,TRAPPIST-1e,44.0,False,0.0,0.0,0.0,0.0,871.0,False,F,537.0,S,2811,1
Mars,False,55 Cancri e,43.0,False,803.0,0.0,384.0,120.0,0.0,True,F,538.0,S,2812,1
Earth,True,TRAPPIST-1e,14.0,False,0.0,0.0,0.0,0.0,0.0,True,G,449.0,S,2813,1
Unknown,True,PSO J318.5-22,18.0,False,0.0,0.0,0.0,0.0,0.0,True,G,455.0,P,2814,1
Unknown,False,TRAPPIST-1e,25.0,False,237.0,0.0,910.0,0.0,12.0,False,F,584.0,P,2817,1
Mars,False,TRAPPIST-1e,0.0,False,0.0,0.0,0.0,0.0,0.0,True,F,585.0,P,2818,1
Mars,True,55 Cancri e,4.0,False,0.0,0.0,0.0,0.0,0.0,True,F,585.0,P,2818,2
Mars,False,TRAPPIST-1e,24.0,False,165.0,0.0,981.0,2.0,0.0,True,F,585.0,P,2818,3
Earth,False,TRAPPIST-1e,38.0,False,77.0,169.0,0.0,0.0,470.0,False,F,586.0,P,2819,1
Earth,True,TRAPPIST-1e,44.0,False,0.0,0.0,0.0,0.0,0.0,True,G,457.0,P,2820,1
Earth,True,55 Cancri e,57.0,False,0.0,0.0,0.0,0.0,0.0,True,G,458.0,P,2821,1
Unknown,True,55 Cancri e,3.0,False,0.0,0.0,0.0,0.0,0.0,True,G,450.0,S,2822,1
Earth,False,TRAPPIST-1e,5.0,False,0.0,0.0,0.0,0.0,0.0,False,G,450.0,S,2822,2
Earth,True,55 Cancri e,3.0,False,0.0,0.0,0.0,0.0,0.0,True,G,450.0,S,2822,3
Earth,True,Unknown,18.0,False,0.0,0.0,0.0,0.0,0.0,True,G,450.0,S,2822,4
Unknown,True,TRAPPIST-1e,8.0,False,0.0,0.0,0.0,0.0,0.0,False,G,450.0,S,2822,5
Mars,True,TRAPPIST-1e,21.0,False,0.0,0.0,0.0,0.0,0.0,True,F,587.0,P,2823,1
Europa,True,55 Cancri e,35.0,False,0.0,0.0,0.0,0.0,0.0,True,C,104.0,S,2824,1
Mars,False,TRAPPIST-1e,47.0,False,0.0,0.0,0.0,0.0,0.0,True,F,539.0,S,2825,1
Europa,False,55 Cancri e,28.0,False,1581.0,213.0,0.0,18.0,3051.0,False,C,96.0,P,2826,1
Europa,False,TRAPPIST-1e,49.0,False,20.0,6807.0,174.0,3538.0,2473.0,False,C,96.0,P,2826,2
Europa,False,TRAPPIST-1e,23.0,False,0.0,824.0,0.0,495.0,1479.0,True,D,86.0,P,2831,1
Europa,False,TRAPPIST-1e,19.0,False,0.0,1.0,0.0,2085.0,55.0,False,D,86.0,P,2831,2
Earth,False,TRAPPIST-1e,34.0,False,0.0,250.0,23.0,0.0,514.0,False,E,173.0,P,2832,1
Europa,False,TRAPPIST-1e,40.0,True,0.0,11.0,0.0,2205.0,1295.0,True,C,105.0,S,2834,1
Europa,False,55 Cancri e,26.0,True,0.0,186.0,0.0,548.0,5058.0,False,A,24.0,P,2835,1
Earth,False,PSO J318.5-22,23.0,False,0.0,0.0,0.0,3.0,1919.0,False,F,588.0,P,2837,1
Mars,False,TRAPPIST-1e,22.0,False,0.0,0.0,0.0,0.0,0.0,False,E,174.0,P,2838,1
Europa,False,TRAPPIST-1e,51.0,False,1.0,3935.0,0.0,146.0,0.0,True,C,107.0,S,2839,1
Earth,False,55 Cancri e,44.0,False,672.0,0.0,0.0,0.0,20.0,False,F,540.0,S,2840,1
Mars,False,TRAPPIST-1e,50.0,False,357.0,0.0,657.0,0.0,0.0,False,E,175.0,P,2843,1
Earth,True,TRAPPIST-1e,28.0,False,0.0,0.0,0.0,0.0,0.0,True,G,452.0,S,2846,1
Earth,True,TRAPPIST-1e,13.0,False,0.0,0.0,0.0,0.0,0.0,True,G,464.0,P,2847,1
Earth,False,Unknown,21.0,False,33.0,126.0,0.0,461.0,0.0,False,G,465.0,P,2852,1
Earth,False,TRAPPIST-1e,20.0,False,56.0,757.0,111.0,0.0,0.0,True,F,544.0,S,2853,1
Earth,False,55 Cancri e,14.0,False,0.0,0.0,14.0,692.0,809.0,False,F,591.0,P,2854,1
Europa,False,55 Cancri e,38.0,False,0.0,896.0,0.0,0.0,4168.0,False,C,108.0,S,2856,1
Earth,False,PSO J318.5-22,29.0,False,631.0,0.0,0.0,40.0,0.0,False,F,545.0,S,2857,1
Europa,True,TRAPPIST-1e,36.0,False,0.0,0.0,0.0,0.0,0.0,True,C,109.0,S,2858,1
Europa,True,TRAPPIST-1e,16.0,False,0.0,0.0,0.0,0.0,0.0,True,C,109.0,S,2858,2
Europa,True,TRAPPIST-1e,40.0,False,0.0,0.0,0.0,0.0,0.0,True,C,109.0,S,2858,3
Europa,True,55 Cancri e,28.82793046746535,False,0.0,0.0,0.0,0.0,0.0,True,C,98.0,P,2859,1
Earth,False,PSO J318.5-22,18.0,False,154.0,22.0,77.0,1053.0,0.0,True,F,546.0,S,2860,1
Earth,False,TRAPPIST-1e,17.0,False,5.0,756.0,0.0,0.0,0.0,True,F,547.0,S,2861,1
Mars,True,TRAPPIST-1e,32.0,False,0.0,0.0,0.0,0.0,0.0,True,E,193.0,S,2862,1
Earth,False,TRAPPIST-1e,27.0,False,0.0,2.0,49.0,0.0,801.0,False,G,466.0,P,2863,1
Mars,False,TRAPPIST-1e,34.0,False,2904.0,23.0,7.0,0.0,81.0,False,D,88.0,P,2865,1
Mars,False,TRAPPIST-1e,53.0,False,520.0,0.0,442.0,0.0,0.0,True,D,88.0,P,2865,2
Europa,True,TRAPPIST-1e,36.0,True,0.0,0.0,0.0,0.0,0.0,True,C,110.0,S,2866,1
Mars,False,TRAPPIST-1e,41.0,False,71.0,0.0,1617.0,31.0,0.0,False,D,89.0,P,2867,1
Mars,False,TRAPPIST-1e,51.0,False,819.0,4.0,92.0,38.0,0.0,False,E,176.0,P,2867,2
Earth,True,PSO J318.5-22,61.0,False,0.0,0.0,0.0,0.0,0.0,True,G,467.0,P,2869,1
Earth,False,TRAPPIST-1e,59.0,False,0.0,0.0,1.0,920.0,1.0,True,G,454.0,S,2870,1
Europa,True,TRAPPIST-1e,17.0,False,0.0,0.0,0.0,0.0,0.0,True,B,88.0,P,2871,1
Europa,True,TRAPPIST-1e,27.0,False,0.0,0.0,0.0,0.0,0.0,True,B,88.0,P,2871,2
Earth,False,PSO J318.5-22,57.0,False,0.0,1431.0,0.0,30.0,337.0,True,G,455.0,S,2872,1
Mars,False,55 Cancri e,39.0,False,2127.0,0.0,23.0,0.0,0.0,False,E,194.0,S,2873,1
Europa,True,55 Cancri e,55.0,False,0.0,0.0,0.0,0.0,0.0,True,B,107.0,S,2875,1
Earth,False,TRAPPIST-1e,42.0,False,173.0,656.0,0.0,0.0,23.0,False,G,456.0,S,2876,1
Earth,False,TRAPPIST-1e,36.0,False,418.0,40.0,7.0,338.0,0.0,False,F,592.0,P,2877,1
Mars,False,TRAPPIST-1e,42.0,False,44.0,0.0,3648.0,0.0,9.0,True,F,593.0,P,2878,1
Earth,True,PSO J318.5-22,32.0,False,0.0,0.0,0.0,0.0,0.0,False,G,468.0,P,2880,1
Earth,False,55 Cancri e,6.0,False,0.0,0.0,0.0,0.0,0.0,False,G,457.0,S,2881,1
Earth,True,TRAPPIST-1e,15.0,False,0.0,0.0,0.0,0.0,0.0,False,G,458.0,S,2882,1
Earth,False,TRAPPIST-1e,28.0,False,0.0,93.0,1282.0,0.0,0.0,True,F,595.0,P,2883,1
Mars,False,TRAPPIST-1e,37.0,False,912.0,0.0,0.0,0.0,0.0,False,D,90.0,P,2884,1
Earth,False,TRAPPIST-1e,44.0,False,0.0,0.0,744.0,62.0,3.0,False,G,459.0,S,2887,1
Mars,False,TRAPPIST-1e,71.0,True,901.0,0.0,1698.0,0.0,0.0,False,F,597.0,P,2888,1
Europa,False,TRAPPIST-1e,44.0,False,0.0,351.0,0.0,3.0,3447.0,False,B,89.0,P,2890,1
Europa,True,TRAPPIST-1e,36.0,False,0.0,0.0,0.0,0.0,0.0,True,B,89.0,P,2890,2
Earth,False,TRAPPIST-1e,18.0,False,4.0,904.0,0.0,0.0,1.0,False,G,460.0,S,2891,1
Earth,False,PSO J318.5-22,3.0,False,0.0,0.0,0.0,0.0,0.0,True,G,469.0,P,2892,1
Earth,True,55 Cancri e,12.0,False,0.0,0.0,0.0,0.0,0.0,False,G,469.0,P,2892,2
Earth,True,55 Cancri e,0.0,False,0.0,0.0,0.0,0.0,0.0,True,G,469.0,P,2892,3
Earth,False,TRAPPIST-1e,29.0,False,0.0,1311.0,0.0,0.0,0.0,False,F,598.0,P,2892,4
Earth,False,TRAPPIST-1e,9.0,False,0.0,0.0,0.0,0.0,0.0,False,G,469.0,P,2892,5
Earth,False,55 Cancri e,27.0,False,688.0,307.0,779.0,0.0,19.0,False,G,470.0,P,2893,1
Earth,False,PSO J318.5-22,24.0,False,0.0,0.0,443.0,244.0,1.0,False,F,599.0,P,2894,1
Earth,False,TRAPPIST-1e,38.0,False,1.0,0.0,288.0,0.0,556.0,True,G,461.0,S,2897,1
Mars,False,TRAPPIST-1e,28.0,False,523.0,0.0,0.0,970.0,0.0,False,F,600.0,P,2899,1
Mars,True,TRAPPIST-1e,26.0,False,0.0,0.0,0.0,0.0,0.0,True,F,82.0,S,2900,1
Earth,False,TRAPPIST-1e,16.0,False,0.0,20.0,0.0,300.0,681.0,False,F,601.0,P,2901,1
Earth,False,PSO J318.5-22,24.0,False,0.0,2.0,25.0,0.0,707.0,True,F,601.0,P,2901,2
Earth,False,TRAPPIST-1e,33.0,False,123.0,760.0,0.0,0.0,0.0,False,G,471.0,P,2902,1
Earth,False,55 Cancri e,24.0,False,489.0,0.0,0.0,0.0,0.0,False,G,462.0,S,2905,1
Earth,False,Unknown,29.0,False,1.0,0.0,133.0,104.0,574.0,False,G,463.0,S,2906,1
Earth,False,TRAPPIST-1e,25.0,False,0.0,9.0,2005.0,0.0,5.0,True,F,552.0,S,2907,1
Earth,False,Unknown,0.0,False,0.0,0.0,0.0,0.0,0.0,False,G,464.0,S,2908,1
Unknown,False,TRAPPIST-1e,13.0,False,649.0,2.0,0.0,124.0,143.0,False,F,553.0,S,2908,2
Earth,True,55 Cancri e,7.0,False,0.0,0.0,0.0,0.0,0.0,False,G,473.0,P,2909,1
Earth,False,PSO J318.5-22,32.0,False,0.0,0.0,736.0,0.0,0.0,False,F,602.0,P,2910,1
Mars,True,TRAPPIST-1e,34.0,False,0.0,0.0,0.0,0.0,0.0,False,E,178.0,P,2912,1
Mars,False,TRAPPIST-1e,49.0,False,21.0,25.0,1509.0,0.0,1042.0,False,F,603.0,P,2913,1
Mars,False,TRAPPIST-1e,43.0,False,13.0,2119.0,315.0,0.0,261.0,True,D,96.0,S,2919,1
Mars,False,TRAPPIST-1e,0.0,False,0.0,0.0,0.0,0.0,0.0,True,F,555.0,S,2919,2
Mars,True,TRAPPIST-1e,6.0,False,0.0,0.0,0.0,0.0,0.0,True,F,555.0,S,2919,3
Earth,False,TRAPPIST-1e,23.0,False,0.0,179.0,569.0,0.0,0.0,True,F,606.0,P,2920,1
Mars,False,TRAPPIST-1e,43.0,False,336.0,11.0,796.0,15.0,0.0,True,F,609.0,P,2925,1
Mars,True,55 Cancri e,23.0,False,0.0,0.0,0.0,0.0,0.0,True,F,609.0,P,2925,2
Mars,False,TRAPPIST-1e,43.0,False,828.0,25.0,545.0,107.0,0.0,False,F,82.0,S,2926,1
Mars,True,55 Cancri e,41.0,False,0.0,0.0,0.0,0.0,0.0,True,F,611.0,P,2927,1
Europa,False,55 Cancri e,54.0,True,0.0,2062.0,2.0,19.0,1618.0,False,B,92.0,P,2928,1
Europa,True,TRAPPIST-1e,51.0,False,0.0,0.0,0.0,0.0,0.0,True,B,92.0,P,2928,2
Europa,True,TRAPPIST-1e,44.0,False,0.0,0.0,0.0,0.0,0.0,True,B,92.0,P,2928,3
Earth,True,PSO J318.5-22,48.0,False,0.0,0.0,0.0,0.0,0.0,True,G,467.0,S,2929,1
Earth,False,TRAPPIST-1e,45.0,False,0.0,9.0,0.0,857.0,16.0,False,G,474.0,P,2930,1
Earth,False,PSO J318.5-22,20.0,False,0.0,689.0,0.0,0.0,0.0,False,F,557.0,S,2934,1
Europa,False,TRAPPIST-1e,33.0,False,0.0,28.0,0.0,6841.0,543.0,False,T,2.0,P,2935,1
Earth,False,TRAPPIST-1e,21.0,False,15.0,30.0,11.0,2.0,388.0,False,G,468.0,S,2936,1
Europa,True,TRAPPIST-1e,68.0,False,0.0,0.0,0.0,0.0,0.0,True,C,100.0,P,2938,1
Earth,False,PSO J318.5-22,23.0,False,5.0,308.0,363.0,7.0,0.0,True,F,615.0,P,2940,1
Earth,False,TRAPPIST-1e,16.0,False,24.0,0.0,13.0,717.0,0.0,False,G,477.0,P,2941,1
Earth,False,TRAPPIST-1e,35.0,False,198.0,44.0,97.0,30.0,510.0,False,F,558.0,S,2942,1
Earth,True,TRAPPIST-1e,22.0,False,0.0,0.0,0.0,0.0,0.0,False,G,478.0,P,2943,1
Earth,False,TRAPPIST-1e,51.0,False,214.0,3.0,16.0,569.0,0.0,False,F,559.0,S,2944,1
Earth,False,PSO J318.5-22,2.0,False,0.0,0.0,0.0,0.0,0.0,False,G,469.0,S,2944,2
Earth,True,55 Cancri e,29.0,False,0.0,0.0,0.0,0.0,0.0,False,G,469.0,S,2944,3
Earth,False,TRAPPIST-1e,0.0,False,0.0,0.0,0.0,0.0,0.0,True,G,469.0,S,2944,4
Earth,True,55 Cancri e,39.0,False,0.0,0.0,0.0,0.0,0.0,True,G,479.0,P,2945,1
Europa,False,TRAPPIST-1e,55.0,False,0.0,1971.0,77.0,577.0,1050.0,True,C,112.0,S,2948,1
Earth,True,TRAPPIST-1e,22.0,False,0.0,0.0,0.0,0.0,0.0,False,G,482.0,P,2949,1
Earth,False,TRAPPIST-1e,20.0,False,310.0,0.0,374.0,0.0,5.0,False,F,617.0,P,2950,1
Unknown,False,55 Cancri e,25.0,False,0.0,641.0,0.0,2.0,0.0,True,E,179.0,P,2953,1
Earth,False,55 Cancri e,18.0,False,235.0,0.0,101.0,0.0,316.0,True,F,619.0,P,2954,1
Earth,False,PSO J318.5-22,28.0,False,3.0,141.0,0.0,0.0,1689.0,False,G,470.0,S,2956,1
Earth,False,TRAPPIST-1e,26.0,False,1822.0,0.0,4.0,107.0,1204.0,False,F,561.0,S,2958,1
Earth,False,PSO J318.5-22,28.0,False,1.0,0.0,933.0,614.0,0.0,False,F,620.0,P,2959,1
Earth,False,TRAPPIST-1e,54.0,False,0.0,0.0,0.0,0.0,0.0,False,F,562.0,S,2960,1
Earth,False,TRAPPIST-1e,56.0,False,0.0,54.0,0.0,724.0,0.0,False,F,621.0,P,2961,1
Mars,False,TRAPPIST-1e,25.0,False,1228.0,0.0,132.0,0.0,0.0,False,E,180.0,P,2962,1
Europa,False,TRAPPIST-1e,26.0,False,2050.0,8525.0,0.0,270.0,636.0,False,A,35.0,S,2964,1
Earth,False,TRAPPIST-1e,14.0,False,0.0,0.0,709.0,258.0,3.0,False,F,622.0,P,2965,1
Earth,False,TRAPPIST-1e,21.0,False,2.0,417.0,323.0,0.0,84.0,True,E,181.0,P,2966,1
Earth,True,TRAPPIST-1e,43.0,False,0.0,0.0,0.0,0.0,0.0,True,G,485.0,P,2968,1
Earth,False,Unknown,37.0,False,221.0,0.0,32.0,38.0,516.0,False,G,486.0,P,2969,1
Earth,False,TRAPPIST-1e,28.82793046746535,False,740.0,82.0,6.0,0.0,1.0,False,F,82.0,S,2970,1
Europa,False,TRAPPIST-1e,38.0,False,0.0,3135.0,0.0,26.0,3.0,True,T,3.0,P,2971,1
Earth,False,TRAPPIST-1e,14.0,False,0.0,1.0,1441.0,0.0,190.0,True,E,182.0,P,2972,1
Earth,False,PSO J318.5-22,20.0,False,0.0,0.0,585.0,0.0,10.0,False,F,564.0,S,2975,1
Europa,False,TRAPPIST-1e,33.0,False,0.0,0.0,0.0,0.0,0.0,False,B,93.0,P,2979,1
Europa,True,55 Cancri e,33.0,False,0.0,0.0,0.0,0.0,0.0,True,B,111.0,S,2982,1
Earth,False,TRAPPIST-1e,13.0,False,0.0,0.0,31.0,0.0,810.0,True,E,183.0,P,2983,1
Europa,False,TRAPPIST-1e,37.0,False,0.0,210.0,0.0,4114.0,0.0,False,D,97.0,S,2984,1
Mars,False,TRAPPIST-1e,15.0,False,5711.0,0.0,2516.0,0.0,1370.0,False,E,197.0,S,2986,1
Europa,False,55 Cancri e,33.0,False,396.0,1280.0,7.0,308.0,4941.0,False,A,36.0,S,2988,1
Earth,True,PSO J318.5-22,24.0,False,0.0,0.0,0.0,0.0,0.0,True,G,472.0,S,2990,1
Unknown,False,PSO J318.5-22,49.0,False,0.0,0.0,0.0,160.0,528.0,False,F,570.0,S,2992,1
Earth,False,TRAPPIST-1e,24.0,False,1252.0,6.0,0.0,123.0,706.0,False,F,571.0,S,2993,1
Earth,False,TRAPPIST-1e,24.0,False,173.0,0.0,14.0,0.0,603.0,False,E,198.0,S,2994,1
Europa,True,55 Cancri e,26.0,False,0.0,0.0,0.0,0.0,0.0,True,B,94.0,P,2995,1
Europa,True,55 Cancri e,40.0,False,0.0,0.0,0.0,0.0,0.0,True,B,94.0,P,2995,2
Earth,False,55 Cancri e,31.0,False,0.0,611.0,2.0,4.0,22.0,False,F,626.0,P,2996,1
Europa,False,Unknown,47.0,False,0.0,5252.0,0.0,124.0,300.0,True,C,113.0,S,2998,1
Earth,False,TRAPPIST-1e,19.0,False,736.0,0.0,0.0,0.0,1.0,False,F,627.0,P,3000,1
Europa,False,55 Cancri e,38.0,True,0.0,1577.0,0.0,425.0,4359.0,False,C,101.0,P,3001,1
Europa,False,55 Cancri e,33.0,False,0.0,1001.0,2280.0,0.0,29.0,True,C,101.0,P,3001,2
Europa,True,TRAPPIST-1e,45.0,False,0.0,0.0,0.0,0.0,0.0,True,C,114.0,S,3003,1
Earth,True,TRAPPIST-1e,1.0,False,0.0,0.0,0.0,0.0,0.0,True,G,473.0,S,3004,1
Earth,False,TRAPPIST-1e,32.0,False,0.0,53.0,0.0,744.0,0.0,False,F,572.0,S,3004,2
Mars,True,TRAPPIST-1e,70.0,False,0.0,0.0,0.0,0.0,0.0,True,F,573.0,S,3005,1
Earth,False,PSO J318.5-22,19.0,False,23.0,0.0,0.0,0.0,732.0,False,G,474.0,S,3006,1
Mars,True,PSO J318.5-22,55.0,False,0.0,0.0,0.0,0.0,0.0,True,E,185.0,P,3009,1
Europa,False,TRAPPIST-1e,48.0,False,0.0,8403.0,0.0,7627.0,83.0,False,B,96.0,P,3010,1
Earth,False,TRAPPIST-1e,66.0,False,1187.0,1.0,0.0,6.0,0.0,False,G,475.0,S,3012,1
Unknown,False,TRAPPIST-1e,13.0,False,0.0,256.0,0.0,207.0,409.0,False,F,629.0,P,3013,1
Europa,False,55 Cancri e,40.0,False,82.0,1390.0,0.0,347.0,6237.0,False,C,115.0,S,3014,1
Earth,False,TRAPPIST-1e,35.0,False,0.0,1438.0,0.0,112.0,74.0,True,E,199.0,S,3015,1
Earth,False,TRAPPIST-1e,32.0,False,0.0,49.0,2.0,639.0,0.0,False,F,630.0,P,3018,1
Mars,False,TRAPPIST-1e,51.0,False,1644.0,0.0,234.0,157.0,64.0,False,E,187.0,P,3019,1
Europa,False,TRAPPIST-1e,37.0,False,0.0,216.0,0.0,5391.0,3372.0,False,B,112.0,S,3020,1
Earth,False,TRAPPIST-1e,31.0,False,517.0,1.0,301.0,60.0,4.0,False,G,476.0,S,3021,1
Earth,False,TRAPPIST-1e,37.0,False,608.0,0.0,6.0,0.0,1637.0,False,F,574.0,S,3021,2
Europa,False,TRAPPIST-1e,38.0,False,0.0,3331.0,270.0,2.0,3510.0,False,C,102.0,P,3022,1
Europa,False,55 Cancri e,19.0,False,0.0,329.0,0.0,3154.0,312.0,False,C,102.0,P,3022,2
Mars,True,TRAPPIST-1e,33.0,False,0.0,0.0,0.0,0.0,0.0,True,F,631.0,P,3023,1
Earth,False,TRAPPIST-1e,19.0,False,0.0,0.0,1752.0,187.0,0.0,True,F,632.0,P,3024,1
Earth,False,TRAPPIST-1e,31.0,False,2.0,788.0,0.0,128.0,9.0,True,G,477.0,S,3025,1
Earth,False,TRAPPIST-1e,43.0,False,45.0,8.0,0.0,607.0,44.0,False,G,477.0,S,3025,2
Earth,True,TRAPPIST-1e,22.0,False,0.0,0.0,0.0,0.0,0.0,False,G,492.0,P,3026,1
Earth,True,TRAPPIST-1e,24.0,False,0.0,0.0,0.0,0.0,0.0,False,G,493.0,P,3027,1
Europa,False,55 Cancri e,21.0,False,0.0,878.0,82.0,360.0,1784.0,False,C,103.0,P,3029,1
Europa,False,TRAPPIST-1e,14.0,False,0.0,0.0,0.0,0.0,0.0,True,C,103.0,P,3029,2
Europa,False,55 Cancri e,30.0,False,728.0,2551.0,0.0,48.0,1804.0,True,B,97.0,P,3030,1
Europa,True,TRAPPIST-1e,22.0,False,0.0,0.0,0.0,0.0,0.0,True,B,97.0,P,3030,2
Earth,False,TRAPPIST-1e,11.0,False,0.0,0.0,0.0,0.0,0.0,False,G,478.0,S,3032,1
Earth,True,TRAPPIST-1e,4.0,False,0.0,0.0,0.0,0.0,0.0,False,G,478.0,S,3032,2
Earth,False,TRAPPIST-1e,0.0,False,0.0,0.0,0.0,0.0,0.0,False,G,478.0,S,3032,3
Earth,False,TRAPPIST-1e,30.0,False,479.0,12.0,25.0,643.0,283.0,False,F,575.0,S,3032,4
Earth,False,PSO J318.5-22,21.0,False,0.0,27.0,1181.0,0.0,513.0,False,G,479.0,S,3033,1
Europa,False,TRAPPIST-1e,40.0,False,0.0,0.0,0.0,0.0,0.0,False,F,82.0,S,3034,1
Earth,False,PSO J318.5-22,57.0,False,506.0,0.0,1.0,178.0,0.0,False,F,634.0,P,3036,1
Mars,False,TRAPPIST-1e,35.0,False,1228.0,0.0,0.0,0.0,0.0,False,F,576.0,S,3038,1
Europa,False,TRAPPIST-1e,32.0,False,0.0,0.0,0.0,0.0,0.0,False,A,37.0,S,3039,1
Mars,False,TRAPPIST-1e,32.0,False,2616.0,0.0,2.0,5.0,0.0,False,F,577.0,S,3040,1
Earth,False,TRAPPIST-1e,30.0,False,0.0,0.0,301.0,0.0,437.0,False,F,578.0,S,3042,1
Earth,False,TRAPPIST-1e,69.0,False,577.0,139.0,0.0,0.0,0.0,False,F,636.0,P,3044,1
Earth,True,TRAPPIST-1e,21.0,False,0.0,0.0,0.0,0.0,0.0,False,G,480.0,S,3045,1
Mars,True,PSO J318.5-22,17.0,False,0.0,0.0,0.0,0.0,0.0,True,E,190.0,P,3047,1
Mars,False,TRAPPIST-1e,16.0,False,995.0,0.0,6.0,48.0,0.0,False,E,190.0,P,3047,2
Mars,True,TRAPPIST-1e,25.0,False,0.0,0.0,0.0,0.0,0.0,False,E,200.0,S,3048,1
Europa,False,TRAPPIST-1e,25.0,False,1586.0,2342.0,947.0,1.0,276.0,True,E,191.0,P,3050,1
Europa,False,55 Cancri e,52.0,False,0.0,2.0,0.0,10976.0,810.0,False,F,82.0,S,3053,1
Earth,False,TRAPPIST-1e,13.0,False,578.0,77.0,0.0,306.0,5.0,False,F,579.0,S,3054,1
Earth,False,TRAPPIST-1e,37.0,False,1086.0,0.0,0.0,41.0,0.0,False,F,637.0,P,3055,1
Mars,False,TRAPPIST-1e,13.0,False,760.0,2.0,2.0,0.0,0.0,False,F,581.0,S,3060,1
Mars,False,TRAPPIST-1e,45.0,False,3309.0,0.0,10.0,0.0,0.0,False,D,98.0,S,3060,2
Mars,False,TRAPPIST-1e,55.0,False,0.0,0.0,0.0,0.0,0.0,False,E,201.0,S,3060,3
Earth,False,TRAPPIST-1e,22.0,False,664.0,0.0,0.0,65.0,0.0,False,F,638.0,P,3061,1
Earth,False,TRAPPIST-1e,39.0,False,0.0,0.0,0.0,1745.0,72.0,False,G,498.0,P,3061,2
Mars,False,TRAPPIST-1e,35.0,False,741.0,0.0,31.0,0.0,36.0,False,D,99.0,S,3062,1
Earth,True,PSO J318.5-22,19.0,False,0.0,0.0,0.0,0.0,0.0,True,G,499.0,P,3063,1
Earth,True,TRAPPIST-1e,7.0,False,0.0,0.0,0.0,0.0,0.0,True,G,499.0,P,3063,2
Earth,False,TRAPPIST-1e,19.0,False,1.0,0.0,0.0,450.0,254.0,False,E,192.0,P,3063,3
Earth,True,TRAPPIST-1e,21.0,False,0.0,0.0,0.0,0.0,0.0,True,G,482.0,S,3064,1
Europa,False,55 Cancri e,37.0,False,0.0,2065.0,1650.0,356.0,1.0,True,D,94.0,P,3065,1
Earth,False,TRAPPIST-1e,35.0,False,1609.0,0.0,0.0,0.0,0.0,False,E,193.0,P,3066,1
Earth,True,TRAPPIST-1e,22.0,False,0.0,0.0,0.0,0.0,0.0,True,G,483.0,S,3067,1
Earth,False,TRAPPIST-1e,62.0,False,379.0,453.0,0.0,7.0,0.0,False,G,500.0,P,3068,1
Earth,True,TRAPPIST-1e,41.0,False,0.0,0.0,0.0,0.0,0.0,True,G,501.0,P,3070,1
Europa,True,TRAPPIST-1e,16.0,False,0.0,0.0,0.0,0.0,0.0,True,B,113.0,S,3071,1
Europa,False,TRAPPIST-1e,26.0,False,0.0,0.0,8.0,21.0,6023.0,False,B,113.0,S,3071,2
Mars,True,TRAPPIST-1e,36.0,False,0.0,0.0,0.0,0.0,0.0,True,F,640.0,P,3073,1
Earth,True,PSO J318.5-22,28.82793046746535,False,0.0,0.0,0.0,0.0,0.0,True,G,502.0,P,3076,1
Earth,False,55 Cancri e,22.0,False,35.0,0.0,36.0,581.0,0.0,False,F,642.0,P,3079,1
Earth,False,TRAPPIST-1e,40.0,False,0.0,0.0,0.0,822.0,2.0,False,F,584.0,S,3080,1
Europa,False,55 Cancri e,50.0,False,0.0,1547.0,0.0,1784.0,1.0,True,C,118.0,S,3081,1
Europa,True,TRAPPIST-1e,57.0,False,0.0,0.0,0.0,0.0,0.0,True,C,118.0,S,3081,2
Earth,False,PSO J318.5-22,15.0,False,1.0,30.0,1793.0,0.0,0.0,True,G,503.0,P,3082,1
Europa,False,55 Cancri e,23.0,False,0.0,587.0,0.0,1497.0,1014.0,False,D,100.0,S,3083,1
Mars,True,55 Cancri e,60.0,False,0.0,0.0,0.0,0.0,0.0,True,D,101.0,S,3084,1
Earth,False,TRAPPIST-1e,73.0,False,0.0,0.0,0.0,153.0,556.0,False,G,504.0,P,3085,1
Earth,False,TRAPPIST-1e,35.0,False,0.0,0.0,0.0,0.0,0.0,True,G,505.0,P,3087,1
Europa,False,TRAPPIST-1e,28.0,False,0.0,0.0,0.0,0.0,0.0,False,A,25.0,P,3088,1
Europa,False,TRAPPIST-1e,27.0,True,0.0,6013.0,0.0,820.0,31.0,True,B,115.0,S,3090,1
Europa,False,TRAPPIST-1e,14.0,False,0.0,946.0,0.0,7860.0,384.0,False,F,82.0,S,3091,1
Europa,True,TRAPPIST-1e,26.0,False,0.0,0.0,0.0,0.0,0.0,True,D,102.0,S,3091,2
Earth,False,TRAPPIST-1e,22.0,False,0.0,0.0,102.0,43.0,700.0,False,G,506.0,P,3092,1
Mars,False,55 Cancri e,22.0,False,2229.0,0.0,1349.0,121.0,0.0,True,E,194.0,P,3093,1
Mars,False,PSO J318.5-22,71.0,False,924.0,1284.0,10.0,9.0,0.0,False,F,585.0,S,3095,1
Mars,False,55 Cancri e,25.0,False,5.0,1.0,633.0,0.0,188.0,True,D,103.0,S,3096,1
Mars,True,TRAPPIST-1e,27.0,False,0.0,0.0,0.0,0.0,0.0,True,E,203.0,S,3099,1
Earth,False,TRAPPIST-1e,1.0,False,0.0,0.0,0.0,0.0,0.0,False,G,485.0,S,3100,1
Earth,False,TRAPPIST-1e,52.0,False,809.0,0.0,0.0,0.0,0.0,True,F,586.0,S,3100,2
Earth,True,TRAPPIST-1e,0.0,False,0.0,0.0,0.0,0.0,0.0,True,G,485.0,S,3100,3
Europa,True,55 Cancri e,30.0,False,0.0,0.0,0.0,0.0,0.0,True,B,101.0,P,3102,1
Europa,False,TRAPPIST-1e,52.0,True,0.0,7452.0,0.0,1158.0,7979.0,False,B,102.0,P,3103,1
Earth,False,TRAPPIST-1e,12.0,False,0.0,0.0,0.0,0.0,0.0,True,G,507.0,P,3104,1
Earth,True,TRAPPIST-1e,22.0,False,0.0,0.0,0.0,0.0,0.0,True,G,507.0,P,3104,2
Earth,False,TRAPPIST-1e,24.0,False,520.0,0.0,0.0,195.0,0.0,True,G,509.0,P,3110,1
Mars,False,TRAPPIST-1e,22.0,False,1173.0,0.0,0.0,9.0,0.0,False,D,95.0,P,3111,1
Earth,True,PSO J318.5-22,15.0,False,0.0,0.0,0.0,0.0,0.0,False,G,488.0,S,3112,1
Mars,True,TRAPPIST-1e,21.0,False,0.0,0.0,0.0,0.0,0.0,True,D,96.0,P,3113,1
Mars,True,55 Cancri e,56.0,False,0.0,0.0,0.0,0.0,0.0,True,D,96.0,P,3113,2
Mars,False,TRAPPIST-1e,50.0,False,1598.0,0.0,155.0,26.0,0.0,False,D,97.0,P,3114,1
Earth,False,TRAPPIST-1e,20.0,False,127.0,0.0,656.0,0.0,21.0,False,F,645.0,P,3116,1
Earth,False,TRAPPIST-1e,32.0,False,0.0,0.0,47.0,857.0,23.0,False,F,646.0,P,3117,1
Earth,True,TRAPPIST-1e,28.0,False,0.0,0.0,0.0,0.0,0.0,False,G,510.0,P,3118,1
Earth,False,TRAPPIST-1e,74.0,False,571.0,0.0,0.0,277.0,0.0,False,G,490.0,S,3119,1
Mars,True,TRAPPIST-1e,25.0,False,0.0,0.0,0.0,0.0,0.0,True,E,204.0,S,3120,1
Mars,False,TRAPPIST-1e,31.0,False,691.0,3.0,68.0,286.0,0.0,False,E,204.0,S,3120,2
Earth,True,PSO J318.5-22,6.0,False,0.0,0.0,0.0,0.0,0.0,True,G,491.0,S,3121,1
Earth,True,Unknown,17.0,False,0.0,0.0,0.0,0.0,0.0,True,G,511.0,P,3123,1
Mars,True,TRAPPIST-1e,12.0,False,0.0,0.0,0.0,0.0,0.0,True,F,648.0,P,3124,1
Mars,False,TRAPPIST-1e,47.0,False,1130.0,8.0,299.0,0.0,0.0,True,F,648.0,P,3124,2
Mars,True,TRAPPIST-1e,46.0,False,0.0,0.0,0.0,0.0,0.0,True,F,648.0,P,3124,3
Europa,False,55 Cancri e,31.0,False,139.0,4018.0,13.0,232.0,1140.0,True,B,116.0,S,3126,1
Europa,False,TRAPPIST-1e,36.0,False,0.0,0.0,0.0,0.0,0.0,True,B,116.0,S,3126,2
Earth,False,55 Cancri e,15.0,False,62.0,57.0,2646.0,1104.0,312.0,False,G,512.0,P,3128,1
Mars,False,TRAPPIST-1e,38.0,False,886.0,0.0,618.0,0.0,0.0,False,F,588.0,S,3130,1
Earth,True,55 Cancri e,48.0,False,0.0,0.0,0.0,0.0,0.0,True,G,492.0,S,3131,1
Earth,True,TRAPPIST-1e,21.0,False,0.0,0.0,0.0,0.0,0.0,True,G,492.0,S,3131,2
Unknown,True,TRAPPIST-1e,4.0,False,0.0,0.0,0.0,0.0,0.0,True,G,492.0,S,3131,3
Mars,True,TRAPPIST-1e,31.0,False,0.0,0.0,0.0,0.0,0.0,True,F,649.0,P,3132,1
Earth,False,PSO J318.5-22,31.0,False,0.0,140.0,394.0,0.0,0.0,False,G,513.0,P,3133,1
Europa,False,PSO J318.5-22,62.0,True,0.0,4513.0,0.0,85.0,1437.0,True,C,119.0,S,3134,1
Earth,True,TRAPPIST-1e,29.0,False,0.0,0.0,0.0,0.0,0.0,True,G,514.0,P,3136,1
Earth,False,TRAPPIST-1e,30.0,False,0.0,4.0,1604.0,678.0,1681.0,False,F,82.0,S,3138,1
Mars,False,TRAPPIST-1e,26.0,False,912.0,0.0,43.0,0.0,0.0,False,E,206.0,S,3140,1
Mars,False,TRAPPIST-1e,43.0,False,33.0,1117.0,59.0,0.0,16.0,False,F,591.0,S,3142,1
Mars,False,TRAPPIST-1e,32.0,False,1087.0,0.0,71.0,0.0,0.0,False,F,591.0,S,3142,2
Mars,True,55 Cancri e,24.0,False,0.0,0.0,0.0,0.0,0.0,True,F,592.0,S,3143,1
Mars,True,TRAPPIST-1e,49.0,False,0.0,0.0,0.0,0.0,0.0,True,F,652.0,P,3145,1
Earth,False,TRAPPIST-1e,21.0,False,17.0,427.0,31.0,257.0,0.0,True,F,594.0,S,3147,1
Earth,False,TRAPPIST-1e,18.0,False,0.0,730.0,79.0,0.0,0.0,True,G,494.0,S,3149,1
Earth,True,TRAPPIST-1e,18.0,False,0.0,0.0,0.0,0.0,0.0,True,G,494.0,S,3149,2
Earth,True,TRAPPIST-1e,14.0,False,0.0,0.0,0.0,0.0,0.0,False,G,496.0,S,3152,1
Mars,False,TRAPPIST-1e,21.0,False,1507.0,0.0,3.0,2.0,1196.0,False,D,100.0,P,3158,1
Mars,True,55 Cancri e,25.0,False,0.0,0.0,0.0,0.0,0.0,True,F,654.0,P,3159,1
Europa,False,55 Cancri e,56.0,False,0.0,323.0,971.0,58.0,4240.0,False,E,208.0,S,3161,1
Earth,False,TRAPPIST-1e,0.0,False,0.0,0.0,0.0,0.0,0.0,True,G,500.0,S,3162,1
Earth,False,TRAPPIST-1e,55.0,False,0.0,0.0,5.0,0.0,2409.0,False,F,596.0,S,3162,2
Earth,True,TRAPPIST-1e,14.0,False,0.0,0.0,0.0,0.0,0.0,False,G,500.0,S,3162,3
Mars,False,TRAPPIST-1e,13.0,False,1007.0,0.0,142.0,295.0,0.0,False,F,656.0,P,3163,1
Mars,False,55 Cancri e,43.0,False,4.0,0.0,1834.0,1.0,66.0,False,F,656.0,P,3163,2
Earth,True,TRAPPIST-1e,39.0,False,0.0,0.0,0.0,0.0,0.0,False,G,516.0,P,3164,1
Mars,True,TRAPPIST-1e,28.82793046746535,False,0.0,0.0,0.0,0.0,0.0,True,F,657.0,P,3166,1
Earth,False,TRAPPIST-1e,24.0,False,0.0,7.0,548.0,4.0,0.0,True,F,658.0,P,3168,1
Earth,False,TRAPPIST-1e,26.0,False,207.0,350.0,74.0,0.0,3.0,True,F,598.0,S,3169,1
Earth,True,55 Cancri e,22.0,False,0.0,0.0,0.0,0.0,0.0,True,G,502.0,S,3171,1
Unknown,False,TRAPPIST-1e,26.0,False,0.0,0.0,1352.0,5.0,0.0,False,F,659.0,P,3172,1
Mars,False,Unknown,19.0,False,155.0,0.0,1632.0,3.0,0.0,True,D,101.0,P,3174,1
Mars,True,TRAPPIST-1e,38.0,False,0.0,0.0,0.0,0.0,0.0,True,F,660.0,P,3174,2
Europa,True,55 Cancri e,38.0,False,0.0,0.0,0.0,0.0,0.0,True,B,104.0,P,3175,1
Europa,False,TRAPPIST-1e,77.0,False,0.0,9032.0,0.0,128.0,1464.0,True,E,196.0,P,3176,1
Earth,False,55 Cancri e,28.0,False,2840.0,0.0,0.0,0.0,0.0,False,F,599.0,S,3179,1
Earth,False,TRAPPIST-1e,22.0,False,0.0,1.0,379.0,0.0,336.0,False,F,663.0,P,3180,1
Earth,False,TRAPPIST-1e,20.0,False,4.0,353.0,193.0,241.0,0.0,False,E,197.0,P,3181,1
Earth,False,TRAPPIST-1e,18.0,False,0.0,0.0,699.0,0.0,0.0,True,F,600.0,S,3182,1
Europa,False,55 Cancri e,10.0,False,0.0,0.0,0.0,0.0,0.0,True,B,117.0,S,3184,1
Europa,True,55 Cancri e,34.0,False,0.0,0.0,0.0,0.0,0.0,True,B,117.0,S,3184,2
Earth,False,TRAPPIST-1e,43.0,False,0.0,788.0,0.0,0.0,1191.0,False,F,601.0,S,3185,1
Mars,True,55 Cancri e,31.0,False,0.0,0.0,0.0,0.0,0.0,False,E,209.0,S,3188,1
Mars,True,55 Cancri e,40.0,False,0.0,0.0,0.0,0.0,0.0,True,D,102.0,P,3189,1
Mars,False,TRAPPIST-1e,25.0,False,1299.0,0.0,0.0,0.0,0.0,False,D,102.0,P,3189,2
Mars,True,TRAPPIST-1e,68.0,False,0.0,0.0,0.0,0.0,0.0,True,F,603.0,S,3191,1
Earth,False,TRAPPIST-1e,20.0,False,0.0,0.0,147.0,0.0,0.0,False,F,665.0,P,3192,1
Mars,False,TRAPPIST-1e,27.0,True,309.0,0.0,849.0,0.0,0.0,True,F,666.0,P,3193,1
Earth,False,TRAPPIST-1e,1.0,False,0.0,0.0,0.0,0.0,0.0,False,G,505.0,S,3195,1
Earth,False,PSO J318.5-22,60.0,False,0.0,31.0,6.0,223.0,356.0,False,G,505.0,S,3195,2
Earth,False,55 Cancri e,28.0,False,0.0,0.0,675.0,31.0,0.0,True,G,505.0,S,3195,3
Earth,False,PSO J318.5-22,11.0,False,0.0,0.0,0.0,0.0,0.0,False,G,505.0,S,3195,4
Earth,False,55 Cancri e,0.0,False,0.0,0.0,0.0,0.0,0.0,False,F,82.0,S,3195,5
Earth,True,TRAPPIST-1e,9.0,False,0.0,0.0,0.0,0.0,0.0,False,G,505.0,S,3195,6
Mars,False,TRAPPIST-1e,38.0,False,1046.0,0.0,1553.0,0.0,0.0,False,F,667.0,P,3196,1
Earth,False,55 Cancri e,18.0,False,0.0,0.0,0.0,588.0,0.0,False,F,668.0,P,3197,1
Earth,False,TRAPPIST-1e,40.0,False,4.0,11.0,669.0,0.0,773.0,False,F,669.0,P,3200,1
Earth,False,TRAPPIST-1e,21.0,False,330.0,11.0,0.0,0.0,398.0,False,F,670.0,P,3201,1
Earth,True,TRAPPIST-1e,24.0,False,0.0,0.0,0.0,0.0,0.0,False,G,506.0,S,3203,1
Europa,False,TRAPPIST-1e,26.0,False,0.0,1653.0,7.0,227.0,1457.0,False,A,27.0,P,3204,1
Europa,False,TRAPPIST-1e,47.0,False,3865.0,3810.0,0.0,12.0,196.0,False,A,27.0,P,3204,2
Europa,False,TRAPPIST-1e,46.0,False,0.0,131.0,0.0,8873.0,469.0,False,A,27.0,P,3204,3
Earth,True,55 Cancri e,55.0,False,0.0,0.0,0.0,0.0,0.0,True,G,507.0,S,3205,1
Earth,False,TRAPPIST-1e,50.0,False,293.0,0.0,21.0,573.0,0.0,False,G,520.0,P,3206,1
Mars,True,TRAPPIST-1e,10.0,False,0.0,0.0,0.0,0.0,0.0,True,F,672.0,P,3209,1
Europa,False,55 Cancri e,17.0,False,454.0,19.0,0.0,0.0,3219.0,False,E,211.0,S,3210,1
Europa,False,55 Cancri e,20.0,False,11.0,596.0,0.0,3583.0,266.0,False,E,211.0,S,3210,2
Europa,False,TRAPPIST-1e,37.0,False,76.0,2804.0,0.0,1287.0,1229.0,False,E,211.0,S,3210,3
Earth,False,TRAPPIST-1e,24.0,False,11.0,0.0,9.0,2645.0,2.0,False,F,673.0,P,3211,1
Earth,False,55 Cancri e,43.0,False,511.0,233.0,0.0,0.0,144.0,False,G,521.0,P,3211,2
Earth,False,TRAPPIST-1e,0.0,False,0.0,0.0,0.0,0.0,0.0,False,G,521.0,P,3211,3
Earth,False,TRAPPIST-1e,24.0,False,180.0,264.0,0.0,1225.0,0.0,False,E,212.0,S,3212,1
Mars,False,TRAPPIST-1e,22.0,False,715.0,0.0,726.0,325.0,0.0,False,D,103.0,P,3213,1
Unknown,True,TRAPPIST-1e,14.0,False,0.0,0.0,0.0,0.0,0.0,True,G,508.0,S,3215,1
Earth,True,TRAPPIST-1e,3.0,False,0.0,0.0,0.0,0.0,0.0,True,G,509.0,S,3216,1
Earth,True,55 Cancri e,22.0,False,0.0,0.0,0.0,0.0,0.0,True,G,509.0,S,3216,2
Earth,False,TRAPPIST-1e,23.0,False,0.0,1573.0,0.0,36.0,0.0,True,E,213.0,S,3216,3
Mars,False,TRAPPIST-1e,56.0,False,324.0,574.0,116.0,0.0,0.0,False,E,198.0,P,3217,1
Earth,False,TRAPPIST-1e,36.0,False,5.0,623.0,88.0,5.0,1.0,True,F,606.0,S,3218,1
Earth,False,55 Cancri e,58.0,False,52.0,0.0,5.0,517.0,0.0,False,F,606.0,S,3218,2
Earth,False,TRAPPIST-1e,1.0,False,0.0,0.0,0.0,0.0,0.0,False,G,510.0,S,3218,3
Mars,True,TRAPPIST-1e,39.0,False,0.0,0.0,0.0,0.0,0.0,False,E,214.0,S,3219,1
Earth,False,TRAPPIST-1e,33.0,False,0.0,0.0,75.0,709.0,0.0,False,G,522.0,P,3220,1
Earth,False,PSO J318.5-22,19.0,False,0.0,0.0,616.0,0.0,0.0,False,G,511.0,S,3221,1
Earth,False,TRAPPIST-1e,28.82793046746535,False,16.0,0.0,799.0,0.0,37.0,False,G,523.0,P,3223,1
Earth,False,TRAPPIST-1e,33.0,False,0.0,950.0,0.0,102.0,0.0,True,F,607.0,S,3224,1
Europa,True,55 Cancri e,17.0,False,0.0,0.0,0.0,0.0,0.0,True,C,120.0,S,3225,1
Europa,False,TRAPPIST-1e,28.0,False,0.0,3281.0,0.0,68.0,341.0,True,C,120.0,S,3225,2
Earth,False,TRAPPIST-1e,21.0,False,63.0,15.0,407.0,397.0,0.0,False,G,513.0,S,3227,1
Europa,False,TRAPPIST-1e,45.0,False,3.0,2344.0,1100.0,498.0,0.0,True,B,118.0,S,3229,1
Mars,True,TRAPPIST-1e,62.0,False,0.0,0.0,0.0,0.0,0.0,True,F,674.0,P,3230,1
Mars,True,TRAPPIST-1e,43.0,False,0.0,0.0,0.0,0.0,0.0,True,F,609.0,S,3232,1
Earth,False,TRAPPIST-1e,27.0,False,158.0,0.0,1271.0,0.0,71.0,False,F,610.0,S,3235,1
Earth,True,55 Cancri e,1.0,False,0.0,0.0,0.0,0.0,0.0,True,G,524.0,P,3236,1
Earth,False,TRAPPIST-1e,31.0,False,593.0,540.0,238.0,0.0,77.0,False,F,676.0,P,3236,2
Earth,False,TRAPPIST-1e,18.0,False,0.0,30.0,0.0,756.0,5.0,False,E,200.0,P,3236,3
Mars,False,TRAPPIST-1e,21.0,False,1097.0,0.0,80.0,589.0,0.0,False,D,104.0,P,3237,1
Mars,False,TRAPPIST-1e,7.0,False,0.0,0.0,0.0,0.0,0.0,True,F,677.0,P,3237,2
Mars,False,TRAPPIST-1e,22.0,False,2646.0,0.0,599.0,117.0,0.0,False,D,104.0,P,3237,3
Mars,True,TRAPPIST-1e,26.0,False,0.0,0.0,0.0,0.0,0.0,False,E,215.0,S,3238,1
Earth,True,TRAPPIST-1e,30.0,False,0.0,0.0,0.0,0.0,0.0,True,G,515.0,S,3239,1
Earth,False,TRAPPIST-1e,17.0,False,0.0,382.0,402.0,0.0,7.0,False,E,216.0,S,3240,1
Earth,True,TRAPPIST-1e,28.82793046746535,False,0.0,0.0,0.0,0.0,0.0,False,G,525.0,P,3241,1
Earth,False,55 Cancri e,10.0,False,0.0,0.0,0.0,0.0,0.0,False,G,516.0,S,3243,1
Earth,False,TRAPPIST-1e,25.0,False,764.0,16.0,0.0,8.0,0.0,False,E,202.0,P,3247,1
Earth,False,TRAPPIST-1e,21.0,False,0.0,0.0,0.0,0.0,0.0,False,G,526.0,P,3248,1
Earth,False,55 Cancri e,53.0,False,8.0,0.0,236.0,0.0,2049.0,False,F,613.0,S,3252,1
Earth,False,TRAPPIST-1e,21.0,False,0.0,0.0,687.0,46.0,20.0,False,G,528.0,P,3253,1
Europa,False,TRAPPIST-1e,28.0,False,0.0,3315.0,0.0,594.0,85.0,True,C,121.0,S,3254,1
Earth,True,PSO J318.5-22,20.0,False,0.0,0.0,0.0,0.0,0.0,True,G,517.0,S,3255,1
Europa,True,55 Cancri e,54.0,False,0.0,0.0,0.0,0.0,0.0,True,E,217.0,S,3256,1
Earth,True,TRAPPIST-1e,9.0,False,0.0,0.0,0.0,0.0,0.0,False,G,529.0,P,3258,1
Earth,False,TRAPPIST-1e,20.0,False,508.0,0.0,1.0,1372.0,0.0,False,G,530.0,P,3259,1
Earth,False,Unknown,19.0,False,0.0,165.0,0.0,699.0,0.0,False,F,615.0,S,3260,1
Earth,False,TRAPPIST-1e,32.0,False,0.0,632.0,0.0,0.0,0.0,False,F,681.0,P,3262,1
Mars,False,TRAPPIST-1e,22.0,False,0.0,0.0,0.0,0.0,0.0,False,E,219.0,S,3268,1
Europa,False,55 Cancri e,35.0,False,74.0,5082.0,0.0,893.0,1937.0,True,C,122.0,S,3269,1
Earth,False,TRAPPIST-1e,26.0,False,0.0,56.0,322.0,6.0,243.0,True,G,531.0,P,3270,1
Earth,True,TRAPPIST-1e,51.0,False,0.0,0.0,0.0,0.0,0.0,False,G,532.0,P,3271,1
Earth,False,55 Cancri e,8.0,False,0.0,0.0,0.0,0.0,0.0,True,G,532.0,P,3271,2
Earth,False,TRAPPIST-1e,40.0,False,0.0,0.0,895.0,0.0,0.0,True,G,518.0,S,3272,1
Earth,True,55 Cancri e,2.0,False,0.0,0.0,0.0,0.0,0.0,True,G,518.0,S,3272,2
Earth,True,PSO J318.5-22,19.0,False,0.0,0.0,0.0,0.0,0.0,False,G,519.0,S,3273,1
Earth,True,TRAPPIST-1e,32.0,False,0.0,0.0,0.0,0.0,0.0,True,G,533.0,P,3274,1
Earth,False,55 Cancri e,16.0,False,1612.0,4.0,0.0,184.0,0.0,False,G,533.0,P,3274,2
Earth,False,TRAPPIST-1e,64.0,False,0.0,0.0,16.0,733.0,159.0,False,G,533.0,P,3274,3
Earth,False,55 Cancri e,35.0,False,256.0,0.0,341.0,35.0,0.0,True,F,617.0,S,3275,1
Europa,False,TRAPPIST-1e,33.0,False,20.0,653.0,0.0,121.0,483.0,False,A,29.0,P,3276,1
Europa,False,55 Cancri e,9.0,False,0.0,0.0,0.0,0.0,0.0,True,C,123.0,S,3279,1
Europa,True,TRAPPIST-1e,21.0,False,0.0,0.0,0.0,0.0,0.0,True,C,123.0,S,3279,2
Europa,True,TRAPPIST-1e,28.0,False,0.0,0.0,0.0,0.0,0.0,True,C,123.0,S,3279,3
Europa,True,TRAPPIST-1e,28.0,False,0.0,0.0,0.0,0.0,0.0,True,C,123.0,S,3279,4
Earth,True,PSO J318.5-22,31.0,False,0.0,0.0,0.0,0.0,0.0,True,G,534.0,P,3280,1
Earth,False,55 Cancri e,32.0,False,1150.0,201.0,0.0,0.0,8.0,False,F,684.0,P,3280,2
Europa,True,55 Cancri e,43.0,False,0.0,0.0,0.0,0.0,0.0,True,B,120.0,S,3282,1
Europa,True,TRAPPIST-1e,60.0,False,0.0,0.0,0.0,0.0,0.0,True,B,120.0,S,3282,2
Europa,False,TRAPPIST-1e,43.0,False,0.0,1440.0,0.0,85.0,150.0,True,B,120.0,S,3282,3
Earth,False,TRAPPIST-1e,43.0,False,0.0,16.0,34.0,753.0,1.0,False,F,619.0,S,3283,1
Earth,False,TRAPPIST-1e,19.0,False,64.0,0.0,453.0,174.0,6.0,False,F,619.0,S,3283,2
Earth,False,TRAPPIST-1e,21.0,False,0.0,0.0,0.0,646.0,138.0,False,G,521.0,S,3283,3
Earth,False,TRAPPIST-1e,38.0,False,0.0,0.0,0.0,846.0,0.0,False,G,521.0,S,3283,4
Earth,True,PSO J318.5-22,17.0,False,0.0,0.0,0.0,0.0,0.0,True,G,535.0,P,3284,1
Earth,True,PSO J318.5-22,29.0,False,0.0,0.0,0.0,0.0,0.0,True,G,535.0,P,3284,2
Earth,False,PSO J318.5-22,2.0,False,0.0,0.0,0.0,0.0,0.0,True,G,522.0,S,3287,1
Earth,False,TRAPPIST-1e,22.0,False,718.0,2.0,50.0,0.0,0.0,True,F,82.0,S,3287,2
Earth,False,55 Cancri e,18.0,False,0.0,0.0,14.0,625.0,0.0,False,F,621.0,S,3287,3
Earth,True,TRAPPIST-1e,16.0,False,0.0,0.0,0.0,0.0,0.0,True,G,536.0,P,3289,1
Europa,True,TRAPPIST-1e,52.0,False,0.0,0.0,0.0,0.0,0.0,True,B,121.0,S,3292,1
Europa,False,55 Cancri e,52.0,False,13.0,6074.0,0.0,10385.0,299.0,False,F,82.0,S,3292,2
Europa,True,55 Cancri e,14.0,False,0.0,0.0,0.0,0.0,0.0,True,B,121.0,S,3292,3
Europa,False,TRAPPIST-1e,25.0,True,0.0,0.0,0.0,0.0,0.0,True,B,121.0,S,3292,4
Europa,True,TRAPPIST-1e,34.0,False,0.0,0.0,0.0,0.0,0.0,True,B,121.0,S,3292,5
Mars,False,TRAPPIST-1e,20.0,False,915.0,12.0,25.0,205.0,311.0,True,F,623.0,S,3293,1
Earth,True,PSO J318.5-22,28.0,False,0.0,0.0,0.0,0.0,0.0,True,G,537.0,P,3294,1
Earth,True,TRAPPIST-1e,28.82793046746535,False,0.0,0.0,0.0,0.0,0.0,False,G,537.0,P,3294,2
Earth,False,55 Cancri e,20.0,False,2598.0,927.0,0.0,866.0,2.0,False,G,538.0,P,3295,1
Earth,False,55 Cancri e,44.0,False,632.0,0.0,101.0,5.0,0.0,True,F,624.0,S,3296,1
Earth,False,TRAPPIST-1e,64.0,False,313.0,782.0,8.0,0.0,0.0,False,F,686.0,P,3297,1
Earth,False,Unknown,27.0,False,0.0,0.0,775.0,127.0,0.0,True,F,687.0,P,3298,1
Earth,False,TRAPPIST-1e,24.0,False,0.0,0.0,0.0,0.0,0.0,False,G,524.0,S,3299,1
Mars,True,Unknown,38.0,False,0.0,0.0,0.0,0.0,0.0,True,F,688.0,P,3300,1
Mars,False,TRAPPIST-1e,47.0,False,378.0,0.0,117.0,1147.0,132.0,False,F,688.0,P,3300,2
Earth,True,55 Cancri e,8.0,False,0.0,0.0,0.0,0.0,0.0,True,G,525.0,S,3301,1
Earth,False,TRAPPIST-1e,1.0,False,0.0,0.0,0.0,0.0,0.0,True,G,525.0,S,3301,2
Earth,False,55 Cancri e,0.0,False,0.0,0.0,0.0,0.0,0.0,True,G,525.0,S,3301,3
Earth,False,TRAPPIST-1e,20.0,False,0.0,0.0,0.0,0.0,0.0,True,G,525.0,S,3301,4
Europa,True,TRAPPIST-1e,41.0,False,0.0,0.0,0.0,0.0,0.0,True,D,105.0,P,3304,1
Mars,True,TRAPPIST-1e,35.0,False,0.0,0.0,0.0,0.0,0.0,False,D,106.0,P,3305,1
Mars,False,55 Cancri e,31.0,False,1065.0,13.0,150.0,36.0,0.0,False,D,106.0,P,3305,2
Earth,False,PSO J318.5-22,14.0,False,0.0,43.0,504.0,125.0,0.0,False,F,690.0,P,3308,1
Earth,False,TRAPPIST-1e,25.0,False,0.0,0.0,762.0,0.0,50.0,False,G,539.0,P,3309,1
Europa,True,TRAPPIST-1e,26.0,False,0.0,0.0,0.0,0.0,0.0,True,D,107.0,P,3310,1
Europa,False,TRAPPIST-1e,26.0,False,0.0,1638.0,0.0,476.0,226.0,False,E,221.0,S,3311,1
Europa,False,TRAPPIST-1e,30.0,False,0.0,1076.0,0.0,3725.0,9.0,False,E,203.0,P,3312,1
Europa,True,55 Cancri e,49.0,False,0.0,0.0,0.0,0.0,0.0,True,B,122.0,S,3313,1
Earth,False,TRAPPIST-1e,19.0,False,260.0,0.0,238.0,139.0,8.0,False,F,626.0,S,3314,1
Earth,False,TRAPPIST-1e,15.0,False,10.0,0.0,99.0,0.0,2031.0,False,F,627.0,S,3315,1
Earth,False,TRAPPIST-1e,27.0,False,0.0,0.0,0.0,0.0,1765.0,False,G,540.0,P,3317,1
Europa,False,TRAPPIST-1e,39.0,False,0.0,957.0,0.0,22.0,401.0,True,B,123.0,S,3318,1
Europa,True,55 Cancri e,32.0,False,0.0,0.0,0.0,0.0,0.0,True,B,123.0,S,3318,2
Europa,False,TRAPPIST-1e,11.0,False,0.0,0.0,0.0,0.0,0.0,True,B,123.0,S,3318,3
Europa,True,Unknown,44.0,False,0.0,0.0,0.0,0.0,0.0,True,B,123.0,S,3318,4
Europa,True,TRAPPIST-1e,36.0,False,0.0,0.0,0.0,0.0,0.0,True,B,123.0,S,3318,5
Earth,False,TRAPPIST-1e,56.0,False,0.0,335.0,532.0,15.0,26.0,False,G,541.0,P,3319,1
Earth,True,TRAPPIST-1e,42.0,False,0.0,0.0,0.0,0.0,0.0,True,G,542.0,P,3322,1
Europa,True,55 Cancri e,40.0,False,0.0,0.0,0.0,0.0,0.0,True,C,110.0,P,3323,1
Europa,True,55 Cancri e,53.0,False,0.0,0.0,0.0,0.0,0.0,True,C,110.0,P,3323,2
Mars,True,TRAPPIST-1e,31.0,False,0.0,0.0,0.0,0.0,0.0,True,F,630.0,S,3324,1
Mars,True,TRAPPIST-1e,14.0,False,0.0,0.0,0.0,0.0,0.0,True,F,630.0,S,3324,2
Earth,True,PSO J318.5-22,31.0,False,0.0,0.0,0.0,0.0,0.0,True,G,543.0,P,3325,1
Earth,False,TRAPPIST-1e,42.0,False,0.0,0.0,1519.0,0.0,4.0,False,E,222.0,S,3326,1
Earth,False,TRAPPIST-1e,32.0,False,0.0,0.0,0.0,0.0,772.0,False,G,528.0,S,3327,1
Earth,False,TRAPPIST-1e,34.0,False,578.0,0.0,0.0,0.0,323.0,False,F,691.0,P,3328,1
Earth,True,TRAPPIST-1e,55.0,False,0.0,0.0,0.0,0.0,0.0,True,G,544.0,P,3329,1
Mars,False,TRAPPIST-1e,42.0,False,1633.0,0.0,29.0,4.0,102.0,False,F,692.0,P,3330,1
Unknown,False,TRAPPIST-1e,40.0,False,666.0,4.0,83.0,0.0,50.0,True,F,631.0,S,3331,1
Mars,False,55 Cancri e,48.0,False,824.0,2.0,830.0,298.0,0.0,False,D,107.0,S,3332,1
Mars,True,TRAPPIST-1e,37.0,False,0.0,0.0,0.0,0.0,0.0,True,D,107.0,S,3332,2
Mars,True,55 Cancri e,17.0,False,0.0,0.0,0.0,0.0,0.0,True,D,107.0,S,3332,3
Mars,True,TRAPPIST-1e,60.0,False,0.0,0.0,0.0,0.0,0.0,True,F,693.0,P,3336,1
Europa,True,55 Cancri e,19.0,False,0.0,0.0,0.0,0.0,0.0,True,B,125.0,S,3337,1
Europa,False,TRAPPIST-1e,30.0,False,0.0,180.0,90.0,7740.0,142.0,False,B,125.0,S,3337,2
Europa,False,TRAPPIST-1e,32.0,False,0.0,0.0,7.0,3653.0,226.0,False,B,125.0,S,3337,3
Earth,True,PSO J318.5-22,28.0,False,0.0,0.0,0.0,0.0,0.0,True,G,546.0,P,3338,1
Earth,True,TRAPPIST-1e,26.0,False,0.0,0.0,0.0,0.0,0.0,False,G,530.0,S,3339,1
Earth,True,TRAPPIST-1e,24.0,False,0.0,0.0,0.0,0.0,0.0,True,G,531.0,S,3342,1
Earth,True,55 Cancri e,47.0,False,0.0,0.0,0.0,0.0,0.0,False,G,532.0,S,3343,1
Earth,False,TRAPPIST-1e,32.0,False,180.0,25.0,584.0,0.0,0.0,False,E,225.0,S,3348,1
Europa,True,TRAPPIST-1e,73.0,True,0.0,0.0,0.0,0.0,0.0,True,C,111.0,P,3349,1
Earth,False,TRAPPIST-1e,17.0,False,3.0,2126.0,0.0,0.0,0.0,True,F,633.0,S,3350,1
Earth,True,PSO J318.5-22,47.0,False,0.0,0.0,0.0,0.0,0.0,False,G,547.0,P,3352,1
Europa,False,TRAPPIST-1e,28.82793046746535,False,0.0,216.0,191.0,12062.0,59.0,False,C,125.0,S,3353,1
Europa,True,55 Cancri e,13.0,False,0.0,0.0,0.0,0.0,0.0,True,C,125.0,S,3353,2
Europa,False,TRAPPIST-1e,22.0,False,0.0,5.0,0.0,12.0,6111.0,False,C,125.0,S,3353,3
Europa,False,TRAPPIST-1e,61.0,False,0.0,4082.0,0.0,265.0,201.0,True,C,125.0,S,3353,4
Europa,False,55 Cancri e,19.0,False,0.0,4494.0,0.0,11.0,3460.0,True,C,125.0,S,3353,5
Europa,False,TRAPPIST-1e,45.0,False,0.0,1897.0,0.0,880.0,605.0,True,C,125.0,S,3353,6
Earth,True,PSO J318.5-22,18.0,False,0.0,0.0,0.0,0.0,0.0,False,G,535.0,S,3357,1
Earth,False,TRAPPIST-1e,32.0,False,0.0,810.0,0.0,0.0,2.0,False,G,536.0,S,3359,1
Europa,False,TRAPPIST-1e,52.0,True,0.0,1429.0,0.0,1371.0,488.0,True,A,30.0,P,3360,1
Mars,True,TRAPPIST-1e,25.0,False,0.0,0.0,0.0,0.0,0.0,True,F,635.0,S,3361,1
Mars,True,TRAPPIST-1e,9.0,False,0.0,0.0,0.0,0.0,0.0,True,F,635.0,S,3361,2
Mars,True,TRAPPIST-1e,18.0,False,0.0,0.0,0.0,0.0,0.0,True,F,635.0,S,3361,3
Unknown,False,PSO J318.5-22,26.0,False,717.0,0.0,84.0,0.0,0.0,False,D,108.0,S,3361,4
Earth,False,TRAPPIST-1e,20.0,False,1.0,52.0,533.0,0.0,1022.0,False,E,205.0,P,3363,1
Earth,False,TRAPPIST-1e,6.0,False,0.0,0.0,0.0,0.0,0.0,True,G,550.0,P,3363,2
Earth,False,PSO J318.5-22,5.0,False,0.0,0.0,0.0,0.0,0.0,False,G,550.0,P,3363,3
Europa,False,55 Cancri e,40.0,False,0.0,372.0,7.0,5.0,1467.0,False,A,31.0,P,3364,1
Earth,True,PSO J318.5-22,20.0,False,0.0,0.0,0.0,0.0,0.0,True,G,537.0,S,3365,1
Mars,False,TRAPPIST-1e,18.0,False,2532.0,0.0,46.0,0.0,0.0,False,D,109.0,S,3370,1
Earth,False,TRAPPIST-1e,42.0,False,0.0,3.0,0.0,898.0,1.0,False,F,694.0,P,3371,1
Earth,True,PSO J318.5-22,14.0,False,0.0,0.0,0.0,0.0,0.0,True,G,551.0,P,3372,1
Mars,True,TRAPPIST-1e,33.0,False,0.0,0.0,0.0,0.0,0.0,True,F,638.0,S,3377,1
Earth,False,55 Cancri e,23.0,False,664.0,17.0,0.0,0.0,0.0,False,F,696.0,P,3380,1
Earth,True,TRAPPIST-1e,35.0,False,0.0,0.0,0.0,0.0,0.0,False,G,539.0,S,3381,1
Earth,False,PSO J318.5-22,53.0,False,2.0,18.0,705.0,0.0,1.0,False,F,697.0,P,3382,1
Earth,True,TRAPPIST-1e,56.0,False,0.0,0.0,0.0,0.0,0.0,True,G,553.0,P,3382,2
Earth,False,55 Cancri e,35.0,False,1.0,0.0,37.0,719.0,0.0,False,F,698.0,P,3383,1
Earth,False,TRAPPIST-1e,18.0,False,1.0,56.0,0.0,602.0,205.0,False,F,699.0,P,3384,1
Earth,False,TRAPPIST-1e,25.0,False,106.0,46.0,0.0,0.0,843.0,False,E,207.0,P,3384,2
Earth,True,55 Cancri e,20.0,False,0.0,0.0,0.0,0.0,0.0,True,G,554.0,P,3384,3
Mars,True,TRAPPIST-1e,44.0,False,0.0,0.0,0.0,0.0,0.0,True,F,641.0,S,3386,1
Earth,True,TRAPPIST-1e,26.0,False,0.0,0.0,0.0,0.0,0.0,False,G,540.0,S,3387,1
Mars,False,TRAPPIST-1e,23.0,False,24.0,1.0,1264.0,0.0,0.0,True,F,642.0,S,3389,1
Mars,True,TRAPPIST-1e,39.0,False,0.0,0.0,0.0,0.0,0.0,True,F,643.0,S,3390,1
Europa,True,TRAPPIST-1e,25.0,False,0.0,0.0,0.0,0.0,0.0,True,B,105.0,P,3391,1
Europa,False,55 Cancri e,42.0,False,0.0,1209.0,0.0,1026.0,636.0,False,B,105.0,P,3391,2
Earth,False,TRAPPIST-1e,20.0,False,0.0,39.0,830.0,17.0,0.0,True,G,541.0,S,3392,1
Earth,True,TRAPPIST-1e,4.0,False,0.0,0.0,0.0,0.0,0.0,True,G,541.0,S,3392,2
Earth,True,TRAPPIST-1e,64.0,False,0.0,0.0,0.0,0.0,0.0,True,G,541.0,S,3392,3
Earth,False,TRAPPIST-1e,0.0,False,0.0,0.0,0.0,0.0,0.0,True,G,541.0,S,3392,4
Earth,False,PSO J318.5-22,19.0,False,0.0,463.0,269.0,0.0,4.0,True,F,700.0,P,3394,1
Earth,False,55 Cancri e,6.0,False,0.0,0.0,0.0,0.0,0.0,False,G,542.0,S,3395,1
Europa,True,TRAPPIST-1e,23.0,False,0.0,0.0,0.0,0.0,0.0,True,B,106.0,P,3396,1
Earth,False,TRAPPIST-1e,22.0,False,0.0,269.0,0.0,100.0,28.0,False,G,543.0,S,3397,1
Earth,False,TRAPPIST-1e,18.0,False,0.0,0.0,1435.0,0.0,0.0,True,G,545.0,S,3401,1
Mars,False,TRAPPIST-1e,21.0,False,2.0,0.0,898.0,148.0,0.0,False,E,231.0,S,3402,1
Earth,False,PSO J318.5-22,37.0,False,308.0,35.0,415.0,10.0,0.0,True,G,556.0,P,3403,1
Earth,True,55 Cancri e,24.0,False,0.0,0.0,0.0,0.0,0.0,True,G,557.0,P,3404,1
Earth,True,TRAPPIST-1e,38.0,False,0.0,0.0,0.0,0.0,0.0,False,G,546.0,S,3405,1
Earth,False,TRAPPIST-1e,11.0,False,0.0,0.0,0.0,0.0,0.0,True,G,546.0,S,3405,2
Earth,False,55 Cancri e,6.0,False,0.0,0.0,0.0,0.0,0.0,False,G,546.0,S,3405,3
Europa,False,TRAPPIST-1e,49.0,False,0.0,104.0,809.0,3668.0,7.0,False,C,112.0,P,3406,1
Europa,False,TRAPPIST-1e,55.0,False,0.0,5971.0,158.0,4125.0,1984.0,False,C,112.0,P,3406,2
Earth,True,TRAPPIST-1e,15.0,False,0.0,0.0,0.0,0.0,0.0,True,G,547.0,S,3408,1
Earth,False,TRAPPIST-1e,19.0,False,90.0,0.0,0.0,74.0,595.0,False,F,701.0,P,3409,1
Earth,True,TRAPPIST-1e,16.0,False,0.0,0.0,0.0,0.0,0.0,True,G,558.0,P,3410,1
Europa,False,TRAPPIST-1e,48.0,False,0.0,12.0,0.0,7967.0,15.0,False,B,107.0,P,3412,1
Europa,True,55 Cancri e,25.0,False,0.0,0.0,0.0,0.0,0.0,True,B,107.0,P,3412,2
Europa,False,TRAPPIST-1e,23.0,False,2.0,6748.0,0.0,23.0,0.0,True,B,107.0,P,3412,3
Earth,True,PSO J318.5-22,27.0,False,0.0,0.0,0.0,0.0,0.0,False,G,559.0,P,3413,1
Earth,False,TRAPPIST-1e,39.0,False,505.0,178.0,181.0,0.0,0.0,False,F,702.0,P,3415,1
Unknown,False,TRAPPIST-1e,28.0,False,0.0,1376.0,4.0,0.0,0.0,True,F,703.0,P,3417,1
Mars,True,TRAPPIST-1e,72.0,False,0.0,0.0,0.0,0.0,0.0,True,F,646.0,S,3418,1
Mars,False,TRAPPIST-1e,47.0,False,2267.0,0.0,117.0,0.0,0.0,False,D,108.0,P,3419,1
Earth,True,TRAPPIST-1e,65.0,False,0.0,0.0,0.0,0.0,0.0,False,G,548.0,S,3420,1
Earth,False,PSO J318.5-22,40.0,False,15.0,0.0,0.0,670.0,0.0,False,F,704.0,P,3421,1
Europa,False,55 Cancri e,18.0,False,0.0,0.0,0.0,0.0,0.0,True,E,209.0,P,3422,1
Europa,True,TRAPPIST-1e,27.0,False,0.0,0.0,0.0,0.0,0.0,True,E,209.0,P,3422,2
Earth,True,TRAPPIST-1e,21.0,False,0.0,0.0,0.0,0.0,0.0,True,G,561.0,P,3423,1
Earth,False,TRAPPIST-1e,37.0,False,190.0,0.0,2.0,799.0,0.0,False,E,233.0,S,3424,1
Europa,False,TRAPPIST-1e,31.0,False,0.0,1216.0,0.0,897.0,478.0,False,E,234.0,S,3425,1
Earth,False,TRAPPIST-1e,33.0,False,22.0,37.0,415.0,0.0,333.0,False,G,549.0,S,3426,1
Europa,True,55 Cancri e,53.0,False,0.0,0.0,0.0,0.0,0.0,True,C,113.0,P,3428,1
Europa,False,TRAPPIST-1e,27.0,False,0.0,18481.0,0.0,2.0,3875.0,True,C,113.0,P,3428,2
Earth,False,TRAPPIST-1e,74.0,False,0.0,193.0,581.0,0.0,0.0,True,G,551.0,S,3430,1
Mars,True,TRAPPIST-1e,28.82793046746535,False,0.0,0.0,0.0,0.0,0.0,True,F,705.0,P,3431,1
Earth,False,PSO J318.5-22,23.0,False,381.0,0.0,137.0,104.0,8.0,False,F,706.0,P,3432,1
Europa,False,55 Cancri e,74.0,False,0.0,1026.0,0.0,6616.0,119.0,False,C,114.0,P,3433,1
Earth,True,TRAPPIST-1e,23.0,False,0.0,0.0,0.0,0.0,0.0,True,G,562.0,P,3434,1
Earth,False,PSO J318.5-22,26.0,False,6.0,0.0,400.0,2.0,373.0,False,G,553.0,S,3437,1
Earth,True,TRAPPIST-1e,0.0,False,0.0,0.0,0.0,0.0,0.0,True,G,553.0,S,3437,2
Earth,True,TRAPPIST-1e,0.0,False,0.0,0.0,0.0,0.0,0.0,True,G,564.0,P,3438,1
Earth,False,55 Cancri e,24.0,False,95.0,35.0,1442.0,0.0,0.0,False,F,707.0,P,3438,2
Europa,True,TRAPPIST-1e,28.0,False,0.0,0.0,0.0,0.0,0.0,True,B,130.0,S,3439,1
Europa,False,TRAPPIST-1e,17.0,False,0.0,0.0,0.0,0.0,0.0,True,B,130.0,S,3439,2
Unknown,True,55 Cancri e,26.0,False,0.0,0.0,0.0,0.0,0.0,True,B,130.0,S,3439,3
Europa,False,TRAPPIST-1e,39.0,False,0.0,2.0,0.0,909.0,3291.0,False,B,130.0,S,3439,4
Earth,False,TRAPPIST-1e,17.0,False,0.0,83.0,0.0,0.0,943.0,False,G,565.0,P,3440,1
Earth,False,55 Cancri e,15.0,False,350.0,0.0,91.0,198.0,0.0,False,F,647.0,S,3441,1
Earth,False,TRAPPIST-1e,37.0,False,503.0,0.0,26.0,0.0,116.0,False,F,708.0,P,3442,1
Earth,False,TRAPPIST-1e,38.0,False,792.0,0.0,0.0,1.0,29.0,True,F,648.0,S,3443,1
Europa,False,55 Cancri e,33.0,False,0.0,27071.0,0.0,15.0,0.0,True,B,131.0,S,3444,1
Europa,True,TRAPPIST-1e,16.0,False,0.0,0.0,0.0,0.0,0.0,True,B,131.0,S,3444,2
Europa,False,TRAPPIST-1e,41.0,True,0.0,649.0,0.0,945.0,0.0,True,B,131.0,S,3444,3
Europa,False,TRAPPIST-1e,7.0,False,0.0,0.0,0.0,0.0,0.0,True,B,131.0,S,3444,4
Earth,False,TRAPPIST-1e,20.0,False,1.0,760.0,0.0,21.0,0.0,False,G,554.0,S,3445,1
Earth,True,PSO J318.5-22,44.0,False,0.0,0.0,0.0,0.0,0.0,True,G,555.0,S,3446,1
Earth,False,TRAPPIST-1e,42.0,False,1196.0,0.0,0.0,68.0,1.0,False,F,649.0,S,3447,1
Earth,False,TRAPPIST-1e,29.0,False,0.0,4.0,0.0,0.0,904.0,False,G,556.0,S,3449,1
Europa,False,55 Cancri e,22.0,False,0.0,4209.0,26.0,2462.0,466.0,True,B,132.0,S,3450,1
Europa,False,TRAPPIST-1e,21.0,False,0.0,2834.0,0.0,414.0,558.0,True,B,132.0,S,3450,2
Earth,True,TRAPPIST-1e,21.0,False,0.0,0.0,0.0,0.0,0.0,False,G,567.0,P,3453,1
Earth,True,TRAPPIST-1e,21.0,False,0.0,0.0,0.0,0.0,0.0,False,G,568.0,P,3454,1
Mars,True,TRAPPIST-1e,13.0,False,0.0,0.0,0.0,0.0,0.0,True,F,709.0,P,3455,1
Earth,True,PSO J318.5-22,16.0,False,0.0,0.0,0.0,0.0,0.0,True,G,558.0,S,3456,1
Mars,True,55 Cancri e,36.0,False,0.0,0.0,0.0,0.0,0.0,True,F,710.0,P,3458,1
Earth,True,TRAPPIST-1e,36.0,False,0.0,0.0,0.0,0.0,0.0,True,G,560.0,S,3459,1
Earth,False,PSO J318.5-22,26.0,False,86.0,377.0,0.0,0.0,77.0,False,G,569.0,P,3461,1
Europa,True,TRAPPIST-1e,28.0,False,0.0,0.0,0.0,0.0,0.0,True,C,115.0,P,3462,1
Earth,False,TRAPPIST-1e,14.0,False,0.0,0.0,533.0,266.0,93.0,False,G,561.0,S,3464,1
Earth,True,TRAPPIST-1e,29.0,False,0.0,0.0,0.0,0.0,0.0,False,G,561.0,S,3464,2
Mars,False,TRAPPIST-1e,19.0,False,506.0,0.0,395.0,159.0,229.0,False,F,711.0,P,3465,1
Earth,False,TRAPPIST-1e,51.0,False,90.0,0.0,0.0,881.0,0.0,False,F,712.0,P,3467,1
Earth,True,TRAPPIST-1e,64.0,False,0.0,0.0,0.0,0.0,0.0,True,G,562.0,S,3468,1
Europa,True,TRAPPIST-1e,41.0,False,0.0,0.0,0.0,0.0,0.0,True,B,109.0,P,3469,1
Earth,True,TRAPPIST-1e,28.82793046746535,False,0.0,0.0,0.0,0.0,0.0,False,G,563.0,S,3470,1
Earth,True,55 Cancri e,16.0,False,0.0,0.0,0.0,0.0,0.0,True,G,563.0,S,3470,2
Earth,False,TRAPPIST-1e,20.0,False,0.0,880.0,5.0,25.0,490.0,False,F,654.0,S,3473,1
Europa,True,TRAPPIST-1e,31.0,False,0.0,0.0,0.0,0.0,0.0,True,B,110.0,P,3474,1
Europa,False,TRAPPIST-1e,38.0,False,0.0,952.0,0.0,0.0,1790.0,False,B,110.0,P,3474,2
Europa,True,55 Cancri e,59.0,False,0.0,0.0,0.0,0.0,0.0,True,B,110.0,P,3474,3
Europa,True,TRAPPIST-1e,18.0,False,0.0,0.0,0.0,0.0,0.0,True,B,110.0,P,3474,4
Europa,True,TRAPPIST-1e,33.0,False,0.0,0.0,0.0,0.0,0.0,True,C,126.0,S,3475,1
Europa,False,TRAPPIST-1e,33.0,False,0.0,590.0,0.0,3.0,6569.0,False,C,126.0,S,3475,2
Europa,False,55 Cancri e,49.0,False,0.0,8766.0,15.0,149.0,178.0,True,C,126.0,S,3475,3
Earth,False,55 Cancri e,4.0,False,0.0,0.0,0.0,0.0,0.0,True,G,571.0,P,3476,1
Earth,False,55 Cancri e,0.0,False,0.0,0.0,0.0,0.0,0.0,True,G,571.0,P,3476,2
Earth,False,55 Cancri e,0.0,False,0.0,0.0,0.0,0.0,0.0,True,G,571.0,P,3476,3
Earth,False,TRAPPIST-1e,24.0,False,1.0,467.0,4.0,0.0,341.0,False,G,571.0,P,3476,4
Europa,False,TRAPPIST-1e,52.0,False,0.0,0.0,0.0,0.0,0.0,False,B,111.0,P,3478,1
Earth,False,PSO J318.5-22,50.0,False,121.0,558.0,0.0,10.0,0.0,False,F,655.0,S,3480,1
Earth,False,PSO J318.5-22,31.0,False,0.0,627.0,1.0,0.0,13.0,False,F,717.0,P,3483,1
Earth,True,TRAPPIST-1e,25.0,False,0.0,0.0,0.0,0.0,0.0,False,G,573.0,P,3484,1
Earth,False,PSO J318.5-22,62.0,False,3.0,0.0,2908.0,0.0,0.0,True,F,718.0,P,3484,2
Europa,False,TRAPPIST-1e,49.0,False,0.0,1855.0,0.0,166.0,1655.0,False,E,237.0,S,3485,1
Europa,True,TRAPPIST-1e,24.0,False,0.0,0.0,0.0,0.0,0.0,True,E,237.0,S,3485,2
Europa,False,TRAPPIST-1e,33.0,False,0.0,3157.0,0.0,131.0,0.0,True,E,237.0,S,3485,3
Earth,False,TRAPPIST-1e,20.0,False,0.0,559.0,21.0,0.0,5.0,True,F,656.0,S,3486,1
Europa,False,55 Cancri e,46.0,False,0.0,0.0,0.0,1529.0,3069.0,False,A,39.0,S,3487,1
Europa,False,TRAPPIST-1e,26.0,False,0.0,0.0,0.0,0.0,0.0,False,D,110.0,P,3488,1
Europa,False,TRAPPIST-1e,52.0,False,6.0,2333.0,11.0,1149.0,1.0,False,D,110.0,P,3488,2
Mars,False,TRAPPIST-1e,28.0,False,274.0,0.0,693.0,944.0,0.0,False,F,719.0,P,3489,1
Mars,True,TRAPPIST-1e,39.0,False,0.0,0.0,0.0,0.0,0.0,True,F,719.0,P,3489,2
Europa,False,TRAPPIST-1e,29.0,False,4.0,3439.0,0.0,0.0,0.0,True,D,111.0,P,3490,1
Europa,False,55 Cancri e,19.0,False,0.0,1347.0,0.0,1756.0,37.0,True,D,111.0,P,3490,2
Earth,False,TRAPPIST-1e,15.0,False,0.0,0.0,0.0,6.0,607.0,False,F,720.0,P,3491,1
Earth,False,TRAPPIST-1e,33.0,False,44.0,630.0,18.0,96.0,0.0,False,E,238.0,S,3492,1
Europa,False,TRAPPIST-1e,47.0,False,0.0,10679.0,0.0,273.0,80.0,True,C,127.0,S,3495,1
Europa,False,TRAPPIST-1e,34.0,False,0.0,6229.0,0.0,2279.0,587.0,True,C,127.0,S,3495,2
Europa,True,55 Cancri e,26.0,False,0.0,0.0,0.0,0.0,0.0,True,C,127.0,S,3495,3
Europa,True,TRAPPIST-1e,15.0,False,0.0,0.0,0.0,0.0,0.0,True,C,127.0,S,3495,4
Mars,True,TRAPPIST-1e,28.82793046746535,False,0.0,0.0,0.0,0.0,0.0,True,F,722.0,P,3496,1
Mars,False,TRAPPIST-1e,27.0,False,542.0,0.0,1231.0,0.0,1.0,False,F,722.0,P,3496,2
Mars,False,TRAPPIST-1e,38.0,True,66.0,0.0,991.0,0.0,0.0,False,D,113.0,P,3497,1
Earth,False,TRAPPIST-1e,21.0,False,196.0,5.0,674.0,12.0,20.0,False,G,574.0,P,3499,1
Earth,False,TRAPPIST-1e,1.0,False,0.0,0.0,0.0,0.0,0.0,True,G,574.0,P,3499,2
Earth,False,TRAPPIST-1e,38.0,False,0.0,1025.0,23.0,0.0,0.0,True,F,723.0,P,3499,3
Earth,False,TRAPPIST-1e,0.0,False,0.0,0.0,0.0,0.0,0.0,False,G,574.0,P,3499,4
Mars,False,TRAPPIST-1e,32.0,False,1272.0,0.0,1103.0,9.0,0.0,False,F,82.0,S,3501,1
Earth,True,TRAPPIST-1e,27.0,False,0.0,0.0,0.0,0.0,0.0,True,G,575.0,P,3504,1
Europa,True,55 Cancri e,48.0,False,0.0,0.0,0.0,0.0,0.0,True,B,113.0,P,3506,1
Mars,False,55 Cancri e,22.0,False,124.0,0.0,1763.0,0.0,1014.0,False,F,661.0,S,3511,1
Earth,False,55 Cancri e,28.0,False,1.0,0.0,857.0,0.0,0.0,False,F,662.0,S,3512,1
Earth,False,TRAPPIST-1e,19.0,False,122.0,170.0,52.0,0.0,465.0,False,G,576.0,P,3514,1
Mars,True,TRAPPIST-1e,37.0,False,0.0,0.0,0.0,0.0,0.0,False,F,725.0,P,3515,1
Mars,True,TRAPPIST-1e,46.0,False,0.0,0.0,0.0,0.0,0.0,True,F,725.0,P,3515,2
Earth,True,TRAPPIST-1e,26.0,False,0.0,0.0,0.0,0.0,0.0,True,G,566.0,S,3518,1
Earth,False,TRAPPIST-1e,16.0,False,0.0,0.0,722.0,0.0,1.0,True,G,577.0,P,3519,1
Earth,True,TRAPPIST-1e,0.0,False,0.0,0.0,0.0,0.0,0.0,True,G,577.0,P,3519,2
Earth,True,TRAPPIST-1e,0.0,False,0.0,0.0,0.0,0.0,0.0,True,G,577.0,P,3519,3
Unknown,False,TRAPPIST-1e,26.0,False,0.0,597.0,0.0,0.0,212.0,False,G,578.0,P,3520,1
Earth,True,PSO J318.5-22,13.0,False,0.0,0.0,0.0,0.0,0.0,True,F,82.0,S,3520,2
Europa,True,55 Cancri e,23.0,False,0.0,0.0,0.0,0.0,0.0,True,F,82.0,S,3521,1
Europa,True,TRAPPIST-1e,70.0,False,0.0,0.0,0.0,0.0,0.0,True,B,135.0,S,3521,2
Unknown,True,TRAPPIST-1e,21.0,False,0.0,0.0,0.0,0.0,0.0,True,F,664.0,S,3523,1
Mars,True,TRAPPIST-1e,40.0,False,0.0,0.0,0.0,0.0,0.0,True,F,727.0,P,3525,1
Mars,False,TRAPPIST-1e,18.0,True,733.0,0.0,688.0,1.0,0.0,False,F,729.0,P,3527,1
Earth,False,TRAPPIST-1e,23.0,False,1.0,0.0,778.0,8.0,0.0,True,F,666.0,S,3528,1
Earth,True,TRAPPIST-1e,15.0,False,0.0,0.0,0.0,0.0,0.0,True,G,568.0,S,3530,1
Mars,False,55 Cancri e,28.0,False,809.0,0.0,31.0,733.0,0.0,False,F,731.0,P,3531,1
Mars,True,TRAPPIST-1e,45.0,False,0.0,0.0,0.0,0.0,0.0,True,F,731.0,P,3531,2
Mars,False,TRAPPIST-1e,18.0,False,1749.0,50.0,280.0,2.0,0.0,False,E,211.0,P,3533,1
Earth,False,TRAPPIST-1e,23.0,False,0.0,30.0,0.0,106.0,566.0,False,F,732.0,P,3534,1
Mars,False,TRAPPIST-1e,36.0,False,1304.0,0.0,7.0,18.0,0.0,False,F,82.0,S,3535,1
Mars,True,TRAPPIST-1e,25.0,False,0.0,0.0,0.0,0.0,0.0,True,F,668.0,S,3535,2
Europa,True,55 Cancri e,28.0,False,0.0,0.0,0.0,0.0,0.0,True,A,40.0,S,3536,1
Earth,False,55 Cancri e,29.0,False,0.0,10.0,0.0,0.0,715.0,False,F,733.0,P,3537,1
Earth,False,TRAPPIST-1e,31.0,False,1.0,110.0,274.0,27.0,376.0,False,E,239.0,S,3539,1
Earth,True,PSO J318.5-22,14.0,False,0.0,0.0,0.0,0.0,0.0,True,G,579.0,P,3540,1
Mars,True,TRAPPIST-1e,31.0,False,0.0,0.0,0.0,0.0,0.0,True,F,669.0,S,3542,1
Europa,False,TRAPPIST-1e,39.0,False,0.0,2804.0,0.0,130.0,139.0,True,C,116.0,P,3543,1
Europa,True,55 Cancri e,17.0,False,0.0,0.0,0.0,0.0,0.0,True,C,116.0,P,3543,2
Europa,True,TRAPPIST-1e,56.0,False,0.0,0.0,0.0,0.0,0.0,True,C,116.0,P,3543,3
Earth,False,TRAPPIST-1e,36.0,False,0.0,10.0,0.0,0.0,0.0,False,F,672.0,S,3546,1
Mars,False,55 Cancri e,21.0,False,1099.0,0.0,1820.0,0.0,0.0,False,D,112.0,S,3547,1
Earth,False,TRAPPIST-1e,48.0,False,0.0,1794.0,0.0,0.0,5.0,True,G,580.0,P,3548,1
Earth,True,TRAPPIST-1e,53.0,False,0.0,0.0,0.0,0.0,0.0,False,G,570.0,S,3550,1
Earth,True,PSO J318.5-22,5.0,False,0.0,0.0,0.0,0.0,0.0,False,G,570.0,S,3550,2
Earth,True,TRAPPIST-1e,21.0,False,0.0,0.0,0.0,0.0,0.0,False,G,570.0,S,3550,3
Europa,False,55 Cancri e,50.0,False,4.0,217.0,0.0,2581.0,436.0,False,B,136.0,S,3552,1
Europa,True,TRAPPIST-1e,18.0,False,0.0,0.0,0.0,0.0,0.0,True,B,136.0,S,3552,2
Mars,False,TRAPPIST-1e,28.0,False,3.0,0.0,0.0,327.0,2054.0,False,F,82.0,S,3553,1
Earth,False,TRAPPIST-1e,28.0,False,766.0,0.0,1.0,258.0,26.0,True,F,735.0,P,3555,1
Earth,True,TRAPPIST-1e,18.0,False,0.0,0.0,0.0,0.0,0.0,True,G,572.0,S,3556,1
Mars,False,TRAPPIST-1e,37.0,False,78.0,0.0,0.0,2948.0,0.0,False,D,115.0,P,3558,1
Mars,True,TRAPPIST-1e,19.0,False,0.0,0.0,0.0,0.0,0.0,True,F,737.0,P,3558,2
Mars,False,TRAPPIST-1e,27.0,False,249.0,0.0,65.0,812.0,55.0,False,D,116.0,P,3559,1
Mars,False,PSO J318.5-22,37.0,False,3.0,0.0,800.0,76.0,0.0,True,D,117.0,P,3560,1
Mars,True,TRAPPIST-1e,43.0,False,0.0,0.0,0.0,0.0,0.0,True,F,738.0,P,3561,1
Mars,False,TRAPPIST-1e,17.0,False,1617.0,0.0,1777.0,0.0,0.0,True,D,118.0,P,3561,2
Mars,False,55 Cancri e,21.0,False,2581.0,354.0,1158.0,139.0,548.0,False,E,212.0,P,3562,1
Mars,False,55 Cancri e,55.0,False,14.0,0.0,0.0,3778.0,1.0,False,D,119.0,P,3562,2
Earth,True,TRAPPIST-1e,14.0,False,0.0,0.0,0.0,0.0,0.0,True,G,581.0,P,3563,1
Earth,True,TRAPPIST-1e,24.0,False,0.0,0.0,0.0,0.0,0.0,False,G,582.0,P,3564,1
Earth,True,PSO J318.5-22,26.0,False,0.0,0.0,0.0,0.0,0.0,True,G,583.0,P,3565,1
Earth,False,55 Cancri e,19.0,False,0.0,336.0,508.0,1.0,0.0,True,G,573.0,S,3566,1
Earth,False,TRAPPIST-1e,20.0,False,0.0,0.0,2687.0,35.0,340.0,False,F,739.0,P,3567,1
Earth,False,TRAPPIST-1e,14.0,False,30.0,59.0,0.0,572.0,0.0,False,F,740.0,P,3568,1
Mars,True,TRAPPIST-1e,19.0,False,0.0,0.0,0.0,0.0,0.0,True,F,741.0,P,3569,1
Unknown,False,PSO J318.5-22,15.0,False,85.0,373.0,160.0,5.0,0.0,True,G,574.0,S,3570,1
Earth,False,TRAPPIST-1e,25.0,False,19.0,0.0,0.0,1679.0,0.0,False,G,584.0,P,3572,1
Earth,False,PSO J318.5-22,24.0,False,0.0,33.0,0.0,84.0,1062.0,False,F,673.0,S,3573,1
Earth,False,TRAPPIST-1e,22.0,False,0.0,4.0,0.0,0.0,1267.0,True,F,742.0,P,3576,1
Mars,False,TRAPPIST-1e,26.0,False,1178.0,7.0,0.0,7.0,0.0,False,F,743.0,P,3577,1
Mars,True,55 Cancri e,23.0,False,0.0,0.0,0.0,0.0,0.0,True,F,82.0,S,3578,1
Earth,False,PSO J318.5-22,20.0,False,0.0,0.0,1.0,0.0,2260.0,False,F,675.0,S,3579,1
Earth,False,TRAPPIST-1e,53.0,False,323.0,120.0,14.0,450.0,0.0,True,G,585.0,P,3582,1
Earth,False,TRAPPIST-1e,55.0,False,42.0,4.0,1215.0,0.0,3.0,True,F,676.0,S,3584,1
Earth,False,TRAPPIST-1e,22.0,False,0.0,0.0,0.0,739.0,29.0,False,G,586.0,P,3586,1
Mars,False,TRAPPIST-1e,35.0,False,576.0,0.0,459.0,22.0,0.0,False,D,120.0,P,3588,1
Mars,False,TRAPPIST-1e,40.0,False,787.0,0.0,88.0,0.0,0.0,False,D,120.0,P,3588,2
Earth,False,TRAPPIST-1e,22.0,False,0.0,0.0,0.0,0.0,1609.0,False,E,214.0,P,3591,1
Mars,False,PSO J318.5-22,22.0,False,193.0,1.0,640.0,15.0,30.0,True,D,121.0,P,3592,1
Mars,False,TRAPPIST-1e,21.0,False,354.0,113.0,0.0,487.0,0.0,False,E,215.0,P,3592,2
Earth,True,PSO J318.5-22,64.0,False,0.0,0.0,0.0,0.0,0.0,True,G,588.0,P,3594,1
Europa,True,TRAPPIST-1e,40.0,False,0.0,0.0,0.0,0.0,0.0,True,B,139.0,S,3595,1
Mars,False,TRAPPIST-1e,8.0,False,0.0,0.0,0.0,0.0,0.0,True,F,745.0,P,3596,1
Earth,False,TRAPPIST-1e,25.0,False,0.0,813.0,89.0,12.0,0.0,False,G,589.0,P,3597,1
Earth,False,55 Cancri e,19.0,False,616.0,0.0,46.0,0.0,14.0,False,F,82.0,S,3598,1
Earth,True,TRAPPIST-1e,24.0,False,0.0,0.0,0.0,0.0,0.0,True,G,580.0,S,3600,1
Mars,False,TRAPPIST-1e,11.0,False,0.0,0.0,0.0,0.0,0.0,True,F,678.0,S,3602,1
Earth,True,55 Cancri e,31.0,False,0.0,0.0,0.0,0.0,0.0,True,G,592.0,P,3605,1
Earth,True,TRAPPIST-1e,46.0,False,0.0,0.0,0.0,0.0,0.0,False,G,593.0,P,3606,1
Mars,True,Unknown,31.0,False,0.0,0.0,0.0,0.0,0.0,True,F,747.0,P,3607,1
Europa,True,55 Cancri e,17.0,False,0.0,0.0,0.0,0.0,0.0,True,D,122.0,P,3608,1
Europa,True,TRAPPIST-1e,16.0,False,0.0,0.0,0.0,0.0,0.0,True,D,122.0,P,3608,2
Europa,False,TRAPPIST-1e,57.0,False,0.0,0.0,0.0,0.0,0.0,True,D,122.0,P,3608,3
Europa,False,55 Cancri e,28.0,False,5.0,2052.0,0.0,3340.0,0.0,False,C,118.0,P,3609,1
Europa,False,TRAPPIST-1e,27.0,False,0.0,325.0,0.0,8.0,1622.0,False,C,118.0,P,3609,2
Europa,False,55 Cancri e,28.0,False,0.0,0.0,0.0,0.0,0.0,True,C,118.0,P,3609,3
Europa,True,55 Cancri e,26.0,False,0.0,0.0,0.0,0.0,0.0,True,C,118.0,P,3609,4
Earth,True,Unknown,17.0,False,0.0,0.0,0.0,0.0,0.0,True,G,582.0,S,3610,1
Earth,False,TRAPPIST-1e,36.0,False,5.0,0.0,896.0,0.0,1.0,True,F,680.0,S,3610,2
Earth,False,TRAPPIST-1e,24.0,False,1.0,790.0,0.0,0.0,0.0,True,E,241.0,S,3612,1
Earth,False,TRAPPIST-1e,18.0,False,0.0,733.0,0.0,0.0,0.0,True,F,748.0,P,3613,1
Earth,False,TRAPPIST-1e,20.0,False,2.0,0.0,7.0,2.0,547.0,False,F,749.0,P,3614,1
Earth,False,55 Cancri e,10.0,False,0.0,0.0,0.0,0.0,0.0,False,G,583.0,S,3615,1
Earth,False,TRAPPIST-1e,28.82793046746535,False,2.0,753.0,5.0,0.0,0.0,True,F,682.0,S,3615,2
Earth,True,55 Cancri e,23.0,False,0.0,0.0,0.0,0.0,0.0,True,G,584.0,S,3616,1
Europa,False,TRAPPIST-1e,36.0,False,43.0,2.0,0.0,14.0,16337.0,False,B,114.0,P,3619,1
Europa,True,55 Cancri e,27.0,False,0.0,0.0,0.0,0.0,0.0,True,B,115.0,P,3620,1
Europa,True,55 Cancri e,54.0,False,0.0,0.0,0.0,0.0,0.0,True,C,119.0,P,3622,1
Europa,False,55 Cancri e,38.0,False,0.0,3456.0,0.0,1486.0,1157.0,False,C,119.0,P,3622,2
Unknown,False,TRAPPIST-1e,29.0,False,0.0,0.0,0.0,0.0,0.0,False,G,594.0,P,3624,1
Earth,False,TRAPPIST-1e,37.0,False,0.0,559.0,366.0,0.0,62.0,True,E,216.0,P,3625,1
Earth,True,TRAPPIST-1e,36.0,False,0.0,0.0,0.0,0.0,0.0,True,G,586.0,S,3626,1
Earth,False,55 Cancri e,18.0,False,42.0,103.0,0.0,498.0,0.0,False,F,752.0,P,3628,1
Mars,True,TRAPPIST-1e,28.0,False,0.0,0.0,0.0,0.0,0.0,True,F,753.0,P,3629,1
Earth,False,PSO J318.5-22,61.0,False,0.0,1.0,276.0,410.0,54.0,False,F,754.0,P,3630,1
Earth,False,TRAPPIST-1e,19.0,False,0.0,0.0,0.0,484.0,344.0,False,F,755.0,P,3631,1
Earth,False,TRAPPIST-1e,29.0,False,25.0,692.0,0.0,0.0,1.0,True,E,242.0,S,3634,1
Mars,False,TRAPPIST-1e,37.0,False,1280.0,0.0,1.0,111.0,408.0,False,D,123.0,P,3636,1
Europa,False,TRAPPIST-1e,29.0,False,125.0,5151.0,9.0,1.0,1.0,True,B,140.0,S,3639,1
Earth,False,55 Cancri e,38.0,False,0.0,695.0,0.0,49.0,876.0,False,E,244.0,S,3640,1
Earth,True,TRAPPIST-1e,41.0,False,0.0,0.0,0.0,0.0,0.0,False,G,589.0,S,3640,2
Earth,True,PSO J318.5-22,23.0,False,0.0,0.0,0.0,0.0,0.0,True,G,595.0,P,3641,1
Earth,False,TRAPPIST-1e,48.0,False,0.0,0.0,1.0,0.0,0.0,False,G,595.0,P,3641,2
Earth,False,TRAPPIST-1e,0.0,False,0.0,0.0,0.0,0.0,0.0,True,F,82.0,S,3641,3
Earth,False,TRAPPIST-1e,46.0,False,105.0,335.0,0.0,72.0,388.0,False,F,757.0,P,3642,1
Mars,True,TRAPPIST-1e,36.0,False,0.0,0.0,0.0,0.0,0.0,True,F,686.0,S,3644,1
Mars,True,TRAPPIST-1e,42.0,False,0.0,0.0,0.0,0.0,0.0,True,D,124.0,P,3645,1
Mars,True,TRAPPIST-1e,28.82793046746535,False,0.0,0.0,0.0,0.0,0.0,True,D,124.0,P,3645,2
Mars,True,TRAPPIST-1e,16.0,False,0.0,0.0,0.0,0.0,0.0,True,D,124.0,P,3645,3
Mars,True,TRAPPIST-1e,43.0,False,0.0,0.0,0.0,0.0,0.0,True,D,124.0,P,3645,4
Mars,True,TRAPPIST-1e,40.0,False,0.0,0.0,0.0,0.0,0.0,True,D,124.0,P,3645,5
Europa,True,55 Cancri e,22.0,False,0.0,0.0,0.0,0.0,0.0,True,C,132.0,S,3647,1
Earth,False,PSO J318.5-22,39.0,False,0.0,0.0,0.0,1144.0,0.0,False,F,687.0,S,3648,1
Earth,True,TRAPPIST-1e,37.0,False,0.0,0.0,0.0,0.0,0.0,True,G,596.0,P,3650,1
Earth,True,TRAPPIST-1e,28.0,False,0.0,0.0,0.0,0.0,0.0,False,G,591.0,S,3652,1
Earth,False,TRAPPIST-1e,29.0,False,97.0,0.0,444.0,366.0,0.0,False,G,592.0,S,3653,1
Earth,False,55 Cancri e,14.0,False,1.0,0.0,827.0,0.0,3.0,False,F,689.0,S,3654,1
Earth,False,TRAPPIST-1e,15.0,False,0.0,398.0,0.0,467.0,0.0,False,F,689.0,S,3654,2
Earth,False,TRAPPIST-1e,17.0,False,0.0,432.0,0.0,3003.0,0.0,False,F,690.0,S,3655,1
Earth,True,TRAPPIST-1e,4.0,False,0.0,0.0,0.0,0.0,0.0,True,G,593.0,S,3658,1
Earth,False,TRAPPIST-1e,24.0,False,3.0,2053.0,335.0,0.0,4.0,True,E,245.0,S,3658,2
Earth,False,TRAPPIST-1e,28.82793046746535,False,42.0,0.0,671.0,71.0,0.0,False,G,594.0,S,3660,1
Europa,False,55 Cancri e,22.0,False,0.0,171.0,2233.0,1.0,800.0,True,B,142.0,S,3662,1
Europa,True,55 Cancri e,38.0,False,0.0,0.0,0.0,0.0,0.0,True,B,142.0,S,3662,2
Mars,True,TRAPPIST-1e,30.0,False,0.0,0.0,0.0,0.0,0.0,True,F,691.0,S,3664,1
Earth,True,55 Cancri e,29.0,False,0.0,0.0,0.0,0.0,0.0,True,G,595.0,S,3665,1
Europa,True,55 Cancri e,26.0,False,0.0,0.0,0.0,0.0,0.0,True,A,42.0,S,3667,1
Europa,True,55 Cancri e,41.0,False,0.0,0.0,0.0,0.0,0.0,True,C,120.0,P,3668,1
Earth,False,TRAPPIST-1e,50.0,False,43.0,661.0,1.0,85.0,0.0,False,E,246.0,S,3671,1
Earth,False,55 Cancri e,34.0,False,232.0,457.0,1.0,218.0,0.0,True,G,600.0,S,3674,1
Earth,False,PSO J318.5-22,24.0,False,105.0,0.0,37.0,518.0,0.0,False,F,694.0,S,3677,1
Earth,False,TRAPPIST-1e,24.0,False,0.0,0.0,788.0,0.0,3.0,True,E,247.0,S,3678,1
Europa,False,TRAPPIST-1e,45.0,False,0.0,0.0,0.0,0.0,0.0,False,B,116.0,P,3679,1
Europa,False,55 Cancri e,35.0,False,0.0,388.0,0.0,1792.0,2891.0,False,C,121.0,P,3680,1
Europa,True,55 Cancri e,23.0,False,0.0,0.0,0.0,0.0,0.0,True,C,121.0,P,3680,2
Europa,True,55 Cancri e,23.0,False,0.0,0.0,0.0,0.0,0.0,True,B,144.0,S,3681,1
Europa,False,TRAPPIST-1e,21.0,False,4.0,0.0,137.0,1640.0,455.0,False,B,144.0,S,3681,2
Mars,True,TRAPPIST-1e,19.0,False,0.0,0.0,0.0,0.0,0.0,True,F,761.0,P,3682,1
Earth,False,TRAPPIST-1e,24.0,False,25.0,284.0,0.0,330.0,64.0,False,F,696.0,S,3686,1
Mars,False,55 Cancri e,2.0,False,0.0,0.0,0.0,0.0,0.0,True,F,697.0,S,3688,1
Mars,False,TRAPPIST-1e,0.0,False,0.0,0.0,0.0,0.0,0.0,True,F,697.0,S,3688,2
Mars,True,TRAPPIST-1e,20.0,False,0.0,0.0,0.0,0.0,0.0,True,F,697.0,S,3688,3
Earth,False,TRAPPIST-1e,35.0,False,0.0,30.0,357.0,435.0,0.0,True,F,762.0,P,3690,1
Mars,False,TRAPPIST-1e,34.0,False,1404.0,0.0,4.0,359.0,0.0,False,F,763.0,P,3691,1
Earth,False,TRAPPIST-1e,26.0,False,808.0,60.0,0.0,16.0,3.0,False,G,598.0,P,3692,1
Earth,True,TRAPPIST-1e,26.0,False,0.0,0.0,0.0,0.0,0.0,True,G,603.0,S,3693,1
Europa,True,55 Cancri e,32.0,False,0.0,0.0,0.0,0.0,0.0,True,C,123.0,P,3699,1
Europa,False,55 Cancri e,25.0,False,0.0,17432.0,0.0,241.0,2102.0,True,C,123.0,P,3699,2
Europa,True,55 Cancri e,30.0,False,0.0,0.0,0.0,0.0,0.0,True,C,123.0,P,3699,3
Europa,False,TRAPPIST-1e,57.0,False,0.0,3859.0,13.0,195.0,3874.0,False,C,123.0,P,3699,4
Earth,False,TRAPPIST-1e,23.0,False,58.0,396.0,15.0,0.0,180.0,False,F,767.0,P,3700,1
Mars,True,TRAPPIST-1e,32.0,False,0.0,0.0,0.0,0.0,0.0,False,E,220.0,P,3702,1
Unknown,True,TRAPPIST-1e,27.0,False,0.0,0.0,0.0,0.0,0.0,True,F,768.0,P,3703,1
Mars,False,TRAPPIST-1e,20.0,False,1377.0,267.0,36.0,0.0,0.0,False,F,768.0,P,3703,2
Earth,False,TRAPPIST-1e,21.0,False,120.0,235.0,0.0,0.0,0.0,False,F,699.0,S,3704,1
Earth,False,TRAPPIST-1e,19.0,False,238.0,1.0,28.0,207.0,119.0,False,F,769.0,P,3705,1
Mars,False,TRAPPIST-1e,16.0,False,424.0,0.0,246.0,370.0,0.0,False,F,770.0,P,3706,1
Mars,False,TRAPPIST-1e,18.0,False,131.0,0.0,980.0,1.0,0.0,True,F,770.0,P,3706,2
Earth,False,TRAPPIST-1e,18.0,False,622.0,53.0,8.0,47.0,39.0,False,G,604.0,S,3707,1
Earth,False,Unknown,22.0,False,0.0,0.0,889.0,0.0,0.0,True,G,604.0,S,3707,2
Earth,True,55 Cancri e,28.82793046746535,False,0.0,0.0,0.0,0.0,0.0,True,G,600.0,P,3708,1
Earth,False,55 Cancri e,35.0,False,432.0,0.0,377.0,0.0,0.0,False,G,601.0,P,3710,1
Earth,False,TRAPPIST-1e,8.0,False,0.0,0.0,0.0,0.0,0.0,False,G,601.0,P,3710,2
Earth,True,55 Cancri e,5.0,False,0.0,0.0,0.0,0.0,0.0,False,G,601.0,P,3710,3
Mars,True,TRAPPIST-1e,40.0,False,0.0,0.0,0.0,0.0,0.0,True,F,700.0,S,3711,1
Mars,False,TRAPPIST-1e,31.0,False,3471.0,0.0,232.0,0.0,0.0,False,F,700.0,S,3711,2
Mars,True,TRAPPIST-1e,9.0,False,0.0,0.0,0.0,0.0,0.0,True,F,700.0,S,3711,3
Europa,True,TRAPPIST-1e,56.0,False,0.0,0.0,0.0,0.0,0.0,True,C,133.0,S,3713,1
Europa,True,55 Cancri e,39.0,False,0.0,0.0,0.0,0.0,0.0,True,C,133.0,S,3713,2
Europa,True,TRAPPIST-1e,18.0,False,0.0,0.0,0.0,0.0,0.0,True,C,133.0,S,3713,3
Mars,False,TRAPPIST-1e,45.0,False,48.0,1652.0,761.0,138.0,0.0,False,F,702.0,S,3714,1
Mars,False,PSO J318.5-22,33.0,False,33.0,397.0,354.0,0.0,0.0,False,D,116.0,S,3714,2
Earth,True,PSO J318.5-22,2.0,False,0.0,0.0,0.0,0.0,0.0,False,G,602.0,P,3715,1
Earth,True,TRAPPIST-1e,1.0,False,0.0,0.0,0.0,0.0,0.0,False,G,602.0,P,3715,2
Earth,False,TRAPPIST-1e,2.0,False,0.0,0.0,0.0,0.0,0.0,True,G,602.0,P,3715,3
Earth,True,TRAPPIST-1e,16.0,False,0.0,0.0,0.0,0.0,0.0,False,G,602.0,P,3715,4
Earth,False,TRAPPIST-1e,18.0,False,18.0,2.0,1769.0,1.0,2.0,True,G,603.0,P,3716,1
Mars,False,TRAPPIST-1e,28.0,True,1193.0,0.0,2509.0,0.0,0.0,False,F,82.0,S,3719,1
Mars,True,TRAPPIST-1e,45.0,False,0.0,0.0,0.0,0.0,0.0,True,F,704.0,S,3719,2
Earth,True,TRAPPIST-1e,24.0,False,0.0,0.0,0.0,0.0,0.0,True,G,609.0,S,3724,1
Earth,True,TRAPPIST-1e,35.0,False,0.0,0.0,0.0,0.0,0.0,True,G,604.0,P,3726,1
Earth,True,PSO J318.5-22,16.0,False,0.0,0.0,0.0,0.0,0.0,True,G,612.0,S,3728,1
Earth,True,PSO J318.5-22,40.0,False,0.0,0.0,0.0,0.0,0.0,True,G,605.0,P,3729,1
Europa,True,55 Cancri e,5.0,False,0.0,0.0,0.0,0.0,0.0,True,A,43.0,S,3732,1
Europa,False,TRAPPIST-1e,29.0,False,0.0,8444.0,0.0,2989.0,8735.0,False,A,43.0,S,3732,2
Europa,True,TRAPPIST-1e,31.0,False,0.0,0.0,0.0,0.0,0.0,True,A,43.0,S,3732,3
Europa,False,55 Cancri e,27.0,False,3340.0,588.0,0.0,173.0,71.0,False,A,43.0,S,3732,4
Europa,False,TRAPPIST-1e,34.0,True,0.0,4.0,0.0,685.0,1779.0,False,D,118.0,S,3733,1
Earth,True,PSO J318.5-22,15.0,False,0.0,0.0,0.0,0.0,0.0,True,G,606.0,P,3734,1
Europa,False,TRAPPIST-1e,43.0,False,2.0,3846.0,0.0,3.0,346.0,True,D,119.0,S,3735,1
Europa,False,55 Cancri e,30.0,False,0.0,787.0,116.0,1924.0,2.0,False,D,119.0,S,3735,2
Europa,False,TRAPPIST-1e,61.0,False,328.0,5193.0,0.0,20.0,533.0,True,B,145.0,S,3736,1
Earth,False,TRAPPIST-1e,48.0,False,0.0,0.0,632.0,250.0,0.0,False,G,614.0,S,3737,1
Earth,True,55 Cancri e,17.0,False,0.0,0.0,0.0,0.0,0.0,True,G,614.0,S,3737,2
Earth,False,TRAPPIST-1e,19.0,False,0.0,312.0,2.0,76.0,418.0,False,G,615.0,S,3739,1
Europa,True,TRAPPIST-1e,29.0,False,0.0,0.0,0.0,0.0,0.0,True,B,117.0,P,3741,1
Earth,True,55 Cancri e,2.0,False,0.0,0.0,0.0,0.0,0.0,False,G,607.0,P,3742,1
Earth,True,TRAPPIST-1e,24.0,False,0.0,0.0,0.0,0.0,0.0,True,G,607.0,P,3742,2
Earth,False,TRAPPIST-1e,19.0,False,0.0,827.0,5.0,55.0,0.0,False,G,616.0,S,3743,1
Mars,False,PSO J318.5-22,34.0,True,0.0,490.0,869.0,0.0,0.0,True,E,249.0,S,3744,1
Earth,False,TRAPPIST-1e,19.0,False,0.0,2.0,14.0,755.0,0.0,False,G,608.0,P,3745,1
Europa,False,TRAPPIST-1e,39.0,False,0.0,2576.0,0.0,234.0,237.0,False,B,118.0,P,3747,1
Europa,True,TRAPPIST-1e,26.0,False,0.0,0.0,0.0,0.0,0.0,True,B,118.0,P,3747,2
Europa,False,TRAPPIST-1e,53.0,False,0.0,3377.0,0.0,193.0,5563.0,False,B,118.0,P,3747,3
Europa,True,55 Cancri e,18.0,False,0.0,0.0,0.0,0.0,0.0,True,B,118.0,P,3747,4
Mars,True,TRAPPIST-1e,28.82793046746535,False,0.0,0.0,0.0,0.0,0.0,True,F,774.0,P,3748,1
Europa,True,55 Cancri e,45.0,False,0.0,0.0,0.0,0.0,0.0,True,B,119.0,P,3749,1
Europa,True,TRAPPIST-1e,32.0,False,0.0,0.0,0.0,0.0,0.0,True,B,119.0,P,3749,2
Earth,False,TRAPPIST-1e,18.0,False,64.0,0.0,3.0,3440.0,5.0,False,F,775.0,P,3750,1
Earth,False,TRAPPIST-1e,48.0,False,396.0,0.0,0.0,0.0,297.0,False,G,610.0,P,3750,2
Earth,False,TRAPPIST-1e,24.0,False,0.0,274.0,594.0,35.0,658.0,True,F,82.0,S,3751,1
Europa,False,TRAPPIST-1e,52.0,False,0.0,5.0,0.0,108.0,1788.0,False,D,120.0,S,3752,1
Earth,False,55 Cancri e,55.0,False,0.0,519.0,131.0,63.0,3.0,False,F,776.0,P,3753,1
Earth,True,TRAPPIST-1e,43.0,False,0.0,0.0,0.0,0.0,0.0,True,G,611.0,P,3754,1
Earth,True,TRAPPIST-1e,24.0,False,0.0,0.0,0.0,0.0,0.0,False,F,82.0,S,3755,1
Earth,True,PSO J318.5-22,8.0,False,0.0,0.0,0.0,0.0,0.0,False,G,612.0,P,3755,2
Mars,True,TRAPPIST-1e,18.0,False,0.0,0.0,0.0,0.0,0.0,True,F,707.0,S,3756,1
Earth,True,TRAPPIST-1e,38.0,False,0.0,0.0,0.0,0.0,0.0,True,G,617.0,S,3757,1
Earth,False,TRAPPIST-1e,18.0,False,381.0,4.0,0.0,0.0,368.0,False,G,618.0,S,3758,1
Earth,True,PSO J318.5-22,23.0,False,0.0,0.0,0.0,0.0,0.0,True,G,618.0,S,3758,2
Earth,True,TRAPPIST-1e,26.0,False,0.0,0.0,0.0,0.0,0.0,True,G,619.0,S,3759,1
Earth,True,PSO J318.5-22,21.0,False,0.0,0.0,0.0,0.0,0.0,True,G,613.0,P,3760,1
Unknown,False,55 Cancri e,45.0,False,824.0,2196.0,385.0,19.0,1113.0,True,E,222.0,P,3761,1
Mars,True,TRAPPIST-1e,24.0,False,0.0,0.0,0.0,0.0,0.0,True,F,709.0,S,3765,1
Europa,False,55 Cancri e,44.0,False,0.0,280.0,112.0,0.0,9244.0,False,B,146.0,S,3767,1
Earth,False,TRAPPIST-1e,20.0,False,0.0,0.0,717.0,0.0,0.0,True,F,710.0,S,3768,1
Mars,False,TRAPPIST-1e,47.0,False,1037.0,0.0,258.0,4.0,0.0,False,E,251.0,S,3769,1
Earth,True,TRAPPIST-1e,16.0,False,0.0,0.0,0.0,0.0,0.0,True,G,615.0,P,3770,1
Europa,False,TRAPPIST-1e,28.0,False,80.0,828.0,0.0,4494.0,4269.0,False,B,120.0,P,3771,1
Earth,False,55 Cancri e,8.0,False,0.0,0.0,0.0,0.0,0.0,True,G,616.0,P,3772,1
Earth,False,TRAPPIST-1e,20.0,False,0.0,0.0,422.0,0.0,0.0,True,F,777.0,P,3772,2
Earth,False,PSO J318.5-22,22.0,False,2.0,257.0,348.0,2.0,0.0,True,F,711.0,S,3773,1
Earth,False,TRAPPIST-1e,42.0,False,55.0,0.0,1503.0,0.0,0.0,True,F,711.0,S,3773,2
Earth,False,PSO J318.5-22,23.0,False,0.0,552.0,44.0,0.0,661.0,True,F,711.0,S,3773,3
Earth,False,TRAPPIST-1e,30.0,False,513.0,0.0,0.0,0.0,317.0,False,F,778.0,P,3774,1
Earth,True,TRAPPIST-1e,18.0,False,0.0,0.0,0.0,0.0,0.0,False,G,617.0,P,3774,2
Earth,False,TRAPPIST-1e,35.0,False,227.0,117.0,394.0,9.0,56.0,False,F,778.0,P,3774,3
Mars,True,TRAPPIST-1e,42.0,False,0.0,0.0,0.0,0.0,0.0,True,F,712.0,S,3775,1
Mars,True,TRAPPIST-1e,46.0,False,0.0,0.0,0.0,0.0,0.0,True,F,712.0,S,3775,2
Europa,False,TRAPPIST-1e,29.0,False,2.0,407.0,4509.0,1433.0,9.0,True,C,134.0,S,3776,1
Europa,True,55 Cancri e,35.0,False,0.0,0.0,0.0,0.0,0.0,True,B,147.0,S,3777,1
Earth,False,TRAPPIST-1e,48.0,False,0.0,21.0,0.0,0.0,786.0,True,F,713.0,S,3778,1
Earth,False,TRAPPIST-1e,24.0,False,1.0,677.0,13.0,10.0,0.0,True,F,714.0,S,3779,1
Europa,False,TRAPPIST-1e,38.0,False,821.0,960.0,0.0,27.0,321.0,False,A,44.0,S,3781,1
Earth,False,55 Cancri e,51.0,False,183.0,0.0,1.0,0.0,1103.0,False,F,780.0,P,3783,1
Earth,False,TRAPPIST-1e,77.0,False,0.0,0.0,131.0,3981.0,108.0,False,G,618.0,P,3784,1
Earth,True,TRAPPIST-1e,22.0,False,0.0,0.0,0.0,0.0,0.0,False,G,619.0,P,3785,1
Mars,False,TRAPPIST-1e,38.0,True,0.0,0.0,1355.0,0.0,0.0,False,E,252.0,S,3786,1
Mars,False,TRAPPIST-1e,42.0,False,913.0,4.0,1.0,1465.0,0.0,False,D,121.0,S,3786,2
Mars,True,TRAPPIST-1e,55.0,False,0.0,0.0,0.0,0.0,0.0,True,F,716.0,S,3787,1
Mars,False,TRAPPIST-1e,7.0,False,0.0,0.0,0.0,0.0,0.0,True,F,716.0,S,3787,2
Mars,False,TRAPPIST-1e,28.82793046746535,False,132.0,75.0,849.0,0.0,0.0,True,D,122.0,S,3787,3
Mars,False,TRAPPIST-1e,25.0,False,519.0,0.0,284.0,0.0,0.0,False,D,127.0,P,3788,1
Earth,True,TRAPPIST-1e,15.0,False,0.0,0.0,0.0,0.0,0.0,True,G,620.0,S,3789,1
Unknown,True,TRAPPIST-1e,13.0,False,0.0,0.0,0.0,0.0,0.0,True,G,620.0,P,3790,1
Earth,True,55 Cancri e,23.0,False,0.0,0.0,0.0,0.0,0.0,True,G,622.0,S,3793,1
Europa,True,55 Cancri e,28.82793046746535,False,0.0,0.0,0.0,0.0,0.0,True,C,136.0,S,3795,1
Europa,False,55 Cancri e,33.0,False,90.0,26830.0,0.0,27.0,703.0,True,B,121.0,P,3796,1
Europa,False,TRAPPIST-1e,26.0,False,0.0,0.0,0.0,0.0,0.0,False,B,122.0,P,3797,1
Europa,True,TRAPPIST-1e,67.0,False,0.0,0.0,0.0,0.0,0.0,True,E,253.0,S,3798,1
Earth,False,55 Cancri e,27.0,False,0.0,0.0,0.0,36.0,437.0,False,G,622.0,P,3801,1
Mars,False,TRAPPIST-1e,33.0,False,25.0,0.0,1376.0,604.0,0.0,False,F,782.0,P,3803,1
Earth,False,TRAPPIST-1e,18.0,False,0.0,17.0,0.0,0.0,784.0,False,F,783.0,P,3804,1
Earth,False,TRAPPIST-1e,36.0,False,357.0,0.0,114.0,0.0,0.0,False,F,784.0,P,3805,1
Earth,True,TRAPPIST-1e,18.0,False,0.0,0.0,0.0,0.0,0.0,True,G,623.0,S,3807,1
Earth,False,TRAPPIST-1e,51.0,False,406.0,0.0,53.0,0.0,350.0,False,G,624.0,S,3810,1
Mars,True,TRAPPIST-1e,54.0,False,0.0,0.0,0.0,0.0,0.0,True,F,786.0,P,3811,1
Mars,False,TRAPPIST-1e,33.0,False,3361.0,0.0,13.0,15.0,0.0,False,D,128.0,P,3811,2
Earth,False,TRAPPIST-1e,18.0,False,14.0,651.0,11.0,17.0,0.0,False,F,717.0,S,3812,1
Europa,True,TRAPPIST-1e,57.0,False,0.0,0.0,0.0,0.0,0.0,True,D,129.0,P,3814,1
Earth,False,TRAPPIST-1e,23.0,False,0.0,0.0,0.0,724.0,80.0,False,F,787.0,P,3815,1
Earth,False,TRAPPIST-1e,24.0,False,58.0,0.0,4.0,789.0,54.0,False,E,225.0,P,3816,1
Mars,False,TRAPPIST-1e,20.0,False,984.0,1.0,921.0,0.0,0.0,False,E,226.0,P,3817,1
Earth,False,TRAPPIST-1e,32.0,False,0.0,600.0,80.0,0.0,18.0,False,F,82.0,S,3818,1
Mars,True,TRAPPIST-1e,21.0,False,0.0,0.0,0.0,0.0,0.0,True,F,790.0,P,3820,1
Earth,False,PSO J318.5-22,28.82793046746535,False,0.0,2.0,0.0,0.0,867.0,False,F,82.0,S,3821,1
Earth,False,PSO J318.5-22,41.0,False,0.0,122.0,0.0,104.0,486.0,False,F,718.0,S,3822,1
Mars,False,TRAPPIST-1e,27.0,False,1192.0,0.0,0.0,0.0,0.0,True,F,719.0,S,3823,1
Earth,False,PSO J318.5-22,49.0,False,0.0,51.0,101.0,50.0,0.0,True,G,625.0,S,3824,1
Unknown,False,TRAPPIST-1e,18.0,False,0.0,0.0,0.0,1565.0,224.0,False,G,626.0,S,3826,1
Earth,False,55 Cancri e,34.0,False,71.0,0.0,242.0,393.0,0.0,False,G,627.0,S,3830,1
Mars,False,TRAPPIST-1e,73.0,False,799.0,0.0,190.0,68.0,0.0,False,D,123.0,S,3831,1
Earth,False,TRAPPIST-1e,40.0,False,1387.0,614.0,1564.0,5.0,0.0,False,G,627.0,P,3832,1
Earth,False,PSO J318.5-22,63.0,False,1.0,897.0,0.0,0.0,8.0,False,E,255.0,S,3835,1
Mars,False,TRAPPIST-1e,21.0,False,1060.0,0.0,91.0,0.0,0.0,True,F,723.0,S,3836,1
Earth,False,TRAPPIST-1e,21.0,False,28.0,580.0,0.0,0.0,236.0,True,E,227.0,P,3838,1
Mars,False,TRAPPIST-1e,23.0,False,418.0,4.0,627.0,0.0,0.0,False,E,228.0,P,3839,1
Mars,False,TRAPPIST-1e,31.0,False,1049.0,31.0,227.0,2.0,0.0,False,F,793.0,P,3841,1
Earth,False,55 Cancri e,41.0,False,312.0,89.0,44.0,0.0,252.0,False,F,794.0,P,3842,1
Earth,True,TRAPPIST-1e,15.0,False,0.0,0.0,0.0,0.0,0.0,True,G,630.0,P,3846,1
Europa,False,TRAPPIST-1e,36.0,False,90.0,2050.0,0.0,15.0,1244.0,False,C,126.0,P,3847,1
Earth,False,TRAPPIST-1e,24.0,False,4.0,314.0,0.0,0.0,428.0,False,F,795.0,P,3848,1
Earth,False,TRAPPIST-1e,27.0,False,0.0,253.0,0.0,79.0,421.0,False,G,631.0,P,3849,1
Europa,False,55 Cancri e,24.0,False,38.0,257.0,0.0,54.0,4184.0,False,C,137.0,S,3850,1
Europa,True,55 Cancri e,19.0,False,0.0,0.0,0.0,0.0,0.0,True,C,137.0,S,3850,2
Europa,False,TRAPPIST-1e,25.0,False,0.0,6130.0,0.0,36.0,1.0,True,C,137.0,S,3850,3
Europa,True,55 Cancri e,39.0,False,0.0,0.0,0.0,0.0,0.0,True,C,137.0,S,3850,4
Europa,True,TRAPPIST-1e,15.0,False,0.0,0.0,0.0,0.0,0.0,True,C,137.0,S,3850,5
Europa,False,TRAPPIST-1e,31.0,False,0.0,1565.0,0.0,97.0,1678.0,True,C,137.0,S,3850,6
Europa,True,55 Cancri e,25.0,False,0.0,0.0,0.0,0.0,0.0,True,C,137.0,S,3850,7
Europa,False,TRAPPIST-1e,57.0,False,205.0,4415.0,0.0,1589.0,305.0,False,C,127.0,P,3851,1
Mars,True,TRAPPIST-1e,28.82793046746535,False,0.0,0.0,0.0,0.0,0.0,True,F,796.0,P,3852,1
Earth,False,PSO J318.5-22,18.0,False,16.0,6.0,735.0,0.0,0.0,True,F,725.0,S,3853,1
Earth,True,TRAPPIST-1e,33.0,False,0.0,0.0,0.0,0.0,0.0,True,G,632.0,P,3854,1
Earth,False,Unknown,23.0,False,339.0,754.0,7.0,0.0,0.0,True,F,726.0,S,3856,1
Europa,True,55 Cancri e,34.0,False,0.0,0.0,0.0,0.0,0.0,True,E,230.0,P,3857,1
Mars,True,55 Cancri e,38.0,False,0.0,0.0,0.0,0.0,0.0,True,F,729.0,S,3862,1
Mars,False,TRAPPIST-1e,21.0,False,2627.0,0.0,597.0,0.0,0.0,True,E,256.0,S,3862,2
Mars,True,TRAPPIST-1e,31.0,False,0.0,0.0,0.0,0.0,0.0,False,E,256.0,S,3862,3
Mars,False,TRAPPIST-1e,13.0,False,974.0,0.0,1883.0,0.0,505.0,False,D,124.0,S,3862,4
Mars,False,TRAPPIST-1e,54.0,False,149.0,981.0,215.0,0.0,0.0,True,F,729.0,S,3862,5
Mars,False,TRAPPIST-1e,13.0,False,1008.0,667.0,8.0,0.0,0.0,False,F,729.0,S,3862,6
Mars,False,TRAPPIST-1e,18.0,False,12.0,0.0,1105.0,658.0,16.0,False,D,124.0,S,3862,7
Europa,True,TRAPPIST-1e,28.82793046746535,False,0.0,0.0,0.0,0.0,0.0,True,D,125.0,S,3864,1
Unknown,False,TRAPPIST-1e,43.0,False,0.0,0.0,7.0,0.0,963.0,False,F,797.0,P,3866,1
Earth,False,TRAPPIST-1e,56.0,False,3.0,0.0,768.0,0.0,0.0,True,F,798.0,P,3867,1
Earth,False,TRAPPIST-1e,63.0,False,1540.0,0.0,0.0,0.0,1.0,False,F,731.0,S,3868,1
Earth,False,TRAPPIST-1e,9.0,False,0.0,0.0,0.0,0.0,0.0,True,G,630.0,S,3868,2
Earth,False,Unknown,9.0,False,0.0,0.0,0.0,0.0,0.0,False,G,630.0,S,3868,3
Earth,False,TRAPPIST-1e,0.0,False,0.0,0.0,0.0,0.0,0.0,True,G,630.0,S,3868,4
Earth,False,55 Cancri e,16.0,False,0.0,0.0,623.0,40.0,209.0,True,F,731.0,S,3868,5
Earth,True,TRAPPIST-1e,42.0,False,0.0,0.0,0.0,0.0,0.0,True,G,630.0,S,3868,6
Earth,True,TRAPPIST-1e,9.0,False,0.0,0.0,0.0,0.0,0.0,False,G,630.0,S,3868,7
Europa,True,55 Cancri e,22.0,False,0.0,0.0,0.0,0.0,0.0,True,B,148.0,S,3870,1
Europa,True,55 Cancri e,47.0,False,0.0,0.0,0.0,0.0,0.0,True,B,149.0,S,3871,1
Mars,True,TRAPPIST-1e,30.0,False,0.0,0.0,0.0,0.0,0.0,True,F,799.0,P,3872,1
Earth,False,TRAPPIST-1e,29.0,False,2478.0,0.0,31.0,4.0,11.0,False,F,800.0,P,3873,1
Earth,False,TRAPPIST-1e,28.82793046746535,False,86.0,218.0,0.0,0.0,479.0,False,G,631.0,S,3874,1
Earth,False,TRAPPIST-1e,22.0,False,158.0,1556.0,1189.0,845.0,96.0,True,E,258.0,S,3874,2
Earth,False,TRAPPIST-1e,19.0,False,0.0,0.0,3.0,785.0,0.0,False,E,232.0,P,3875,1
Mars,False,55 Cancri e,31.0,False,796.0,0.0,70.0,595.0,0.0,False,F,801.0,P,3879,1
Europa,True,55 Cancri e,17.0,False,0.0,0.0,0.0,0.0,0.0,True,B,150.0,S,3883,1
Europa,False,TRAPPIST-1e,38.0,False,0.0,3060.0,0.0,4.0,2325.0,False,B,150.0,S,3883,2
Europa,True,55 Cancri e,13.0,False,0.0,0.0,0.0,0.0,0.0,True,B,150.0,S,3883,3
Earth,True,PSO J318.5-22,36.0,False,0.0,0.0,0.0,0.0,0.0,True,G,633.0,P,3886,1
Earth,False,Unknown,0.0,False,0.0,0.0,0.0,0.0,0.0,True,G,633.0,S,3888,1
Earth,True,TRAPPIST-1e,21.0,False,0.0,0.0,0.0,0.0,0.0,True,G,634.0,S,3890,1
Earth,False,PSO J318.5-22,18.0,False,0.0,525.0,0.0,0.0,84.0,True,F,735.0,S,3894,1
Mars,True,TRAPPIST-1e,36.0,False,0.0,0.0,0.0,0.0,0.0,False,E,233.0,P,3895,1
Mars,False,TRAPPIST-1e,27.0,False,847.0,0.0,4.0,0.0,1.0,False,E,233.0,P,3895,2
Mars,False,TRAPPIST-1e,5.0,False,0.0,0.0,0.0,0.0,0.0,True,E,233.0,P,3895,3
Unknown,False,55 Cancri e,18.0,False,0.0,4387.0,0.0,2241.0,0.0,True,C,140.0,S,3896,1
Earth,True,TRAPPIST-1e,25.0,False,0.0,0.0,0.0,0.0,0.0,False,G,635.0,P,3897,1
Earth,True,TRAPPIST-1e,14.0,False,0.0,0.0,0.0,0.0,0.0,True,G,636.0,S,3898,1
Europa,True,TRAPPIST-1e,23.0,False,0.0,0.0,0.0,0.0,0.0,True,E,234.0,P,3899,1
Earth,False,55 Cancri e,2.0,False,0.0,0.0,0.0,0.0,0.0,False,G,636.0,P,3903,1
Earth,True,TRAPPIST-1e,1.0,False,0.0,0.0,0.0,0.0,0.0,False,G,636.0,P,3903,2
Earth,True,55 Cancri e,7.0,False,0.0,0.0,0.0,0.0,0.0,True,G,636.0,P,3903,3
Earth,False,PSO J318.5-22,6.0,False,0.0,0.0,0.0,0.0,0.0,False,G,636.0,P,3903,4
Earth,False,TRAPPIST-1e,56.0,False,967.0,0.0,0.0,3.0,0.0,False,F,804.0,P,3903,5
Earth,True,55 Cancri e,4.0,False,0.0,0.0,0.0,0.0,0.0,True,G,636.0,P,3903,6
Earth,False,TRAPPIST-1e,65.0,False,0.0,0.0,0.0,0.0,909.0,False,G,637.0,S,3904,1
Earth,True,TRAPPIST-1e,36.0,False,0.0,0.0,0.0,0.0,0.0,True,G,639.0,S,3907,1
Europa,True,TRAPPIST-1e,25.0,False,0.0,0.0,0.0,0.0,0.0,True,C,141.0,S,3909,1
Unknown,False,TRAPPIST-1e,41.0,False,6.0,1.0,11.0,1046.0,0.0,False,F,736.0,S,3911,1
Earth,False,TRAPPIST-1e,20.0,False,9.0,0.0,1462.0,94.0,54.0,True,E,260.0,S,3911,2
Earth,True,PSO J318.5-22,18.0,False,0.0,0.0,0.0,0.0,0.0,True,G,640.0,S,3911,3
Earth,False,TRAPPIST-1e,15.0,False,309.0,28.0,496.0,20.0,49.0,True,F,737.0,S,3912,1
Earth,False,Unknown,23.0,False,0.0,93.0,1.0,0.0,542.0,False,F,738.0,S,3913,1
Earth,False,PSO J318.5-22,29.0,False,0.0,2.0,553.0,44.0,0.0,False,F,738.0,S,3913,2
Earth,True,TRAPPIST-1e,33.0,False,0.0,0.0,0.0,0.0,0.0,True,G,641.0,S,3915,1
Europa,False,TRAPPIST-1e,14.0,False,2.0,881.0,0.0,578.0,214.0,False,D,128.0,S,3916,1
Europa,True,55 Cancri e,55.0,False,0.0,0.0,0.0,0.0,0.0,True,D,128.0,S,3916,2
Europa,False,TRAPPIST-1e,30.0,False,0.0,690.0,0.0,49.0,2264.0,False,B,124.0,P,3917,1
Earth,False,TRAPPIST-1e,21.0,False,0.0,0.0,0.0,65.0,480.0,False,F,806.0,P,3919,1
Earth,False,TRAPPIST-1e,26.0,False,35.0,42.0,711.0,0.0,0.0,True,E,262.0,S,3921,1
Earth,True,PSO J318.5-22,33.0,False,0.0,0.0,0.0,0.0,0.0,True,G,641.0,P,3922,1
Earth,False,TRAPPIST-1e,18.0,False,95.0,0.0,0.0,13.0,622.0,False,F,808.0,P,3923,1
Earth,True,TRAPPIST-1e,9.0,False,0.0,0.0,0.0,0.0,0.0,True,G,642.0,P,3923,2
Earth,True,55 Cancri e,0.0,False,0.0,0.0,0.0,0.0,0.0,True,G,642.0,P,3923,3
Earth,False,55 Cancri e,19.0,False,0.0,47.0,0.0,263.0,384.0,True,E,263.0,S,3924,1
Earth,False,TRAPPIST-1e,18.0,False,716.0,0.0,0.0,0.0,0.0,False,F,810.0,P,3926,1
Europa,False,55 Cancri e,38.0,False,55.0,1258.0,0.0,650.0,10786.0,False,C,142.0,S,3927,1
Europa,False,55 Cancri e,42.0,False,0.0,1249.0,0.0,1313.0,1148.0,True,C,142.0,S,3927,2
Europa,False,Unknown,28.0,False,3.0,1300.0,0.0,1250.0,1148.0,False,E,264.0,S,3928,1
Europa,True,55 Cancri e,37.0,False,0.0,0.0,0.0,0.0,0.0,True,E,264.0,S,3928,2
Earth,False,55 Cancri e,29.0,False,0.0,0.0,0.0,1819.0,1.0,False,F,740.0,S,3930,1
Earth,False,55 Cancri e,42.0,False,0.0,218.0,0.0,481.0,2.0,False,F,811.0,P,3931,1
Mars,False,TRAPPIST-1e,18.0,False,659.0,0.0,2316.0,0.0,23.0,True,E,265.0,S,3932,1
Mars,False,55 Cancri e,34.0,False,2.0,0.0,805.0,29.0,0.0,True,D,129.0,S,3932,2
Earth,True,55 Cancri e,34.0,False,0.0,0.0,0.0,0.0,0.0,True,G,642.0,S,3933,1
Earth,True,PSO J318.5-22,18.0,False,0.0,0.0,0.0,0.0,0.0,False,G,643.0,S,3935,1
Earth,False,TRAPPIST-1e,24.0,False,3537.0,0.0,0.0,0.0,0.0,False,G,644.0,S,3936,1
Earth,False,TRAPPIST-1e,24.0,False,45.0,588.0,5.0,7.0,0.0,True,F,742.0,S,3937,1
Mars,True,Unknown,56.0,False,0.0,0.0,0.0,0.0,0.0,True,F,743.0,S,3938,1
Mars,True,TRAPPIST-1e,2.0,False,0.0,0.0,0.0,0.0,0.0,True,F,743.0,S,3938,2
Mars,True,TRAPPIST-1e,12.0,False,0.0,0.0,0.0,0.0,0.0,True,F,743.0,S,3938,3
Earth,False,TRAPPIST-1e,37.0,False,772.0,0.0,840.0,1.0,5.0,False,E,237.0,P,3939,1
Mars,False,TRAPPIST-1e,60.0,True,2739.0,0.0,0.0,0.0,0.0,False,D,132.0,P,3940,1
Earth,True,TRAPPIST-1e,55.0,False,0.0,0.0,0.0,0.0,0.0,False,G,643.0,P,3941,1
Earth,True,PSO J318.5-22,20.0,False,0.0,0.0,0.0,0.0,0.0,False,G,645.0,S,3942,1
Mars,False,TRAPPIST-1e,28.0,False,629.0,0.0,659.0,607.0,0.0,False,F,745.0,S,3944,1
Earth,True,TRAPPIST-1e,28.0,False,0.0,0.0,0.0,0.0,0.0,False,G,644.0,P,3945,1
Mars,False,TRAPPIST-1e,37.0,False,14.0,0.0,91.0,1203.0,0.0,False,F,812.0,P,3946,1
Earth,False,TRAPPIST-1e,18.0,False,325.0,0.0,477.0,50.0,5.0,False,F,814.0,P,3948,1
Earth,False,TRAPPIST-1e,14.0,False,781.0,0.0,1.0,4.0,1.0,False,E,238.0,P,3949,1
Europa,False,TRAPPIST-1e,29.0,False,3478.0,11153.0,15.0,203.0,15.0,True,C,143.0,S,3950,1
Earth,False,TRAPPIST-1e,51.0,False,0.0,0.0,0.0,544.0,12.0,False,F,746.0,S,3952,1
Earth,True,TRAPPIST-1e,45.0,False,0.0,0.0,0.0,0.0,0.0,False,G,647.0,S,3954,1
Earth,True,TRAPPIST-1e,45.0,False,0.0,0.0,0.0,0.0,0.0,True,G,648.0,S,3955,1
Mars,False,TRAPPIST-1e,41.0,False,1144.0,12.0,14.0,22.0,0.0,False,F,747.0,S,3958,1
Earth,False,TRAPPIST-1e,21.0,False,0.0,80.0,255.0,0.0,5190.0,False,G,646.0,P,3959,1
Earth,False,TRAPPIST-1e,28.0,False,653.0,0.0,0.0,0.0,20.0,False,F,817.0,P,3959,2
Earth,True,55 Cancri e,0.0,False,0.0,0.0,0.0,0.0,0.0,True,G,646.0,P,3959,3
Earth,False,TRAPPIST-1e,46.0,False,0.0,0.0,0.0,0.0,880.0,False,F,748.0,S,3960,1
Mars,True,TRAPPIST-1e,41.0,False,0.0,0.0,0.0,0.0,0.0,True,F,749.0,S,3961,1
Earth,False,55 Cancri e,13.0,False,0.0,0.0,0.0,0.0,0.0,True,G,647.0,P,3962,1
Earth,False,PSO J318.5-22,55.0,False,0.0,1203.0,0.0,0.0,446.0,False,E,239.0,P,3962,2
Earth,False,PSO J318.5-22,20.0,False,0.0,0.0,0.0,0.0,0.0,True,G,648.0,P,3963,1
Earth,True,TRAPPIST-1e,21.0,False,0.0,0.0,0.0,0.0,0.0,True,G,650.0,S,3964,1
Earth,False,TRAPPIST-1e,49.0,False,324.0,275.0,0.0,0.0,0.0,False,F,818.0,P,3966,1
Earth,False,TRAPPIST-1e,27.0,False,0.0,0.0,1020.0,0.0,0.0,True,G,649.0,P,3966,2
Earth,False,TRAPPIST-1e,0.0,False,0.0,0.0,0.0,0.0,0.0,True,G,649.0,P,3966,3
Mars,False,TRAPPIST-1e,22.0,False,886.0,55.0,0.0,0.0,0.0,False,F,819.0,P,3967,1
Earth,True,TRAPPIST-1e,17.0,False,0.0,0.0,0.0,0.0,0.0,False,G,650.0,P,3968,1
Mars,False,TRAPPIST-1e,23.0,False,355.0,0.0,764.0,0.0,0.0,True,F,751.0,S,3970,1
Earth,False,TRAPPIST-1e,44.0,False,39.0,821.0,0.0,7.0,41.0,False,G,651.0,P,3971,1
Europa,True,Unknown,29.0,False,0.0,0.0,0.0,0.0,0.0,True,E,240.0,P,3973,1
Earth,False,TRAPPIST-1e,19.0,False,0.0,0.0,5.0,756.0,0.0,True,F,752.0,S,3974,1
Earth,True,TRAPPIST-1e,3.0,False,0.0,0.0,0.0,0.0,0.0,True,G,652.0,S,3974,2
Europa,False,TRAPPIST-1e,29.0,False,0.0,7164.0,0.0,58.0,1.0,True,F,82.0,S,3976,1
Earth,False,TRAPPIST-1e,19.0,False,46.0,0.0,675.0,0.0,0.0,True,E,241.0,P,3977,1
Earth,True,TRAPPIST-1e,22.0,False,0.0,0.0,0.0,0.0,0.0,True,G,653.0,P,3980,1
Earth,False,PSO J318.5-22,33.0,False,400.0,270.0,33.0,0.0,0.0,False,F,82.0,S,3981,1
Earth,True,PSO J318.5-22,28.82793046746535,False,0.0,0.0,0.0,0.0,0.0,True,G,654.0,S,3984,1
Earth,False,TRAPPIST-1e,50.0,False,667.0,0.0,0.0,11.0,170.0,False,G,654.0,P,3985,1
Mars,False,TRAPPIST-1e,54.0,False,1217.0,0.0,1.0,4.0,0.0,False,F,755.0,S,3986,1
Mars,False,TRAPPIST-1e,43.0,False,1448.0,0.0,150.0,0.0,0.0,False,F,755.0,S,3986,2
Earth,False,TRAPPIST-1e,17.0,False,103.0,2183.0,0.0,16.0,0.0,True,F,822.0,P,3987,1
Mars,False,TRAPPIST-1e,26.0,False,1632.0,0.0,80.0,7.0,0.0,False,D,134.0,P,3988,1
Earth,False,TRAPPIST-1e,44.0,False,1258.0,3.0,0.0,1.0,0.0,False,F,823.0,P,3991,1
Earth,False,PSO J318.5-22,51.0,False,0.0,0.0,10.0,1098.0,0.0,False,F,756.0,S,3992,1
Europa,True,TRAPPIST-1e,29.0,False,0.0,0.0,0.0,0.0,0.0,True,B,152.0,S,3994,1
Earth,False,TRAPPIST-1e,4.0,False,0.0,0.0,0.0,0.0,0.0,False,G,655.0,P,3995,1
Earth,False,PSO J318.5-22,40.0,False,0.0,0.0,310.0,1.0,421.0,False,F,825.0,P,3995,2
Earth,False,55 Cancri e,27.0,False,0.0,0.0,2.0,0.0,808.0,False,G,655.0,P,3995,3
Earth,False,TRAPPIST-1e,8.0,False,0.0,0.0,0.0,0.0,0.0,False,G,655.0,P,3995,4
Earth,False,TRAPPIST-1e,3.0,False,0.0,0.0,0.0,0.0,0.0,False,G,655.0,P,3995,5
Earth,False,55 Cancri e,11.0,False,0.0,0.0,0.0,0.0,0.0,True,G,655.0,P,3995,6
Earth,False,PSO J318.5-22,24.0,False,16.0,0.0,1136.0,0.0,40.0,True,F,826.0,P,3996,1
Earth,False,55 Cancri e,25.0,False,0.0,83.0,0.0,439.0,0.0,False,G,657.0,S,3997,1
Europa,False,55 Cancri e,28.0,False,89.0,4826.0,0.0,2.0,1598.0,True,C,129.0,P,3998,1
Earth,False,TRAPPIST-1e,25.0,False,0.0,1017.0,0.0,0.0,0.0,False,G,656.0,P,3999,1
Earth,True,TRAPPIST-1e,27.0,False,0.0,0.0,0.0,0.0,0.0,True,G,658.0,S,4000,1
Earth,False,TRAPPIST-1e,25.0,False,20.0,0.0,424.0,0.0,359.0,False,F,757.0,S,4000,2
Earth,True,TRAPPIST-1e,0.0,False,0.0,0.0,0.0,0.0,0.0,True,G,658.0,S,4000,3
Earth,False,TRAPPIST-1e,58.0,False,0.0,0.0,970.0,0.0,0.0,True,F,758.0,S,4001,1
Earth,True,TRAPPIST-1e,3.0,False,0.0,0.0,0.0,0.0,0.0,True,G,659.0,S,4001,2
Earth,True,PSO J318.5-22,4.0,False,0.0,0.0,0.0,0.0,0.0,True,G,659.0,S,4001,3
Earth,True,55 Cancri e,2.0,False,0.0,0.0,0.0,0.0,0.0,False,G,659.0,S,4001,4
Earth,False,Unknown,34.0,False,0.0,847.0,14.0,0.0,0.0,True,F,758.0,S,4001,5
Earth,False,55 Cancri e,5.0,False,0.0,0.0,0.0,0.0,0.0,True,G,659.0,S,4001,6
Earth,False,TRAPPIST-1e,3.0,False,0.0,0.0,0.0,0.0,0.0,False,G,659.0,S,4001,7
Mars,True,TRAPPIST-1e,46.0,False,0.0,0.0,0.0,0.0,0.0,False,E,242.0,P,4002,1
Earth,False,TRAPPIST-1e,22.0,False,1417.0,0.0,0.0,0.0,0.0,True,F,827.0,P,4003,1
Earth,False,TRAPPIST-1e,8.0,False,0.0,0.0,0.0,0.0,0.0,True,G,657.0,P,4005,1
Earth,False,TRAPPIST-1e,17.0,False,3.0,83.0,927.0,0.0,1.0,True,G,657.0,P,4005,2
Earth,False,TRAPPIST-1e,4.0,False,0.0,0.0,0.0,0.0,0.0,False,G,657.0,P,4005,3
Earth,True,TRAPPIST-1e,12.0,False,0.0,0.0,0.0,0.0,0.0,False,F,82.0,S,4005,4
Earth,True,PSO J318.5-22,40.0,False,0.0,0.0,0.0,0.0,0.0,True,G,657.0,P,4005,5
Earth,False,PSO J318.5-22,16.0,False,4.0,0.0,2278.0,2.0,0.0,True,F,829.0,P,4005,6
Earth,True,TRAPPIST-1e,41.0,False,0.0,0.0,0.0,0.0,0.0,True,G,657.0,P,4005,7
Earth,True,TRAPPIST-1e,8.0,False,0.0,0.0,0.0,0.0,0.0,False,G,657.0,P,4005,8
Earth,True,55 Cancri e,14.0,False,0.0,0.0,0.0,0.0,0.0,True,G,660.0,S,4006,1
Earth,True,TRAPPIST-1e,2.0,False,0.0,0.0,0.0,0.0,0.0,True,G,660.0,S,4006,2
Earth,False,PSO J318.5-22,59.0,False,400.0,0.0,126.0,0.0,158.0,True,F,759.0,S,4006,3
Earth,False,TRAPPIST-1e,45.0,False,1796.0,0.0,4.0,0.0,5.0,False,G,660.0,S,4006,4
Earth,False,55 Cancri e,52.0,False,0.0,704.0,0.0,0.0,0.0,True,F,759.0,S,4006,5
Mars,True,TRAPPIST-1e,33.0,False,0.0,0.0,0.0,0.0,0.0,True,F,760.0,S,4008,1
Earth,False,55 Cancri e,51.0,False,8.0,0.0,206.0,1247.0,14.0,True,F,82.0,S,4009,1
Earth,True,TRAPPIST-1e,38.0,False,0.0,0.0,0.0,0.0,0.0,False,G,658.0,P,4010,1
Mars,False,TRAPPIST-1e,14.0,False,460.0,0.0,0.0,315.0,172.0,False,E,243.0,P,4013,1
Europa,False,TRAPPIST-1e,42.0,False,0.0,456.0,1.0,1193.0,3039.0,False,B,125.0,P,4014,1
Europa,False,55 Cancri e,28.0,False,0.0,3238.0,0.0,750.0,2368.0,False,B,125.0,P,4014,2
Earth,False,55 Cancri e,34.0,False,309.0,542.0,0.0,0.0,55.0,False,E,268.0,S,4016,1
Mars,False,TRAPPIST-1e,21.0,False,0.0,0.0,0.0,0.0,0.0,False,E,269.0,S,4017,1
Mars,True,TRAPPIST-1e,30.0,False,0.0,0.0,0.0,0.0,0.0,True,F,761.0,S,4017,2
Mars,True,TRAPPIST-1e,28.82793046746535,False,0.0,0.0,0.0,0.0,0.0,True,F,761.0,S,4017,3
Mars,True,TRAPPIST-1e,26.0,False,0.0,0.0,0.0,0.0,0.0,False,E,269.0,S,4017,4
Mars,False,TRAPPIST-1e,23.0,False,931.0,0.0,134.0,0.0,421.0,False,F,761.0,S,4017,5
Earth,False,TRAPPIST-1e,20.0,False,0.0,1.0,0.0,20.0,42.0,False,F,762.0,S,4018,1
Earth,False,55 Cancri e,59.0,False,258.0,377.0,5.0,0.0,0.0,True,E,245.0,P,4019,1
Europa,False,55 Cancri e,37.0,False,6498.0,1470.0,0.0,416.0,4174.0,False,B,126.0,P,4020,1
Mars,False,TRAPPIST-1e,32.0,False,1843.0,0.0,662.0,0.0,0.0,False,F,832.0,P,4021,1
Earth,False,PSO J318.5-22,37.0,False,4.0,0.0,223.0,512.0,1.0,False,F,833.0,P,4022,1
Earth,False,TRAPPIST-1e,27.0,False,1.0,355.0,757.0,0.0,0.0,False,E,246.0,P,4023,1
Europa,True,55 Cancri e,42.0,False,0.0,0.0,0.0,0.0,0.0,True,B,154.0,S,4026,1
Earth,True,PSO J318.5-22,29.0,False,0.0,0.0,0.0,0.0,0.0,True,G,659.0,P,4027,1
Unknown,False,TRAPPIST-1e,2.0,False,0.0,0.0,0.0,0.0,0.0,True,G,661.0,S,4030,1
Earth,True,TRAPPIST-1e,10.0,False,0.0,0.0,0.0,0.0,0.0,False,F,82.0,S,4030,2
Earth,False,TRAPPIST-1e,0.0,False,0.0,0.0,0.0,0.0,0.0,False,G,661.0,S,4030,3
Earth,True,TRAPPIST-1e,21.0,False,0.0,0.0,0.0,0.0,0.0,False,G,661.0,S,4030,4
Earth,False,TRAPPIST-1e,8.0,False,0.0,0.0,0.0,0.0,0.0,False,G,661.0,S,4030,5
Europa,True,55 Cancri e,28.82793046746535,False,0.0,0.0,0.0,0.0,0.0,True,C,131.0,P,4031,1
Europa,True,TRAPPIST-1e,27.0,False,0.0,0.0,0.0,0.0,0.0,True,C,131.0,P,4031,2
Earth,False,PSO J318.5-22,13.0,False,0.0,0.0,0.0,0.0,0.0,True,G,661.0,P,4032,1
Europa,False,55 Cancri e,49.0,False,2025.0,7167.0,0.0,2456.0,47.0,True,C,144.0,S,4033,1
Mars,True,TRAPPIST-1e,38.0,False,0.0,0.0,0.0,0.0,0.0,False,E,247.0,P,4034,1
Earth,True,55 Cancri e,21.0,False,0.0,0.0,0.0,0.0,0.0,True,G,662.0,P,4035,1
Earth,False,TRAPPIST-1e,22.0,False,7.0,61.0,110.0,708.0,0.0,False,G,662.0,S,4036,1
Earth,True,PSO J318.5-22,14.0,False,0.0,0.0,0.0,0.0,0.0,True,G,663.0,S,4037,1
Earth,True,PSO J318.5-22,24.0,False,0.0,0.0,0.0,0.0,0.0,False,G,664.0,S,4038,1
Earth,False,TRAPPIST-1e,24.0,False,714.0,0.0,4.0,49.0,11.0,False,F,764.0,S,4039,1
Earth,True,TRAPPIST-1e,34.0,False,0.0,0.0,0.0,0.0,0.0,False,G,663.0,P,4040,1
Europa,False,TRAPPIST-1e,1.0,False,0.0,0.0,0.0,0.0,0.0,True,A,46.0,S,4042,1
Europa,True,55 Cancri e,28.82793046746535,False,0.0,0.0,0.0,0.0,0.0,True,A,46.0,S,4042,2
Europa,True,55 Cancri e,26.0,False,0.0,0.0,0.0,0.0,0.0,True,A,46.0,S,4042,3
Earth,False,TRAPPIST-1e,28.82793046746535,False,0.0,0.0,0.0,32.0,1577.0,False,E,248.0,P,4043,1
Mars,False,TRAPPIST-1e,32.0,False,536.0,0.0,736.0,118.0,0.0,False,F,765.0,S,4044,1
Mars,False,TRAPPIST-1e,2.0,False,0.0,0.0,0.0,0.0,0.0,True,F,765.0,S,4044,2
Mars,True,TRAPPIST-1e,10.0,False,0.0,0.0,0.0,0.0,0.0,True,F,765.0,S,4044,3
Mars,False,TRAPPIST-1e,49.0,False,1417.0,0.0,531.0,1348.0,192.0,False,D,135.0,P,4045,1
Earth,True,PSO J318.5-22,14.0,False,0.0,0.0,0.0,0.0,0.0,True,G,664.0,P,4046,1
Earth,True,TRAPPIST-1e,29.0,False,0.0,0.0,0.0,0.0,0.0,True,G,666.0,S,4047,1
Europa,True,55 Cancri e,25.0,False,0.0,0.0,0.0,0.0,0.0,False,A,47.0,S,4049,1
Europa,False,55 Cancri e,36.0,False,0.0,1302.0,0.0,2067.0,10173.0,False,A,35.0,P,4050,1
Earth,True,TRAPPIST-1e,22.0,False,0.0,0.0,0.0,0.0,0.0,True,G,668.0,S,4053,1
Earth,False,TRAPPIST-1e,21.0,False,3.0,34.0,600.0,0.0,8.0,False,F,836.0,P,4055,1
Earth,False,TRAPPIST-1e,36.0,False,437.0,442.0,0.0,2.0,1.0,False,G,669.0,S,4058,1
Earth,False,TRAPPIST-1e,54.0,False,880.0,2.0,531.0,2.0,0.0,False,F,838.0,P,4060,1
Mars,False,TRAPPIST-1e,30.0,False,1851.0,0.0,378.0,0.0,155.0,False,D,130.0,S,4061,1
Mars,True,TRAPPIST-1e,0.0,False,0.0,0.0,0.0,0.0,0.0,True,F,766.0,S,4061,2
Mars,True,TRAPPIST-1e,1.0,False,0.0,0.0,0.0,0.0,0.0,True,F,766.0,S,4061,3
Earth,True,TRAPPIST-1e,42.0,False,0.0,0.0,0.0,0.0,0.0,True,G,670.0,S,4063,1
Earth,False,TRAPPIST-1e,47.0,False,939.0,1477.0,0.0,0.0,0.0,True,F,767.0,S,4064,1
Earth,False,TRAPPIST-1e,25.0,False,1339.0,1.0,360.0,0.0,0.0,False,G,665.0,P,4065,1
Europa,False,55 Cancri e,18.0,False,0.0,30.0,0.0,67.0,2790.0,False,B,155.0,S,4066,1
Europa,True,TRAPPIST-1e,22.0,False,0.0,0.0,0.0,0.0,0.0,True,B,155.0,S,4066,2
Europa,False,TRAPPIST-1e,27.0,False,0.0,1381.0,0.0,148.0,2181.0,False,D,131.0,S,4068,1
Earth,False,55 Cancri e,24.0,False,0.0,0.0,2433.0,0.0,53.0,True,F,768.0,S,4069,1
Europa,True,Unknown,28.82793046746535,False,0.0,0.0,0.0,0.0,0.0,True,B,127.0,P,4071,1
Europa,True,55 Cancri e,22.0,False,0.0,0.0,0.0,0.0,0.0,True,B,127.0,P,4071,2
Earth,True,TRAPPIST-1e,60.0,False,0.0,0.0,0.0,0.0,0.0,True,G,671.0,S,4072,1
Europa,False,TRAPPIST-1e,38.0,False,1901.0,1276.0,0.0,7561.0,12.0,False,C,145.0,S,4075,1
Earth,False,TRAPPIST-1e,23.0,False,1616.0,0.0,1.0,0.0,2.0,False,E,250.0,P,4076,1
Unknown,True,TRAPPIST-1e,21.0,False,0.0,0.0,0.0,0.0,0.0,False,G,667.0,P,4078,1
Mars,False,55 Cancri e,55.0,False,1680.0,0.0,1.0,0.0,6.0,False,F,771.0,S,4079,1
Earth,False,55 Cancri e,20.0,False,719.0,0.0,10.0,0.0,0.0,False,F,839.0,P,4080,1
Earth,False,55 Cancri e,50.0,False,451.0,132.0,195.0,31.0,0.0,False,G,668.0,P,4081,1
Mars,False,TRAPPIST-1e,22.0,False,0.0,0.0,0.0,0.0,0.0,False,E,252.0,P,4082,1
Europa,False,TRAPPIST-1e,21.0,False,0.0,6190.0,1828.0,7.0,35.0,True,C,146.0,S,4083,1
Europa,False,TRAPPIST-1e,26.0,False,0.0,1549.0,0.0,0.0,766.0,True,D,132.0,S,4084,1
Europa,False,TRAPPIST-1e,36.0,False,0.0,2177.0,0.0,1097.0,144.0,True,A,48.0,S,4089,1
Mars,False,TRAPPIST-1e,46.0,False,227.0,0.0,1546.0,3.0,2.0,True,D,133.0,S,4090,1
Earth,False,TRAPPIST-1e,26.0,False,0.0,586.0,1.0,0.0,58.0,True,F,772.0,S,4091,1
Earth,False,TRAPPIST-1e,24.0,False,0.0,20.0,0.0,14.0,659.0,False,F,841.0,P,4093,1
Earth,False,55 Cancri e,14.0,False,834.0,1080.0,3.0,183.0,208.0,False,G,671.0,P,4095,1
Mars,False,TRAPPIST-1e,46.0,False,949.0,0.0,128.0,3.0,41.0,True,F,842.0,P,4096,1
Earth,False,TRAPPIST-1e,15.0,False,0.0,840.0,123.0,0.0,20.0,False,E,253.0,P,4097,1
Earth,True,TRAPPIST-1e,30.0,False,0.0,0.0,0.0,0.0,0.0,False,G,672.0,P,4098,1
Earth,True,TRAPPIST-1e,28.82793046746535,False,0.0,0.0,0.0,0.0,0.0,True,G,673.0,P,4099,1
Mars,False,TRAPPIST-1e,38.0,False,1100.0,43.0,163.0,3.0,0.0,False,F,773.0,S,4101,1
Europa,True,TRAPPIST-1e,48.0,False,0.0,0.0,0.0,0.0,0.0,True,B,128.0,P,4102,1
Earth,True,TRAPPIST-1e,31.0,False,0.0,0.0,0.0,0.0,0.0,False,G,674.0,P,4103,1
Earth,False,TRAPPIST-1e,41.0,False,1025.0,0.0,0.0,0.0,0.0,False,G,675.0,P,4104,1
Earth,False,TRAPPIST-1e,43.0,False,0.0,831.0,78.0,0.0,0.0,True,G,675.0,S,4106,1
Earth,False,TRAPPIST-1e,23.0,False,0.0,0.0,489.0,5.0,276.0,False,G,676.0,S,4107,1
Europa,True,55 Cancri e,48.0,False,0.0,0.0,0.0,0.0,0.0,True,B,158.0,S,4108,1
Europa,False,TRAPPIST-1e,47.0,False,27.0,2651.0,538.0,18.0,0.0,True,B,158.0,S,4108,2
Earth,False,TRAPPIST-1e,19.0,False,169.0,399.0,0.0,97.0,0.0,True,F,843.0,P,4109,1
Earth,False,TRAPPIST-1e,25.0,False,0.0,38.0,0.0,847.0,112.0,False,E,255.0,P,4110,1
Earth,True,TRAPPIST-1e,28.0,False,0.0,0.0,0.0,0.0,0.0,True,G,678.0,S,4112,1
Europa,True,55 Cancri e,16.0,False,0.0,0.0,0.0,0.0,0.0,True,B,129.0,P,4113,1
Europa,False,TRAPPIST-1e,45.0,False,0.0,2524.0,0.0,166.0,1.0,True,B,129.0,P,4113,2
Mars,True,TRAPPIST-1e,31.0,False,0.0,0.0,0.0,0.0,0.0,True,E,270.0,S,4114,1
Earth,True,PSO J318.5-22,19.0,False,0.0,0.0,0.0,0.0,0.0,False,G,679.0,S,4115,1
Earth,False,TRAPPIST-1e,21.0,False,40.0,0.0,736.0,0.0,0.0,True,F,774.0,S,4116,1
Earth,True,PSO J318.5-22,28.82793046746535,False,0.0,0.0,0.0,0.0,0.0,False,G,680.0,S,4120,1
Earth,True,PSO J318.5-22,22.0,False,0.0,0.0,0.0,0.0,0.0,True,G,677.0,P,4125,1
Europa,False,TRAPPIST-1e,23.0,False,0.0,0.0,0.0,0.0,0.0,True,B,130.0,P,4127,1
Mars,False,TRAPPIST-1e,54.0,True,111.0,0.0,1144.0,8.0,23.0,False,F,846.0,P,4128,1
Mars,False,TRAPPIST-1e,0.0,False,0.0,0.0,0.0,0.0,0.0,True,F,846.0,P,4128,2
Mars,True,TRAPPIST-1e,4.0,False,0.0,0.0,0.0,0.0,0.0,True,F,846.0,P,4128,3
Earth,False,TRAPPIST-1e,23.0,False,15.0,1.0,777.0,3.0,3.0,False,F,847.0,P,4129,1
Mars,True,TRAPPIST-1e,19.0,False,0.0,0.0,0.0,0.0,0.0,True,F,82.0,S,4130,1
Europa,True,TRAPPIST-1e,34.0,False,0.0,0.0,0.0,0.0,0.0,True,C,147.0,S,4131,1
Earth,True,55 Cancri e,18.0,False,0.0,0.0,0.0,0.0,0.0,False,G,678.0,P,4132,1
Unknown,True,TRAPPIST-1e,40.0,False,0.0,0.0,0.0,0.0,0.0,True,F,82.0,S,4134,1
Mars,False,TRAPPIST-1e,58.0,False,850.0,0.0,22.0,1493.0,0.0,False,F,777.0,S,4135,1
Earth,False,55 Cancri e,39.0,False,664.0,0.0,0.0,40.0,0.0,False,F,778.0,S,4137,1
Earth,False,PSO J318.5-22,23.0,False,40.0,15.0,30.0,0.0,637.0,False,F,851.0,P,4140,1
Earth,False,TRAPPIST-1e,11.0,False,0.0,0.0,0.0,0.0,0.0,False,G,679.0,P,4141,1
Europa,True,TRAPPIST-1e,43.0,False,0.0,0.0,0.0,0.0,0.0,True,C,148.0,S,4142,1
Mars,True,TRAPPIST-1e,29.0,False,0.0,0.0,0.0,0.0,0.0,False,E,258.0,P,4143,1
Earth,False,TRAPPIST-1e,36.0,False,19.0,476.0,0.0,5.0,290.0,False,E,259.0,P,4144,1
Earth,False,PSO J318.5-22,13.0,False,16.0,0.0,87.0,544.0,0.0,False,F,852.0,P,4145,1
Europa,False,TRAPPIST-1e,54.0,False,0.0,0.0,0.0,3200.0,0.0,True,C,149.0,S,4147,1
Europa,True,TRAPPIST-1e,45.0,False,0.0,0.0,0.0,0.0,0.0,True,C,149.0,S,4147,2
Earth,False,55 Cancri e,33.0,False,0.0,0.0,589.0,2.0,255.0,True,G,682.0,P,4149,1
Earth,False,TRAPPIST-1e,46.0,False,0.0,1029.0,0.0,0.0,0.0,True,F,780.0,S,4150,1
Earth,True,55 Cancri e,15.0,False,0.0,0.0,0.0,0.0,0.0,True,G,683.0,P,4151,1
Earth,False,TRAPPIST-1e,35.0,False,89.0,0.0,0.0,545.0,0.0,False,F,853.0,P,4152,1
Mars,True,TRAPPIST-1e,23.0,False,0.0,0.0,0.0,0.0,0.0,True,F,781.0,S,4154,1
Earth,True,55 Cancri e,15.0,False,0.0,0.0,0.0,0.0,0.0,False,G,684.0,P,4156,1
Earth,False,TRAPPIST-1e,27.0,False,0.0,0.0,580.0,211.0,0.0,False,E,273.0,S,4158,1
Earth,False,TRAPPIST-1e,15.0,False,0.0,2.0,15.0,5.0,842.0,False,F,782.0,S,4159,1
Mars,False,TRAPPIST-1e,27.0,True,661.0,0.0,991.0,46.0,0.0,True,F,783.0,S,4160,1
Earth,True,55 Cancri e,16.0,False,0.0,0.0,0.0,0.0,0.0,True,G,683.0,S,4163,1
Earth,False,TRAPPIST-1e,37.0,False,246.0,0.0,703.0,5.0,0.0,True,G,685.0,P,4165,1
Europa,True,55 Cancri e,45.0,False,0.0,0.0,0.0,0.0,0.0,True,B,132.0,P,4166,1
Europa,False,55 Cancri e,58.0,True,0.0,279.0,3627.0,122.0,30.0,True,B,132.0,P,4166,2
Earth,False,PSO J318.5-22,28.82793046746535,False,0.0,440.0,0.0,0.0,334.0,False,F,82.0,S,4167,1
Earth,False,TRAPPIST-1e,38.0,False,0.0,18.0,30.0,0.0,832.0,False,F,855.0,P,4168,1
Earth,False,TRAPPIST-1e,28.0,False,0.0,241.0,6.0,0.0,542.0,False,E,260.0,P,4168,2
Europa,True,TRAPPIST-1e,47.0,False,0.0,0.0,0.0,0.0,0.0,True,D,140.0,P,4169,1
Europa,False,TRAPPIST-1e,41.0,False,0.0,1562.0,0.0,2.0,16.0,True,D,140.0,P,4169,2
Europa,True,TRAPPIST-1e,28.0,False,0.0,0.0,0.0,0.0,0.0,True,B,133.0,P,4170,1
Earth,True,TRAPPIST-1e,23.0,False,0.0,0.0,0.0,0.0,0.0,False,G,686.0,P,4171,1
Mars,True,TRAPPIST-1e,24.0,False,0.0,0.0,0.0,0.0,0.0,True,F,856.0,P,4172,1
Mars,False,TRAPPIST-1e,58.0,False,12.0,0.0,186.0,2436.0,4.0,False,F,856.0,P,4172,2
Unknown,True,TRAPPIST-1e,36.0,False,0.0,0.0,0.0,0.0,0.0,True,F,856.0,P,4172,3
Mars,False,55 Cancri e,24.0,False,1363.0,0.0,50.0,0.0,0.0,False,F,856.0,P,4172,4
Mars,False,TRAPPIST-1e,56.0,False,128.0,0.0,959.0,0.0,42.0,False,F,856.0,P,4172,5
Mars,True,TRAPPIST-1e,15.0,False,0.0,0.0,0.0,0.0,0.0,True,F,856.0,P,4172,6
Mars,False,TRAPPIST-1e,19.0,False,154.0,170.0,2074.0,0.0,0.0,True,D,141.0,P,4172,7
Earth,False,TRAPPIST-1e,27.0,False,0.0,0.0,0.0,658.0,133.0,False,E,261.0,P,4173,1
Earth,False,TRAPPIST-1e,47.0,False,59.0,1.0,327.0,557.0,0.0,False,F,857.0,P,4174,1
Earth,False,55 Cancri e,37.0,False,0.0,89.0,15.0,20.0,592.0,False,F,858.0,P,4175,1
Mars,True,TRAPPIST-1e,39.0,False,0.0,0.0,0.0,0.0,0.0,True,F,859.0,P,4176,1
Mars,True,TRAPPIST-1e,20.0,False,0.0,0.0,0.0,0.0,0.0,True,F,859.0,P,4176,2
Mars,False,TRAPPIST-1e,20.0,False,760.0,0.0,742.0,352.0,0.0,True,F,859.0,P,4176,3
Mars,False,TRAPPIST-1e,38.0,False,490.0,663.0,358.0,855.0,0.0,False,F,859.0,P,4176,4
Mars,False,TRAPPIST-1e,46.0,False,247.0,0.0,418.0,480.0,36.0,False,D,142.0,P,4176,5
Mars,True,TRAPPIST-1e,13.0,False,0.0,0.0,0.0,0.0,0.0,True,F,859.0,P,4176,6
Mars,False,55 Cancri e,24.0,False,612.0,326.0,46.0,87.0,0.0,True,F,859.0,P,4176,7
Europa,True,TRAPPIST-1e,32.0,False,0.0,0.0,0.0,0.0,0.0,True,B,161.0,S,4177,1
Europa,True,55 Cancri e,28.82793046746535,False,0.0,0.0,0.0,0.0,0.0,True,B,161.0,S,4177,2
Europa,False,55 Cancri e,44.0,False,36.0,588.0,0.0,1675.0,3597.0,False,B,161.0,S,4177,3
Earth,False,TRAPPIST-1e,19.0,False,0.0,0.0,4.0,6.0,773.0,False,G,687.0,P,4178,1
Europa,False,TRAPPIST-1e,30.0,True,0.0,1172.0,183.0,91.0,0.0,True,A,50.0,S,4179,1
Europa,True,TRAPPIST-1e,23.0,False,0.0,0.0,0.0,0.0,0.0,True,A,50.0,S,4179,2
Europa,False,TRAPPIST-1e,4.0,False,0.0,0.0,0.0,0.0,0.0,True,C,133.0,P,4181,1
Europa,False,Unknown,0.0,False,0.0,0.0,0.0,0.0,0.0,True,C,133.0,P,4181,2
Europa,True,TRAPPIST-1e,17.0,False,0.0,0.0,0.0,0.0,0.0,True,F,82.0,S,4181,3
Europa,True,TRAPPIST-1e,44.0,False,0.0,0.0,0.0,0.0,0.0,True,C,133.0,P,4181,4
Europa,False,55 Cancri e,31.0,False,2.0,8747.0,0.0,4840.0,14485.0,False,C,133.0,P,4181,5
Europa,False,55 Cancri e,41.0,True,0.0,9463.0,0.0,1022.0,1562.0,True,C,133.0,P,4181,6
Europa,False,55 Cancri e,33.0,False,0.0,2020.0,0.0,1817.0,182.0,False,A,51.0,S,4182,1
Europa,False,TRAPPIST-1e,43.0,False,0.0,124.0,0.0,3975.0,186.0,False,A,51.0,S,4182,2
Europa,False,55 Cancri e,43.0,True,0.0,3172.0,0.0,26.0,4376.0,False,A,51.0,S,4182,3
Earth,False,TRAPPIST-1e,36.0,False,1367.0,108.0,0.0,0.0,77.0,False,F,784.0,S,4183,1
Earth,False,55 Cancri e,19.0,False,558.0,0.0,353.0,0.0,8.0,False,F,860.0,P,4184,1
Earth,False,TRAPPIST-1e,24.0,False,0.0,1725.0,0.0,0.0,0.0,True,G,688.0,P,4185,1
Earth,True,55 Cancri e,17.0,False,0.0,0.0,0.0,0.0,0.0,True,G,685.0,S,4186,1
Earth,False,TRAPPIST-1e,23.0,False,1277.0,84.0,0.0,240.0,598.0,True,F,861.0,P,4188,1
Earth,False,55 Cancri e,17.0,False,558.0,0.0,3.0,0.0,1226.0,False,G,686.0,S,4189,1
Mars,False,TRAPPIST-1e,18.0,False,950.0,1.0,236.0,754.0,0.0,False,D,135.0,S,4191,1
Mars,True,55 Cancri e,34.0,False,0.0,0.0,0.0,0.0,0.0,True,F,862.0,P,4194,1
Earth,True,TRAPPIST-1e,13.0,False,0.0,0.0,0.0,0.0,0.0,True,G,688.0,S,4196,1
Earth,False,TRAPPIST-1e,66.0,False,610.0,2549.0,0.0,17.0,0.0,True,F,786.0,S,4197,1
Earth,False,TRAPPIST-1e,27.0,False,0.0,867.0,0.0,128.0,363.0,True,F,786.0,S,4197,2
Earth,False,TRAPPIST-1e,19.0,False,1620.0,0.0,4.0,0.0,82.0,False,G,689.0,S,4197,3
Earth,False,TRAPPIST-1e,55.0,False,0.0,198.0,703.0,1.0,0.0,True,F,787.0,S,4199,1
Mars,False,TRAPPIST-1e,40.0,False,0.0,0.0,1.0,293.0,667.0,False,D,143.0,P,4203,1
Earth,True,PSO J318.5-22,23.0,False,0.0,0.0,0.0,0.0,0.0,True,G,691.0,P,4204,1
Earth,False,TRAPPIST-1e,7.0,False,0.0,0.0,0.0,0.0,0.0,False,G,691.0,P,4204,2
Earth,True,TRAPPIST-1e,12.0,False,0.0,0.0,0.0,0.0,0.0,True,G,691.0,P,4204,3
Earth,False,TRAPPIST-1e,37.0,False,0.0,886.0,0.0,58.0,441.0,False,F,789.0,S,4205,1
Earth,False,TRAPPIST-1e,22.0,False,0.0,13.0,524.0,7.0,0.0,False,F,865.0,P,4206,1
Unknown,True,TRAPPIST-1e,25.0,False,0.0,0.0,0.0,0.0,0.0,True,B,163.0,S,4207,1
Europa,True,55 Cancri e,46.0,False,0.0,0.0,0.0,0.0,0.0,True,B,163.0,S,4207,2
Mars,False,55 Cancri e,37.0,False,326.0,0.0,455.0,2.0,0.0,False,D,144.0,P,4208,1
Europa,True,55 Cancri e,50.0,False,0.0,0.0,0.0,0.0,0.0,True,C,151.0,S,4210,1
Europa,True,55 Cancri e,28.0,False,0.0,0.0,0.0,0.0,0.0,True,C,151.0,S,4210,2
Europa,True,TRAPPIST-1e,26.0,False,0.0,0.0,0.0,0.0,0.0,True,C,134.0,P,4211,1
Unknown,True,TRAPPIST-1e,28.0,False,0.0,0.0,0.0,0.0,0.0,True,G,690.0,S,4212,1
Earth,False,PSO J318.5-22,23.0,False,4.0,157.0,142.0,0.0,196.0,False,G,691.0,S,4213,1
Europa,False,TRAPPIST-1e,23.0,False,3.0,343.0,0.0,4280.0,0.0,False,E,262.0,P,4214,1
Mars,False,TRAPPIST-1e,34.0,True,992.0,0.0,14.0,0.0,0.0,False,D,145.0,P,4215,1
Europa,True,TRAPPIST-1e,65.0,False,0.0,0.0,0.0,0.0,0.0,True,B,134.0,P,4216,1
Unknown,True,TRAPPIST-1e,20.0,False,0.0,0.0,0.0,0.0,0.0,True,B,134.0,P,4216,2
Mars,True,TRAPPIST-1e,29.0,False,0.0,0.0,0.0,0.0,0.0,True,F,867.0,P,4218,1
Mars,False,TRAPPIST-1e,30.0,False,176.0,0.0,2310.0,0.0,0.0,True,F,867.0,P,4218,2
Mars,True,TRAPPIST-1e,3.0,False,0.0,0.0,0.0,0.0,0.0,True,F,868.0,P,4219,1
Mars,False,TRAPPIST-1e,40.0,False,1268.0,0.0,0.0,0.0,0.0,False,F,868.0,P,4219,2
Mars,False,TRAPPIST-1e,32.0,False,1331.0,416.0,0.0,665.0,64.0,False,F,868.0,P,4219,3
Earth,False,TRAPPIST-1e,31.0,False,553.0,224.0,9.0,1.0,0.0,False,E,263.0,P,4220,1
Earth,False,TRAPPIST-1e,13.0,False,27.0,81.0,1080.0,0.0,0.0,True,F,869.0,P,4221,1
Earth,False,TRAPPIST-1e,29.0,False,37.0,0.0,167.0,608.0,0.0,False,G,692.0,P,4222,1
Earth,False,TRAPPIST-1e,28.0,False,0.0,53.0,0.0,732.0,6.0,False,E,264.0,P,4222,2
Mars,False,55 Cancri e,19.0,False,1184.0,88.0,0.0,0.0,334.0,True,F,790.0,S,4223,1
Mars,False,55 Cancri e,24.0,False,469.0,0.0,0.0,196.0,0.0,True,E,275.0,S,4223,2
Mars,True,TRAPPIST-1e,22.0,False,0.0,0.0,0.0,0.0,0.0,False,E,266.0,P,4225,1
Earth,False,55 Cancri e,13.0,False,406.0,0.0,1670.0,0.0,427.0,False,F,872.0,P,4229,1
Earth,False,TRAPPIST-1e,21.0,False,0.0,0.0,23.0,820.0,22.0,False,F,873.0,P,4230,1
Earth,False,55 Cancri e,24.0,False,0.0,0.0,1435.0,10.0,0.0,True,F,791.0,S,4231,1
Europa,False,TRAPPIST-1e,47.0,False,0.0,4983.0,0.0,173.0,43.0,True,B,164.0,S,4232,1
Europa,False,TRAPPIST-1e,27.0,False,0.0,144.0,76.0,184.0,3932.0,False,B,135.0,P,4233,1
Earth,False,TRAPPIST-1e,18.0,False,0.0,0.0,774.0,0.0,13.0,True,E,277.0,S,4237,1
Europa,True,55 Cancri e,36.0,False,0.0,0.0,0.0,0.0,0.0,True,B,165.0,S,4238,1
Earth,False,TRAPPIST-1e,68.0,False,0.0,1.0,223.0,580.0,0.0,False,F,875.0,P,4239,1
Europa,False,TRAPPIST-1e,31.0,False,0.0,0.0,0.0,0.0,0.0,True,C,152.0,S,4240,1
Mars,True,TRAPPIST-1e,28.0,False,0.0,0.0,0.0,0.0,0.0,True,F,877.0,P,4242,1
Mars,False,TRAPPIST-1e,36.0,False,3002.0,21.0,150.0,0.0,0.0,False,D,136.0,S,4243,1
Earth,False,TRAPPIST-1e,17.0,False,0.0,628.0,0.0,66.0,449.0,True,F,794.0,S,4244,1
Earth,True,TRAPPIST-1e,13.0,False,0.0,0.0,0.0,0.0,0.0,True,G,695.0,S,4245,1
Earth,False,TRAPPIST-1e,30.0,False,0.0,10.0,0.0,3840.0,329.0,False,G,693.0,P,4246,1
Europa,False,TRAPPIST-1e,58.0,False,0.0,2946.0,0.0,101.0,387.0,True,B,166.0,S,4249,1
Europa,True,TRAPPIST-1e,43.0,False,0.0,0.0,0.0,0.0,0.0,True,B,166.0,S,4249,2
Europa,False,55 Cancri e,20.0,False,354.0,1546.0,323.0,284.0,315.0,True,B,166.0,S,4249,3
Earth,False,TRAPPIST-1e,29.0,False,715.0,0.0,0.0,698.0,106.0,False,F,879.0,P,4251,1
Earth,False,TRAPPIST-1e,15.0,False,156.0,1.0,1132.0,192.0,33.0,True,F,795.0,S,4252,1
Earth,False,TRAPPIST-1e,30.0,False,488.0,0.0,242.0,0.0,79.0,False,G,696.0,P,4253,1
Europa,False,55 Cancri e,33.0,False,5493.0,9401.0,23.0,3013.0,303.0,False,B,136.0,P,4254,1
Europa,True,TRAPPIST-1e,25.0,False,0.0,0.0,0.0,0.0,0.0,True,B,136.0,P,4254,2
Europa,False,TRAPPIST-1e,62.0,False,0.0,22.0,0.0,3314.0,22.0,False,B,136.0,P,4254,3
Earth,True,PSO J318.5-22,41.0,False,0.0,0.0,0.0,0.0,0.0,True,G,697.0,P,4255,1
Earth,False,TRAPPIST-1e,27.0,False,6.0,0.0,0.0,768.0,1141.0,False,F,880.0,P,4256,1
Earth,True,TRAPPIST-1e,18.0,False,0.0,0.0,0.0,0.0,0.0,False,G,698.0,P,4256,2
Earth,True,TRAPPIST-1e,27.0,False,0.0,0.0,0.0,0.0,0.0,True,G,698.0,P,4256,3
Earth,False,TRAPPIST-1e,19.0,False,571.0,0.0,0.0,97.0,813.0,True,F,880.0,P,4256,4
Earth,False,TRAPPIST-1e,37.0,False,0.0,0.0,115.0,671.0,0.0,False,G,698.0,P,4256,5
Earth,True,TRAPPIST-1e,24.0,False,0.0,0.0,0.0,0.0,0.0,False,G,698.0,P,4256,6
Earth,False,TRAPPIST-1e,29.0,False,13.0,0.0,664.0,74.0,101.0,False,G,698.0,P,4256,7
Earth,False,55 Cancri e,44.0,False,0.0,0.0,608.0,0.0,91.0,False,F,880.0,P,4256,8
Earth,False,TRAPPIST-1e,19.0,False,0.0,265.0,882.0,2.0,293.0,False,F,881.0,P,4257,1
Europa,False,TRAPPIST-1e,39.0,False,0.0,266.0,0.0,1254.0,197.0,False,A,37.0,P,4258,1
Europa,False,TRAPPIST-1e,63.0,False,0.0,490.0,1.0,2882.0,18.0,False,A,37.0,P,4258,2
Europa,False,TRAPPIST-1e,39.0,False,9.0,1525.0,0.0,0.0,146.0,False,A,37.0,P,4258,3
Mars,True,TRAPPIST-1e,41.0,False,0.0,0.0,0.0,0.0,0.0,True,F,796.0,S,4259,1
Earth,True,TRAPPIST-1e,27.0,False,0.0,0.0,0.0,0.0,0.0,True,G,696.0,S,4260,1
Mars,False,55 Cancri e,56.0,False,412.0,492.0,9.0,117.0,33.0,True,D,137.0,S,4261,1
Europa,True,TRAPPIST-1e,22.0,False,0.0,0.0,0.0,0.0,0.0,True,C,135.0,P,4262,1
Europa,False,55 Cancri e,26.0,False,1.0,1269.0,4790.0,270.0,5116.0,False,C,135.0,P,4262,2
Earth,False,TRAPPIST-1e,24.0,False,0.0,0.0,0.0,0.0,1300.0,False,F,797.0,S,4264,1
Earth,True,PSO J318.5-22,18.0,False,0.0,0.0,0.0,0.0,0.0,True,G,697.0,S,4266,1
Earth,True,TRAPPIST-1e,13.0,False,0.0,0.0,0.0,0.0,0.0,True,G,700.0,P,4267,1
Earth,False,TRAPPIST-1e,32.0,False,0.0,0.0,1020.0,0.0,0.0,True,F,883.0,P,4267,2
Europa,False,55 Cancri e,30.0,False,24.0,2558.0,98.0,0.0,5361.0,False,F,82.0,S,4270,1
Europa,True,TRAPPIST-1e,25.0,False,0.0,0.0,0.0,0.0,0.0,True,A,38.0,P,4271,1
Earth,False,TRAPPIST-1e,55.0,False,0.0,252.0,1.0,0.0,553.0,True,F,799.0,S,4272,1
Earth,False,PSO J318.5-22,19.0,False,0.0,2.0,0.0,669.0,0.0,False,F,884.0,P,4273,1
Earth,False,TRAPPIST-1e,24.0,False,0.0,717.0,222.0,8.0,1.0,True,G,698.0,S,4274,1
Europa,False,TRAPPIST-1e,32.0,False,401.0,3724.0,5.0,422.0,62.0,True,C,154.0,S,4278,1
Mars,False,TRAPPIST-1e,24.0,False,0.0,0.0,0.0,0.0,0.0,False,E,267.0,P,4280,1
Mars,True,TRAPPIST-1e,32.0,False,0.0,0.0,0.0,0.0,0.0,True,F,890.0,P,4289,1
Earth,True,TRAPPIST-1e,36.0,False,0.0,0.0,0.0,0.0,0.0,False,G,701.0,S,4291,1
Europa,False,55 Cancri e,28.0,False,0.0,31.0,0.0,1283.0,871.0,True,A,52.0,S,4292,1
Earth,False,TRAPPIST-1e,52.0,False,0.0,559.0,0.0,0.0,0.0,True,F,801.0,S,4293,1
Earth,False,TRAPPIST-1e,29.0,False,646.0,91.0,13.0,0.0,0.0,True,G,702.0,S,4294,1
Mars,False,55 Cancri e,23.0,False,49.0,0.0,2716.0,0.0,0.0,True,D,147.0,P,4295,1
Mars,True,TRAPPIST-1e,32.0,False,0.0,0.0,0.0,0.0,0.0,True,F,82.0,S,4295,2
Earth,True,TRAPPIST-1e,35.0,False,0.0,0.0,0.0,0.0,0.0,False,G,703.0,S,4296,1
Europa,False,55 Cancri e,41.0,False,14.0,6777.0,81.0,604.0,2936.0,False,B,138.0,P,4297,1
Unknown,True,PSO J318.5-22,16.0,False,0.0,0.0,0.0,0.0,0.0,True,G,704.0,S,4300,1
Europa,True,55 Cancri e,33.0,False,0.0,0.0,0.0,0.0,0.0,True,E,269.0,P,4301,1
Earth,True,55 Cancri e,6.0,False,0.0,0.0,0.0,0.0,0.0,True,G,706.0,P,4302,1
Earth,False,55 Cancri e,15.0,False,36.0,841.0,0.0,0.0,0.0,True,F,803.0,S,4303,1
Earth,False,TRAPPIST-1e,38.0,False,0.0,668.0,84.0,267.0,0.0,False,G,705.0,S,4303,2
Earth,False,TRAPPIST-1e,56.0,False,0.0,779.0,12.0,3.0,35.0,False,F,893.0,P,4305,1
Earth,True,PSO J318.5-22,4.0,False,0.0,0.0,0.0,0.0,0.0,True,G,707.0,P,4305,2
Earth,True,PSO J318.5-22,21.0,False,0.0,0.0,0.0,0.0,0.0,True,G,707.0,P,4305,3
Mars,False,55 Cancri e,22.0,False,1371.0,0.0,235.0,0.0,0.0,True,F,805.0,S,4306,1
Earth,False,TRAPPIST-1e,37.0,False,0.0,0.0,785.0,3.0,0.0,False,E,270.0,P,4309,1
Earth,False,TRAPPIST-1e,6.0,False,0.0,0.0,0.0,0.0,0.0,True,G,709.0,P,4309,2
Earth,False,TRAPPIST-1e,22.0,False,563.0,521.0,364.0,0.0,0.0,False,F,807.0,S,4311,1
Europa,False,TRAPPIST-1e,26.0,False,0.0,137.0,0.0,0.0,7629.0,False,B,139.0,P,4312,1
Earth,False,TRAPPIST-1e,22.0,False,0.0,3.0,486.0,0.0,228.0,True,E,272.0,P,4315,1
Earth,False,TRAPPIST-1e,20.0,False,0.0,0.0,0.0,0.0,0.0,True,G,710.0,P,4315,2
Earth,False,PSO J318.5-22,28.82793046746535,False,0.0,22.0,0.0,1156.0,0.0,False,F,894.0,P,4316,1
Mars,False,TRAPPIST-1e,24.0,False,439.0,0.0,2140.0,0.0,0.0,True,D,139.0,S,4317,1
Mars,True,TRAPPIST-1e,25.0,False,0.0,0.0,0.0,0.0,0.0,True,F,808.0,S,4318,1
Earth,False,TRAPPIST-1e,48.0,False,2.0,0.0,83.0,589.0,233.0,False,G,711.0,P,4319,1
Earth,False,TRAPPIST-1e,24.0,False,786.0,0.0,0.0,7.0,0.0,False,E,273.0,P,4320,1
Mars,False,55 Cancri e,3.0,False,0.0,0.0,0.0,0.0,0.0,True,F,810.0,S,4324,1
Mars,True,TRAPPIST-1e,24.0,False,0.0,0.0,0.0,0.0,0.0,True,F,810.0,S,4324,2
Mars,False,TRAPPIST-1e,25.0,False,412.0,0.0,567.0,775.0,0.0,False,F,810.0,S,4324,3
Mars,True,55 Cancri e,1.0,False,0.0,0.0,0.0,0.0,0.0,True,F,810.0,S,4324,4
Earth,False,TRAPPIST-1e,20.0,False,0.0,187.0,712.0,0.0,0.0,True,F,811.0,S,4327,1
Earth,False,Unknown,22.0,False,39.0,0.0,63.0,3.0,654.0,False,F,812.0,S,4329,1
Mars,False,55 Cancri e,28.0,False,427.0,0.0,754.0,0.0,0.0,True,D,140.0,S,4330,1
Earth,True,55 Cancri e,17.0,False,0.0,0.0,0.0,0.0,0.0,True,G,707.0,S,4332,1
Europa,False,55 Cancri e,28.0,False,0.0,3345.0,0.0,2143.0,27.0,False,B,141.0,P,4333,1
Europa,True,TRAPPIST-1e,47.0,False,0.0,0.0,0.0,0.0,0.0,True,A,53.0,S,4334,1
Mars,True,TRAPPIST-1e,34.0,False,0.0,0.0,0.0,0.0,0.0,False,E,281.0,S,4335,1
Europa,False,TRAPPIST-1e,29.0,True,267.0,1418.0,257.0,843.0,0.0,True,C,155.0,S,4336,1
Europa,True,TRAPPIST-1e,14.0,False,0.0,0.0,0.0,0.0,0.0,True,C,155.0,S,4336,2
Europa,False,TRAPPIST-1e,36.0,False,0.0,563.0,0.0,1301.0,830.0,True,F,82.0,S,4336,3
Europa,False,55 Cancri e,40.0,False,2320.0,0.0,4874.0,3131.0,498.0,True,C,155.0,S,4336,4
Mars,False,TRAPPIST-1e,49.0,False,22.0,0.0,1129.0,0.0,77.0,True,F,813.0,S,4337,1
Europa,False,TRAPPIST-1e,51.0,False,0.0,0.0,0.0,0.0,0.0,True,C,156.0,S,4338,1
Europa,False,TRAPPIST-1e,41.0,False,0.0,545.0,0.0,2740.0,293.0,True,C,156.0,S,4338,2
Europa,False,55 Cancri e,44.0,False,0.0,14201.0,0.0,22.0,584.0,True,C,156.0,S,4338,3
Mars,False,TRAPPIST-1e,47.0,False,2044.0,0.0,95.0,0.0,120.0,False,F,814.0,S,4339,1
Earth,False,TRAPPIST-1e,22.0,False,0.0,0.0,945.0,0.0,4.0,True,F,815.0,S,4340,1
Earth,True,PSO J318.5-22,13.0,False,0.0,0.0,0.0,0.0,0.0,True,G,708.0,S,4343,1
Earth,False,TRAPPIST-1e,18.0,False,0.0,35.0,661.0,0.0,63.0,True,F,816.0,S,4344,1
Earth,False,TRAPPIST-1e,28.0,False,0.0,1125.0,3.0,562.0,7.0,False,G,717.0,P,4345,1
Earth,False,55 Cancri e,22.0,False,429.0,2.0,232.0,0.0,59.0,True,E,274.0,P,4346,1
Earth,False,TRAPPIST-1e,50.0,False,444.0,0.0,408.0,0.0,0.0,False,G,718.0,P,4347,1
Europa,True,TRAPPIST-1e,47.0,True,0.0,0.0,0.0,0.0,0.0,True,B,142.0,P,4348,1
Mars,False,TRAPPIST-1e,55.0,False,802.0,0.0,155.0,4.0,337.0,False,E,275.0,P,4349,1
Earth,True,TRAPPIST-1e,21.0,False,0.0,0.0,0.0,0.0,0.0,True,G,709.0,S,4350,1
Earth,False,PSO J318.5-22,39.0,False,0.0,0.0,1.0,0.0,2330.0,False,G,709.0,S,4350,2
Earth,False,Unknown,21.0,False,641.0,0.0,409.0,0.0,0.0,False,F,895.0,P,4351,1
Europa,False,TRAPPIST-1e,37.0,False,33.0,3484.0,17.0,4.0,1384.0,True,C,157.0,S,4352,1
Europa,False,TRAPPIST-1e,31.0,False,22.0,10025.0,2.0,124.0,1.0,True,C,157.0,S,4352,2
Earth,False,TRAPPIST-1e,23.0,False,115.0,1.0,0.0,0.0,249.0,False,E,276.0,P,4354,1
Europa,True,55 Cancri e,28.0,False,0.0,0.0,0.0,0.0,0.0,True,B,167.0,S,4356,1
Mars,False,TRAPPIST-1e,23.0,False,118.0,0.0,949.0,206.0,2071.0,False,D,148.0,P,4357,1
Earth,False,PSO J318.5-22,20.0,False,0.0,272.0,108.0,0.0,230.0,True,F,818.0,S,4358,1
Europa,False,TRAPPIST-1e,28.0,False,3.0,2127.0,0.0,696.0,10.0,False,C,137.0,P,4359,1
Europa,False,55 Cancri e,40.0,False,0.0,17687.0,0.0,425.0,155.0,True,C,137.0,P,4359,2
Europa,False,55 Cancri e,54.0,False,0.0,1832.0,0.0,0.0,1768.0,False,C,137.0,P,4359,3
Mars,True,TRAPPIST-1e,18.0,False,0.0,0.0,0.0,0.0,0.0,True,F,896.0,P,4360,1
Earth,False,55 Cancri e,27.0,False,0.0,14.0,0.0,734.0,331.0,True,F,819.0,S,4361,1
Europa,False,TRAPPIST-1e,43.0,False,0.0,1947.0,0.0,0.0,1651.0,True,B,168.0,S,4362,1
Earth,True,PSO J318.5-22,25.0,False,0.0,0.0,0.0,0.0,0.0,True,G,720.0,P,4364,1
Unknown,False,TRAPPIST-1e,13.0,False,552.0,247.0,0.0,4.0,0.0,False,F,898.0,P,4365,1
Earth,False,PSO J318.5-22,15.0,False,0.0,0.0,873.0,0.0,5.0,True,F,899.0,P,4366,1
Earth,True,55 Cancri e,37.0,False,0.0,0.0,0.0,0.0,0.0,True,G,710.0,S,4367,1
Mars,True,55 Cancri e,32.0,False,0.0,0.0,0.0,0.0,0.0,True,F,900.0,P,4368,1
Earth,False,TRAPPIST-1e,19.0,False,857.0,0.0,0.0,0.0,0.0,False,F,820.0,S,4369,1
Earth,False,TRAPPIST-1e,21.0,False,3.0,1.0,0.0,1494.0,110.0,False,F,82.0,S,4370,1
Europa,False,TRAPPIST-1e,27.0,False,0.0,2717.0,0.0,0.0,986.0,True,C,158.0,S,4371,1
Europa,False,55 Cancri e,39.0,False,106.0,243.0,126.0,7.0,4967.0,False,C,158.0,S,4371,2
Unknown,True,TRAPPIST-1e,22.0,False,0.0,0.0,0.0,0.0,0.0,True,C,158.0,S,4371,3
Europa,False,TRAPPIST-1e,25.0,False,0.0,4384.0,4285.0,812.0,360.0,True,C,158.0,S,4371,4
Europa,False,55 Cancri e,34.0,False,0.0,7221.0,0.0,288.0,2275.0,True,C,158.0,S,4371,5
Mars,True,TRAPPIST-1e,54.0,False,0.0,0.0,0.0,0.0,0.0,True,F,821.0,S,4372,1
Mars,False,TRAPPIST-1e,42.0,False,954.0,0.0,1.0,0.0,0.0,False,E,283.0,S,4372,2
Earth,False,PSO J318.5-22,36.0,False,735.0,0.0,2.0,0.0,0.0,False,F,822.0,S,4373,1
Earth,False,PSO J318.5-22,43.0,False,0.0,168.0,3.0,0.0,452.0,True,E,284.0,S,4376,1
Earth,False,PSO J318.5-22,23.0,False,65.0,94.0,0.0,0.0,445.0,True,F,901.0,P,4382,1
Europa,False,TRAPPIST-1e,57.0,False,0.0,0.0,0.0,0.0,0.0,True,B,169.0,S,4383,1
Europa,False,TRAPPIST-1e,54.0,False,0.0,0.0,0.0,0.0,0.0,True,B,170.0,S,4386,1
Europa,False,TRAPPIST-1e,51.0,False,0.0,16455.0,885.0,0.0,363.0,True,B,170.0,S,4386,2
Mars,False,PSO J318.5-22,32.0,False,192.0,0.0,441.0,18.0,0.0,False,F,902.0,P,4387,1
Europa,False,TRAPPIST-1e,33.0,False,0.0,0.0,0.0,0.0,0.0,True,B,171.0,S,4388,1
Mars,True,TRAPPIST-1e,8.0,False,0.0,0.0,0.0,0.0,0.0,True,F,903.0,P,4390,1
Mars,True,TRAPPIST-1e,44.0,False,0.0,0.0,0.0,0.0,0.0,True,F,903.0,P,4390,2
Mars,False,TRAPPIST-1e,27.0,False,875.0,0.0,61.0,289.0,0.0,False,F,903.0,P,4390,3
Earth,False,TRAPPIST-1e,48.0,False,383.0,0.0,0.0,393.0,10.0,True,F,904.0,P,4391,1
Earth,False,55 Cancri e,13.0,False,38.0,0.0,0.0,733.0,0.0,False,G,714.0,S,4392,1
Earth,True,TRAPPIST-1e,5.0,False,0.0,0.0,0.0,0.0,0.0,False,G,722.0,P,4393,1
Earth,False,TRAPPIST-1e,18.0,False,754.0,0.0,34.0,0.0,0.0,False,E,278.0,P,4393,2
Earth,False,TRAPPIST-1e,23.0,False,0.0,0.0,206.0,681.0,31.0,False,F,905.0,P,4395,1
Earth,False,TRAPPIST-1e,23.0,False,0.0,153.0,11.0,646.0,0.0,False,G,715.0,S,4396,1
Earth,True,PSO J318.5-22,35.0,False,0.0,0.0,0.0,0.0,0.0,True,F,82.0,S,4397,1
Earth,False,TRAPPIST-1e,25.0,False,141.0,3.0,640.0,0.0,100.0,False,G,724.0,P,4399,1
Mars,False,TRAPPIST-1e,32.0,False,689.0,0.0,610.0,0.0,0.0,False,E,285.0,S,4400,1
Mars,False,55 Cancri e,0.0,False,0.0,0.0,0.0,0.0,0.0,True,F,830.0,S,4400,2
Mars,True,Unknown,5.0,False,0.0,0.0,0.0,0.0,0.0,True,F,830.0,S,4400,3
Earth,False,55 Cancri e,16.0,False,0.0,0.0,0.0,0.0,0.0,True,G,716.0,S,4401,1
Earth,True,PSO J318.5-22,18.0,False,0.0,0.0,0.0,0.0,0.0,True,G,716.0,S,4401,2
Earth,True,PSO J318.5-22,29.0,False,0.0,0.0,0.0,0.0,0.0,False,G,725.0,P,4402,1
Earth,False,TRAPPIST-1e,55.0,False,134.0,935.0,0.0,6.0,394.0,False,F,831.0,S,4403,1
Earth,False,Unknown,41.0,False,7.0,0.0,297.0,108.0,361.0,False,G,717.0,S,4403,2
Earth,False,TRAPPIST-1e,38.0,False,0.0,2.0,404.0,121.0,0.0,False,G,726.0,P,4404,1
Europa,True,TRAPPIST-1e,27.0,False,0.0,0.0,0.0,0.0,0.0,True,C,159.0,S,4405,1
Earth,True,TRAPPIST-1e,55.0,False,0.0,0.0,0.0,0.0,0.0,True,G,719.0,S,4407,1
Mars,True,TRAPPIST-1e,75.0,False,0.0,0.0,0.0,0.0,0.0,True,F,906.0,P,4408,1
Europa,False,TRAPPIST-1e,50.0,False,0.0,817.0,388.0,78.0,693.0,True,C,160.0,S,4409,1
Earth,False,TRAPPIST-1e,23.0,False,27.0,0.0,32.0,725.0,0.0,False,G,720.0,S,4410,1
Earth,False,PSO J318.5-22,37.0,False,715.0,0.0,54.0,0.0,0.0,True,G,721.0,S,4411,1
Earth,False,TRAPPIST-1e,33.0,False,0.0,0.0,232.0,0.0,622.0,False,G,722.0,S,4413,1
Mars,False,TRAPPIST-1e,45.0,False,941.0,281.0,36.0,12.0,39.0,False,F,833.0,S,4415,1
Europa,True,55 Cancri e,47.0,False,0.0,0.0,0.0,0.0,0.0,True,B,143.0,P,4416,1
Europa,True,TRAPPIST-1e,13.0,False,0.0,0.0,0.0,0.0,0.0,True,B,172.0,S,4422,1
Europa,False,TRAPPIST-1e,29.0,False,0.0,6338.0,0.0,1366.0,89.0,True,B,172.0,S,4422,2
Mars,False,TRAPPIST-1e,19.0,False,30.0,0.0,42.0,3565.0,7.0,False,E,287.0,S,4424,1
Mars,True,TRAPPIST-1e,30.0,False,0.0,0.0,0.0,0.0,0.0,True,F,835.0,S,4426,1
Europa,False,55 Cancri e,39.0,False,3.0,83.0,0.0,805.0,2983.0,False,D,141.0,S,4427,1
Europa,False,TRAPPIST-1e,31.0,False,0.0,46.0,0.0,209.0,2908.0,False,D,141.0,S,4427,2
Europa,False,55 Cancri e,29.0,False,0.0,11417.0,12.0,795.0,402.0,True,C,162.0,S,4428,1
Mars,False,TRAPPIST-1e,16.0,False,546.0,90.0,23.0,513.0,0.0,False,E,288.0,S,4429,1
Earth,False,PSO J318.5-22,18.0,False,0.0,2.0,1513.0,0.0,0.0,True,F,836.0,S,4430,1
Earth,False,55 Cancri e,38.0,False,8.0,0.0,1414.0,10.0,3.0,False,G,727.0,P,4431,1
Earth,True,TRAPPIST-1e,50.0,False,0.0,0.0,0.0,0.0,0.0,False,G,728.0,P,4432,1
Earth,True,PSO J318.5-22,21.0,False,0.0,0.0,0.0,0.0,0.0,False,G,729.0,P,4433,1
Earth,True,PSO J318.5-22,22.0,False,0.0,0.0,0.0,0.0,0.0,True,G,730.0,P,4436,1
Earth,True,TRAPPIST-1e,20.0,False,0.0,0.0,0.0,0.0,0.0,True,G,725.0,S,4437,1
Mars,False,TRAPPIST-1e,36.0,False,721.0,0.0,471.0,0.0,0.0,False,F,910.0,P,4438,1
Unknown,False,TRAPPIST-1e,23.0,False,0.0,282.0,0.0,0.0,71.0,True,F,911.0,P,4440,1
Europa,True,55 Cancri e,31.0,True,0.0,0.0,0.0,0.0,0.0,True,B,144.0,P,4441,1
Europa,True,TRAPPIST-1e,39.0,False,0.0,0.0,0.0,0.0,0.0,True,B,144.0,P,4441,2
Europa,False,55 Cancri e,50.0,False,0.0,4558.0,0.0,1.0,267.0,True,B,144.0,P,4441,3
Earth,False,TRAPPIST-1e,40.0,False,0.0,901.0,0.0,0.0,89.0,False,E,291.0,S,4444,1
Earth,False,TRAPPIST-1e,28.0,False,8.0,0.0,77.0,560.0,0.0,False,F,912.0,P,4445,1
Europa,False,TRAPPIST-1e,38.0,False,2.0,114.0,771.0,3094.0,448.0,False,B,175.0,S,4446,1
Europa,False,TRAPPIST-1e,37.0,False,0.0,3603.0,33.0,7113.0,1.0,False,B,175.0,S,4446,2
Europa,True,55 Cancri e,59.0,False,0.0,0.0,0.0,0.0,0.0,True,B,175.0,S,4446,3
Europa,False,55 Cancri e,41.0,False,35.0,6103.0,0.0,180.0,160.0,True,B,175.0,S,4446,4
Europa,False,TRAPPIST-1e,33.0,False,0.0,4017.0,0.0,0.0,2260.0,True,B,175.0,S,4446,5
Earth,True,TRAPPIST-1e,54.0,False,0.0,0.0,0.0,0.0,0.0,True,F,82.0,S,4447,1
Earth,False,TRAPPIST-1e,40.0,False,0.0,0.0,2414.0,0.0,0.0,True,F,913.0,P,4448,1
Mars,False,TRAPPIST-1e,43.0,False,130.0,0.0,870.0,31.0,26.0,True,D,142.0,S,4449,1
Europa,True,55 Cancri e,26.0,False,0.0,0.0,0.0,0.0,0.0,True,C,140.0,P,4450,1
Europa,False,55 Cancri e,65.0,False,0.0,7194.0,0.0,6.0,0.0,True,C,140.0,P,4450,2
Europa,True,55 Cancri e,22.0,False,0.0,0.0,0.0,0.0,0.0,True,C,140.0,P,4450,3
Europa,False,TRAPPIST-1e,28.0,False,0.0,3627.0,0.0,31.0,3263.0,False,C,140.0,P,4450,4
Unknown,True,TRAPPIST-1e,35.0,False,0.0,0.0,0.0,0.0,0.0,True,F,914.0,P,4451,1
Earth,True,TRAPPIST-1e,30.0,False,0.0,0.0,0.0,0.0,0.0,True,G,727.0,S,4452,1
Europa,False,TRAPPIST-1e,28.0,False,0.0,2560.0,0.0,134.0,307.0,False,D,149.0,P,4453,1
Earth,False,TRAPPIST-1e,23.0,False,0.0,10.0,159.0,0.0,125.0,True,F,916.0,P,4456,1
Earth,False,TRAPPIST-1e,24.0,False,698.0,0.0,51.0,2.0,4.0,True,F,917.0,P,4457,1
Earth,True,PSO J318.5-22,16.0,False,0.0,0.0,0.0,0.0,0.0,True,G,733.0,P,4459,1
Mars,True,TRAPPIST-1e,18.0,False,0.0,0.0,0.0,0.0,0.0,True,F,838.0,S,4461,1
Earth,False,TRAPPIST-1e,20.0,False,399.0,77.0,311.0,0.0,16.0,False,F,918.0,P,4462,1
Europa,True,Unknown,29.0,False,0.0,0.0,0.0,0.0,0.0,True,B,145.0,P,4463,1
Europa,True,TRAPPIST-1e,29.0,False,0.0,0.0,0.0,0.0,0.0,True,B,145.0,P,4463,2
Earth,False,TRAPPIST-1e,21.0,False,0.0,0.0,0.0,0.0,0.0,False,G,728.0,S,4464,1
Europa,True,TRAPPIST-1e,2.0,False,0.0,0.0,0.0,0.0,0.0,False,A,54.0,S,4465,1
Europa,False,TRAPPIST-1e,43.0,False,31.0,76.0,0.0,1353.0,1713.0,False,A,54.0,S,4465,2
Europa,False,TRAPPIST-1e,28.0,False,0.0,1883.0,0.0,1.0,4560.0,False,A,54.0,S,4465,3
Europa,False,55 Cancri e,31.0,True,0.0,2461.0,0.0,51.0,2141.0,False,A,40.0,P,4466,1
Earth,False,TRAPPIST-1e,23.0,False,36.0,18.0,670.0,0.0,32.0,True,F,919.0,P,4467,1
Europa,True,TRAPPIST-1e,26.0,False,0.0,0.0,0.0,0.0,0.0,True,B,146.0,P,4469,1
Europa,False,55 Cancri e,43.0,False,0.0,39.0,327.0,4643.0,85.0,False,B,146.0,P,4469,2
Earth,False,TRAPPIST-1e,28.0,False,1549.0,0.0,5.0,0.0,0.0,False,F,839.0,S,4470,1
Earth,False,PSO J318.5-22,24.0,False,0.0,266.0,1455.0,59.0,0.0,False,G,734.0,P,4472,1
Earth,False,TRAPPIST-1e,27.0,False,110.0,0.0,638.0,0.0,0.0,False,F,920.0,P,4472,2
Mars,False,55 Cancri e,13.0,False,2244.0,31.0,507.0,0.0,142.0,False,F,841.0,S,4473,1
Mars,False,TRAPPIST-1e,27.0,False,994.0,0.0,26.0,1.0,0.0,False,E,292.0,S,4473,2
Earth,True,TRAPPIST-1e,2.0,False,0.0,0.0,0.0,0.0,0.0,True,G,730.0,S,4474,1
Earth,True,TRAPPIST-1e,24.0,False,0.0,0.0,0.0,0.0,0.0,True,G,730.0,S,4474,2
Earth,True,TRAPPIST-1e,2.0,False,0.0,0.0,0.0,0.0,0.0,True,G,730.0,S,4474,3
Europa,False,TRAPPIST-1e,50.0,True,13.0,239.0,0.0,161.0,2355.0,False,A,55.0,S,4475,1
Europa,True,55 Cancri e,27.0,False,0.0,0.0,0.0,0.0,0.0,True,A,55.0,S,4475,2
Earth,False,TRAPPIST-1e,26.0,False,1170.0,0.0,0.0,187.0,100.0,False,F,921.0,P,4476,1
Earth,False,55 Cancri e,31.0,False,23.0,0.0,0.0,0.0,17.0,False,G,731.0,S,4477,1
Mars,False,TRAPPIST-1e,28.0,False,3559.0,0.0,0.0,13.0,2.0,False,D,150.0,P,4479,1
Earth,False,55 Cancri e,4.0,False,0.0,0.0,0.0,0.0,0.0,False,G,732.0,S,4482,1
Earth,False,TRAPPIST-1e,9.0,False,0.0,0.0,0.0,0.0,0.0,True,G,732.0,S,4482,2
Earth,False,TRAPPIST-1e,0.0,False,0.0,0.0,0.0,0.0,0.0,True,G,732.0,S,4482,3
Earth,True,TRAPPIST-1e,35.0,False,0.0,0.0,0.0,0.0,0.0,False,G,732.0,S,4482,4
Earth,True,TRAPPIST-1e,3.0,False,0.0,0.0,0.0,0.0,0.0,True,G,732.0,S,4482,5
Mars,False,TRAPPIST-1e,25.0,False,1956.0,0.0,161.0,239.0,28.0,False,D,151.0,P,4483,1
Mars,False,TRAPPIST-1e,63.0,False,3087.0,0.0,60.0,2.0,0.0,False,D,151.0,P,4483,2
Mars,True,TRAPPIST-1e,34.0,False,0.0,0.0,0.0,0.0,0.0,True,F,922.0,P,4485,1
Mars,False,TRAPPIST-1e,35.0,False,1219.0,0.0,1742.0,740.0,0.0,False,F,922.0,P,4485,2
Earth,True,TRAPPIST-1e,26.0,False,0.0,0.0,0.0,0.0,0.0,True,G,733.0,S,4486,1
Earth,False,TRAPPIST-1e,39.0,False,0.0,3.0,0.0,802.0,49.0,False,G,735.0,P,4487,1
Europa,False,55 Cancri e,34.0,False,0.0,337.0,1339.0,92.0,264.0,False,D,143.0,S,4490,1
Europa,False,TRAPPIST-1e,36.0,False,0.0,1013.0,1.0,16.0,2825.0,False,B,148.0,P,4491,1
Earth,True,TRAPPIST-1e,46.0,False,0.0,0.0,0.0,0.0,0.0,True,G,736.0,P,4492,1
Earth,False,TRAPPIST-1e,26.0,False,42.0,65.0,895.0,407.0,0.0,True,F,845.0,S,4493,1
Mars,True,TRAPPIST-1e,28.0,False,0.0,0.0,0.0,0.0,0.0,True,F,846.0,S,4494,1
Earth,False,55 Cancri e,20.0,False,0.0,3080.0,7.0,0.0,67.0,True,F,924.0,P,4496,1
Earth,True,TRAPPIST-1e,35.0,False,0.0,0.0,0.0,0.0,0.0,False,G,737.0,P,4497,1
Earth,False,55 Cancri e,11.0,False,0.0,0.0,0.0,0.0,0.0,False,G,734.0,S,4498,1
Earth,True,PSO J318.5-22,14.0,False,0.0,0.0,0.0,0.0,0.0,False,G,734.0,S,4498,2
Earth,True,PSO J318.5-22,4.0,False,0.0,0.0,0.0,0.0,0.0,True,G,734.0,S,4498,3
Earth,False,TRAPPIST-1e,11.0,False,0.0,0.0,0.0,0.0,0.0,False,G,734.0,S,4498,4
Earth,True,TRAPPIST-1e,31.0,False,0.0,0.0,0.0,0.0,0.0,True,G,734.0,S,4498,5
Earth,False,TRAPPIST-1e,15.0,False,0.0,893.0,0.0,0.0,0.0,True,G,734.0,S,4498,6
Earth,False,TRAPPIST-1e,39.0,False,0.0,2.0,0.0,69.0,836.0,False,G,734.0,S,4498,7
Earth,False,TRAPPIST-1e,7.0,False,0.0,0.0,0.0,0.0,0.0,False,G,734.0,S,4498,8
Earth,False,TRAPPIST-1e,24.0,False,83.0,0.0,129.0,504.0,0.0,False,F,847.0,S,4500,1
Unknown,True,TRAPPIST-1e,22.0,False,0.0,0.0,0.0,0.0,0.0,True,G,735.0,S,4501,1
Mars,True,TRAPPIST-1e,26.0,False,0.0,0.0,0.0,0.0,0.0,False,E,281.0,P,4502,1
Europa,False,55 Cancri e,53.0,False,0.0,864.0,49.0,39.0,2376.0,True,C,165.0,S,4505,1
Europa,False,TRAPPIST-1e,40.0,False,2.0,76.0,0.0,201.0,0.0,False,C,165.0,S,4505,2
Mars,False,TRAPPIST-1e,19.0,False,160.0,0.0,889.0,0.0,0.0,False,E,294.0,S,4506,1
Mars,False,55 Cancri e,54.0,False,433.0,0.0,867.0,19.0,1.0,False,F,926.0,P,4508,1
Mars,False,TRAPPIST-1e,21.0,False,572.0,584.0,128.0,14.0,0.0,False,E,283.0,P,4508,2
Mars,False,TRAPPIST-1e,25.0,False,1340.0,0.0,8.0,0.0,0.0,False,F,926.0,P,4508,3
Mars,False,TRAPPIST-1e,48.0,False,137.0,0.0,877.0,0.0,0.0,True,E,295.0,S,4509,1
Mars,False,PSO J318.5-22,41.0,False,0.0,0.0,1127.0,8.0,0.0,True,D,144.0,S,4509,2
Mars,False,TRAPPIST-1e,13.0,False,27.0,0.0,3246.0,0.0,0.0,True,D,144.0,S,4509,3
Europa,False,TRAPPIST-1e,57.0,False,0.0,0.0,0.0,0.0,0.0,True,B,177.0,S,4510,1
Europa,True,TRAPPIST-1e,25.0,False,0.0,0.0,0.0,0.0,0.0,True,B,178.0,S,4511,1
Europa,True,55 Cancri e,48.0,False,0.0,0.0,0.0,0.0,0.0,True,B,178.0,S,4511,2
Mars,False,TRAPPIST-1e,34.0,False,849.0,51.0,375.0,0.0,24.0,False,E,296.0,S,4512,1
Earth,True,TRAPPIST-1e,16.0,False,0.0,0.0,0.0,0.0,0.0,True,G,736.0,S,4514,1
Earth,False,TRAPPIST-1e,0.0,False,0.0,0.0,0.0,0.0,0.0,False,G,739.0,P,4515,1
Earth,False,55 Cancri e,15.0,False,6.0,1740.0,2184.0,0.0,0.0,True,G,739.0,P,4515,2
Earth,False,55 Cancri e,37.0,False,426.0,0.0,2.0,194.0,308.0,False,F,848.0,S,4516,1
Earth,False,TRAPPIST-1e,37.0,False,452.0,0.0,234.0,19.0,1290.0,False,F,849.0,S,4517,1
Earth,False,TRAPPIST-1e,49.0,False,820.0,1.0,690.0,292.0,13.0,False,G,740.0,P,4518,1
Earth,False,TRAPPIST-1e,18.0,False,1.0,1.0,0.0,0.0,746.0,False,F,929.0,P,4521,1
Earth,False,TRAPPIST-1e,25.0,False,101.0,32.0,0.0,137.0,633.0,True,F,850.0,S,4522,1
Earth,False,PSO J318.5-22,28.82793046746535,False,0.0,116.0,2048.0,2.0,0.0,True,F,930.0,P,4524,1
Earth,False,55 Cancri e,43.0,False,26.0,132.0,3.0,117.0,555.0,False,G,738.0,S,4529,1
Earth,False,TRAPPIST-1e,20.0,False,9.0,0.0,157.0,525.0,0.0,False,F,933.0,P,4530,1
Europa,True,TRAPPIST-1e,54.0,False,0.0,0.0,0.0,0.0,0.0,True,C,142.0,P,4531,1
Earth,True,TRAPPIST-1e,30.0,False,0.0,0.0,0.0,0.0,0.0,True,G,739.0,S,4532,1
Europa,True,TRAPPIST-1e,37.0,False,0.0,0.0,0.0,0.0,0.0,True,B,149.0,P,4533,1
Earth,False,55 Cancri e,30.0,False,60.0,41.0,553.0,1.0,0.0,True,F,851.0,S,4534,1
Earth,False,TRAPPIST-1e,20.0,False,631.0,93.0,0.0,0.0,0.0,False,F,934.0,P,4535,1
Earth,False,TRAPPIST-1e,20.0,False,25.0,0.0,796.0,44.0,44.0,False,G,742.0,P,4535,2
Earth,False,TRAPPIST-1e,24.0,False,0.0,591.0,0.0,0.0,1560.0,False,F,852.0,S,4537,1
Earth,False,TRAPPIST-1e,44.0,False,0.0,121.0,0.0,748.0,0.0,False,F,935.0,P,4538,1
Earth,False,55 Cancri e,0.0,False,0.0,0.0,0.0,0.0,0.0,True,G,740.0,S,4539,1
Earth,True,TRAPPIST-1e,15.0,False,0.0,0.0,0.0,0.0,0.0,True,G,740.0,S,4539,2
Europa,True,TRAPPIST-1e,19.0,False,0.0,0.0,0.0,0.0,0.0,True,B,150.0,P,4542,1
Europa,True,55 Cancri e,20.0,False,0.0,0.0,0.0,0.0,0.0,True,B,150.0,P,4542,2
Mars,False,PSO J318.5-22,20.0,True,14.0,0.0,59.0,1777.0,0.0,False,F,936.0,P,4543,1
Earth,True,TRAPPIST-1e,34.0,False,0.0,0.0,0.0,0.0,0.0,True,G,743.0,P,4544,1
Earth,False,PSO J318.5-22,17.0,False,0.0,0.0,0.0,0.0,0.0,True,G,744.0,P,4546,1
Earth,False,TRAPPIST-1e,20.0,False,0.0,25.0,0.0,0.0,803.0,True,E,297.0,S,4547,1
Earth,False,TRAPPIST-1e,42.0,False,0.0,1.0,0.0,17.0,1601.0,False,E,298.0,S,4549,1
Earth,False,TRAPPIST-1e,28.0,False,0.0,180.0,516.0,0.0,0.0,True,F,853.0,S,4550,1
Mars,False,TRAPPIST-1e,43.0,False,375.0,103.0,1990.0,36.0,0.0,True,F,937.0,P,4552,1
Europa,False,PSO J318.5-22,55.0,True,0.0,102.0,0.0,278.0,5353.0,False,C,143.0,P,4553,1
Earth,False,TRAPPIST-1e,21.0,False,29.0,27.0,47.0,694.0,11.0,False,G,743.0,S,4555,1
Earth,False,TRAPPIST-1e,17.0,False,0.0,656.0,295.0,0.0,35.0,False,E,286.0,P,4557,1
Europa,False,55 Cancri e,54.0,False,0.0,559.0,0.0,15238.0,2799.0,False,C,167.0,S,4558,1
Earth,False,TRAPPIST-1e,25.0,False,0.0,205.0,0.0,0.0,549.0,True,F,854.0,S,4559,1
Earth,False,TRAPPIST-1e,28.82793046746535,False,0.0,57.0,851.0,0.0,0.0,True,G,744.0,S,4560,1
Europa,False,55 Cancri e,45.0,False,0.0,496.0,0.0,1940.0,4195.0,False,C,168.0,S,4561,1
Europa,True,TRAPPIST-1e,31.0,False,0.0,0.0,0.0,0.0,0.0,True,B,180.0,S,4562,1
Europa,True,55 Cancri e,19.0,False,0.0,0.0,0.0,0.0,0.0,True,C,169.0,S,4563,1
Earth,False,TRAPPIST-1e,30.0,False,0.0,43.0,0.0,0.0,6.0,False,G,745.0,P,4564,1
Earth,False,TRAPPIST-1e,24.0,False,191.0,497.0,0.0,0.0,16.0,False,G,746.0,P,4565,1
Earth,False,TRAPPIST-1e,28.82793046746535,False,0.0,20.0,38.0,359.0,516.0,False,F,939.0,P,4567,1
Mars,False,TRAPPIST-1e,42.0,False,4102.0,0.0,36.0,0.0,1825.0,False,F,940.0,P,4568,1
Europa,True,55 Cancri e,29.0,False,0.0,0.0,0.0,0.0,0.0,True,B,151.0,P,4569,1
Europa,False,55 Cancri e,37.0,False,0.0,2235.0,7.0,4098.0,89.0,False,B,151.0,P,4569,2
Europa,True,TRAPPIST-1e,64.0,False,0.0,0.0,0.0,0.0,0.0,True,C,170.0,S,4570,1
Earth,True,TRAPPIST-1e,24.0,False,0.0,0.0,0.0,0.0,0.0,True,G,745.0,S,4571,1
Earth,False,55 Cancri e,23.0,False,42.0,0.0,0.0,765.0,2.0,False,G,746.0,S,4572,1
Earth,False,TRAPPIST-1e,22.0,False,686.0,45.0,16.0,7.0,4.0,True,F,856.0,S,4573,1
Mars,False,TRAPPIST-1e,23.0,False,176.0,493.0,169.0,0.0,1023.0,False,F,857.0,S,4574,1
Earth,False,TRAPPIST-1e,21.0,False,3.0,65.0,253.0,475.0,0.0,False,F,941.0,P,4575,1
Earth,False,TRAPPIST-1e,37.0,False,661.0,876.0,0.0,3.0,13.0,False,F,942.0,P,4576,1
Mars,False,TRAPPIST-1e,17.0,False,250.0,0.0,2179.0,0.0,0.0,True,F,858.0,S,4577,1
Mars,True,TRAPPIST-1e,35.0,False,0.0,0.0,0.0,0.0,0.0,True,F,860.0,S,4580,1
Europa,False,TRAPPIST-1e,33.0,False,0.0,4592.0,0.0,209.0,954.0,True,B,181.0,S,4581,1
Europa,False,55 Cancri e,37.0,False,0.0,2337.0,0.0,204.0,76.0,True,B,181.0,S,4581,2
Europa,False,55 Cancri e,32.0,False,0.0,154.0,0.0,5492.0,1924.0,False,B,182.0,S,4585,1
Mars,False,55 Cancri e,31.0,False,22.0,0.0,0.0,1.0,524.0,False,F,943.0,P,4586,1
Europa,False,TRAPPIST-1e,28.82793046746535,False,0.0,4020.0,0.0,1635.0,4899.0,False,A,42.0,P,4587,1
Europa,True,55 Cancri e,34.0,False,0.0,0.0,0.0,0.0,0.0,True,E,287.0,P,4591,1
Mars,False,TRAPPIST-1e,9.0,False,0.0,0.0,0.0,0.0,0.0,True,F,862.0,S,4592,1
Mars,True,TRAPPIST-1e,25.0,False,0.0,0.0,0.0,0.0,0.0,True,F,862.0,S,4592,2
Mars,True,Unknown,29.0,False,0.0,0.0,0.0,0.0,0.0,True,F,862.0,S,4592,3
Mars,True,TRAPPIST-1e,1.0,False,0.0,0.0,0.0,0.0,0.0,True,F,862.0,S,4592,4
Earth,False,TRAPPIST-1e,30.0,False,1.0,797.0,0.0,10.0,0.0,True,G,750.0,S,4593,1
Europa,False,TRAPPIST-1e,64.0,False,77.0,2424.0,0.0,3001.0,127.0,False,C,144.0,P,4594,1
Europa,False,TRAPPIST-1e,31.0,False,0.0,6670.0,217.0,625.0,20336.0,False,C,144.0,P,4594,2
Europa,False,TRAPPIST-1e,27.0,False,267.0,2802.0,0.0,54.0,77.0,True,C,144.0,P,4594,3
Europa,False,TRAPPIST-1e,28.82793046746535,False,0.0,4516.0,0.0,6167.0,5308.0,False,C,144.0,P,4594,4
Europa,True,TRAPPIST-1e,25.0,False,0.0,0.0,0.0,0.0,0.0,True,C,145.0,P,4595,1
Unknown,True,TRAPPIST-1e,28.0,False,0.0,0.0,0.0,0.0,0.0,True,G,751.0,S,4596,1
Earth,True,TRAPPIST-1e,32.0,False,0.0,0.0,0.0,0.0,0.0,True,G,748.0,P,4597,1
Earth,False,55 Cancri e,36.0,False,0.0,0.0,0.0,725.0,2.0,False,F,945.0,P,4602,1
Europa,False,55 Cancri e,26.0,False,0.0,3593.0,47.0,19.0,229.0,True,C,171.0,S,4603,1
Europa,False,TRAPPIST-1e,36.0,False,1.0,5234.0,343.0,277.0,12682.0,False,C,171.0,S,4603,2
Earth,False,TRAPPIST-1e,37.0,False,374.0,1327.0,10.0,81.0,0.0,False,G,753.0,S,4604,1
Earth,False,TRAPPIST-1e,45.0,False,0.0,0.0,0.0,774.0,0.0,False,G,750.0,P,4605,1
Europa,False,TRAPPIST-1e,22.0,False,165.0,36.0,0.0,3044.0,556.0,False,C,172.0,S,4606,1
Europa,False,55 Cancri e,24.0,False,25.0,3291.0,0.0,6075.0,179.0,False,C,172.0,S,4606,2
Earth,False,PSO J318.5-22,23.0,False,0.0,138.0,4.0,412.0,220.0,False,G,751.0,P,4607,1
Earth,False,55 Cancri e,31.0,False,2.0,20.0,1.0,1026.0,2.0,True,F,864.0,S,4608,1
Europa,False,TRAPPIST-1e,37.0,False,1.0,477.0,0.0,0.0,7087.0,False,C,173.0,S,4609,1
Earth,False,TRAPPIST-1e,28.0,False,5.0,0.0,0.0,1014.0,0.0,False,G,752.0,P,4610,1
Earth,True,TRAPPIST-1e,23.0,False,0.0,0.0,0.0,0.0,0.0,True,G,754.0,S,4611,1
Earth,False,55 Cancri e,14.0,False,0.0,166.0,603.0,1.0,0.0,True,G,755.0,S,4612,1
Europa,True,TRAPPIST-1e,40.0,False,0.0,0.0,0.0,0.0,0.0,True,B,152.0,P,4613,1
Mars,False,TRAPPIST-1e,42.0,False,36.0,0.0,2554.0,0.0,9.0,True,F,865.0,S,4615,1
Earth,False,TRAPPIST-1e,53.0,False,19.0,81.0,85.0,768.0,489.0,False,F,866.0,S,4617,1
Earth,True,TRAPPIST-1e,46.0,False,0.0,0.0,0.0,0.0,0.0,False,G,757.0,S,4620,1
Mars,False,TRAPPIST-1e,28.0,False,0.0,79.0,2003.0,0.0,0.0,True,E,289.0,P,4621,1
Earth,True,55 Cancri e,25.0,False,0.0,0.0,0.0,0.0,0.0,True,G,753.0,P,4622,1
Europa,False,PSO J318.5-22,34.0,True,0.0,0.0,21.0,7.0,16.0,True,C,146.0,P,4623,1
Mars,False,TRAPPIST-1e,58.0,False,1246.0,0.0,66.0,36.0,0.0,False,F,868.0,S,4624,1
Europa,False,TRAPPIST-1e,31.0,False,0.0,2520.0,1.0,1.0,0.0,True,B,183.0,S,4625,1
Europa,True,55 Cancri e,24.0,False,0.0,0.0,0.0,0.0,0.0,True,B,183.0,S,4625,2
Europa,False,TRAPPIST-1e,52.0,False,0.0,3275.0,111.0,51.0,18.0,True,F,82.0,S,4625,3
Europa,True,55 Cancri e,25.0,False,0.0,0.0,0.0,0.0,0.0,True,B,183.0,S,4625,4
Europa,True,TRAPPIST-1e,17.0,False,0.0,0.0,0.0,0.0,0.0,True,B,183.0,S,4625,5
Unknown,False,TRAPPIST-1e,27.0,False,0.0,453.0,137.0,1331.0,1660.0,False,B,183.0,S,4625,6
Europa,True,55 Cancri e,29.0,False,0.0,0.0,0.0,0.0,0.0,True,B,183.0,S,4625,7
Europa,False,TRAPPIST-1e,45.0,False,0.0,7484.0,465.0,14.0,610.0,True,C,175.0,S,4628,1
Earth,False,PSO J318.5-22,28.0,False,0.0,18.0,0.0,0.0,674.0,True,F,870.0,S,4630,1
Europa,True,55 Cancri e,25.0,False,0.0,0.0,0.0,0.0,0.0,True,C,147.0,P,4631,1
Europa,True,TRAPPIST-1e,57.0,False,0.0,0.0,0.0,0.0,0.0,True,C,176.0,S,4632,1
Europa,True,TRAPPIST-1e,68.0,False,0.0,0.0,0.0,0.0,0.0,True,C,176.0,S,4632,2
Europa,False,55 Cancri e,26.0,False,0.0,431.0,28.0,10941.0,26.0,False,C,176.0,S,4632,3
Europa,False,TRAPPIST-1e,52.0,False,2.0,364.0,0.0,2144.0,1804.0,False,C,176.0,S,4632,4
Europa,False,Unknown,36.0,False,0.0,551.0,0.0,5270.0,22.0,False,C,176.0,S,4632,5
Earth,False,PSO J318.5-22,41.0,False,454.0,297.0,0.0,2.0,0.0,False,G,754.0,P,4633,1
Earth,False,TRAPPIST-1e,14.0,False,514.0,0.0,392.0,0.0,0.0,False,E,299.0,S,4634,1
Earth,True,PSO J318.5-22,16.0,False,0.0,0.0,0.0,0.0,0.0,True,G,755.0,P,4635,1
Mars,False,TRAPPIST-1e,24.0,False,672.0,0.0,501.0,0.0,0.0,False,F,82.0,S,4637,1
Europa,False,TRAPPIST-1e,62.0,True,0.0,1633.0,0.0,1742.0,0.0,True,B,153.0,P,4638,1
Earth,False,55 Cancri e,26.0,False,595.0,84.0,0.0,0.0,131.0,True,G,760.0,S,4640,1
Earth,False,TRAPPIST-1e,45.0,False,65.0,63.0,3.0,713.0,27.0,False,F,871.0,S,4641,1
Europa,False,TRAPPIST-1e,41.0,False,0.0,412.0,0.0,4030.0,0.0,False,C,178.0,S,4642,1
Earth,False,TRAPPIST-1e,36.0,False,0.0,724.0,0.0,0.0,0.0,True,F,947.0,P,4643,1
Earth,False,55 Cancri e,13.0,False,8.0,1385.0,1445.0,250.0,8.0,True,F,872.0,S,4644,1
Europa,False,TRAPPIST-1e,48.0,False,0.0,9633.0,0.0,1.0,2.0,True,B,184.0,S,4645,1
Europa,True,TRAPPIST-1e,28.82793046746535,False,0.0,0.0,0.0,0.0,0.0,True,B,184.0,S,4645,2
Earth,False,PSO J318.5-22,22.0,False,141.0,16.0,0.0,177.0,336.0,True,F,873.0,S,4646,1
Unknown,False,TRAPPIST-1e,39.0,False,290.0,0.0,84.0,266.0,0.0,True,F,874.0,S,4648,1
Earth,False,TRAPPIST-1e,45.0,False,1399.0,226.0,0.0,0.0,0.0,False,E,290.0,P,4649,1
Earth,False,TRAPPIST-1e,42.0,False,84.0,323.0,0.0,1251.0,120.0,False,G,762.0,S,4650,1
Europa,False,TRAPPIST-1e,33.0,False,0.0,7039.0,0.0,902.0,405.0,True,C,179.0,S,4651,1
Earth,False,TRAPPIST-1e,27.0,False,0.0,89.0,874.0,34.0,0.0,True,F,82.0,S,4652,1
Earth,False,Unknown,47.0,False,0.0,370.0,0.0,380.0,38.0,False,E,302.0,S,4653,1
Europa,True,TRAPPIST-1e,20.0,False,0.0,0.0,0.0,0.0,0.0,True,E,291.0,P,4654,1
Europa,True,55 Cancri e,32.0,False,0.0,0.0,0.0,0.0,0.0,True,B,154.0,P,4655,1
Unknown,True,TRAPPIST-1e,54.0,False,0.0,0.0,0.0,0.0,0.0,True,B,154.0,P,4655,2
Earth,False,TRAPPIST-1e,23.0,False,0.0,1125.0,0.0,0.0,993.0,False,F,875.0,S,4656,1
Earth,False,TRAPPIST-1e,9.0,False,0.0,0.0,0.0,0.0,0.0,False,G,763.0,S,4656,2
Earth,False,TRAPPIST-1e,17.0,False,372.0,0.0,477.0,0.0,0.0,False,G,756.0,P,4657,1
Europa,False,TRAPPIST-1e,26.0,False,0.0,823.0,0.0,1821.0,1508.0,False,D,147.0,S,4658,1
Europa,False,TRAPPIST-1e,38.0,False,0.0,93.0,0.0,0.0,7303.0,False,D,147.0,S,4658,2
Earth,False,TRAPPIST-1e,24.0,False,703.0,0.0,0.0,0.0,0.0,False,F,876.0,S,4659,1
Earth,False,Unknown,30.0,False,77.0,2325.0,5.0,117.0,1.0,True,F,948.0,P,4661,1
Earth,True,55 Cancri e,2.0,False,0.0,0.0,0.0,0.0,0.0,False,G,757.0,P,4661,2
Earth,True,TRAPPIST-1e,4.0,False,0.0,0.0,0.0,0.0,0.0,True,G,757.0,P,4661,3
Earth,True,TRAPPIST-1e,9.0,False,0.0,0.0,0.0,0.0,0.0,False,G,757.0,P,4661,4
Earth,False,TRAPPIST-1e,30.0,False,0.0,0.0,3.0,3434.0,0.0,False,F,948.0,P,4661,5
Earth,True,TRAPPIST-1e,5.0,False,0.0,0.0,0.0,0.0,0.0,False,G,757.0,P,4661,6
Earth,False,TRAPPIST-1e,2.0,False,0.0,0.0,0.0,0.0,0.0,False,G,757.0,P,4661,7
Europa,False,TRAPPIST-1e,32.0,False,45.0,985.0,0.0,0.0,6803.0,False,C,148.0,P,4662,1
Europa,True,Unknown,53.0,False,0.0,0.0,0.0,0.0,0.0,True,C,148.0,P,4662,2
Europa,False,TRAPPIST-1e,46.0,False,0.0,3856.0,0.0,1.0,312.0,True,F,82.0,S,4662,3
Earth,True,TRAPPIST-1e,2.0,False,0.0,0.0,0.0,0.0,0.0,True,G,765.0,S,4663,1
Earth,True,TRAPPIST-1e,1.0,False,0.0,0.0,0.0,0.0,0.0,True,G,765.0,S,4663,2
Earth,True,TRAPPIST-1e,11.0,False,0.0,0.0,0.0,0.0,0.0,True,G,765.0,S,4663,3
Earth,False,55 Cancri e,3.0,False,0.0,0.0,0.0,0.0,0.0,True,G,765.0,S,4663,4
Earth,True,TRAPPIST-1e,33.0,False,0.0,0.0,0.0,0.0,0.0,True,G,765.0,S,4663,5
Earth,True,55 Cancri e,3.0,False,0.0,0.0,0.0,0.0,0.0,True,G,765.0,S,4663,6
Earth,False,TRAPPIST-1e,38.0,False,182.0,776.0,3.0,33.0,0.0,False,E,303.0,S,4664,1
Earth,True,PSO J318.5-22,21.0,False,0.0,0.0,0.0,0.0,0.0,False,G,758.0,P,4665,1
Earth,True,TRAPPIST-1e,41.0,False,0.0,0.0,0.0,0.0,0.0,True,F,82.0,S,4667,1
Europa,True,55 Cancri e,64.0,False,0.0,0.0,0.0,0.0,0.0,True,C,180.0,S,4668,1
Europa,True,55 Cancri e,27.0,True,0.0,0.0,0.0,0.0,0.0,True,C,180.0,S,4668,2
Earth,True,55 Cancri e,41.0,False,0.0,0.0,0.0,0.0,0.0,False,G,759.0,P,4672,1
Earth,False,Unknown,19.0,False,35.0,2.0,481.0,121.0,0.0,False,F,950.0,P,4673,1
Earth,False,TRAPPIST-1e,42.0,False,0.0,0.0,1677.0,65.0,62.0,True,G,760.0,P,4676,1
Europa,False,55 Cancri e,30.0,False,0.0,4066.0,0.0,544.0,1272.0,False,C,150.0,P,4677,1
Earth,False,TRAPPIST-1e,38.0,False,183.0,203.0,0.0,110.0,374.0,False,F,951.0,P,4678,1
Europa,False,TRAPPIST-1e,63.0,False,0.0,4579.0,1.0,1006.0,2084.0,True,C,181.0,S,4679,1
Mars,False,TRAPPIST-1e,17.0,False,0.0,0.0,38.0,0.0,2.0,False,D,155.0,P,4680,1
Mars,True,TRAPPIST-1e,2.0,False,0.0,0.0,0.0,0.0,0.0,True,F,952.0,P,4680,2
Mars,False,TRAPPIST-1e,19.0,False,0.0,0.0,0.0,0.0,0.0,True,F,952.0,P,4680,3
Mars,False,TRAPPIST-1e,37.0,False,1144.0,4.0,34.0,0.0,0.0,False,D,155.0,P,4680,4
Mars,False,TRAPPIST-1e,50.0,False,225.0,0.0,796.0,107.0,0.0,True,F,878.0,S,4684,1
Earth,False,TRAPPIST-1e,38.0,False,0.0,172.0,615.0,0.0,0.0,True,G,768.0,S,4686,1
Europa,False,TRAPPIST-1e,28.0,True,0.0,3119.0,0.0,1404.0,366.0,True,C,182.0,S,4689,1
Europa,True,TRAPPIST-1e,35.0,False,0.0,0.0,0.0,0.0,0.0,True,B,156.0,P,4690,1
Europa,False,TRAPPIST-1e,27.0,False,14327.0,1487.0,0.0,1.0,0.0,False,F,82.0,S,4690,2
Earth,False,TRAPPIST-1e,15.0,False,0.0,7.0,0.0,749.0,0.0,False,G,769.0,S,4691,1
Europa,False,TRAPPIST-1e,29.0,True,0.0,920.0,0.0,2052.0,3687.0,False,B,186.0,S,4693,1
Europa,True,55 Cancri e,65.0,False,0.0,0.0,0.0,0.0,0.0,True,B,186.0,S,4693,2
Earth,False,55 Cancri e,27.0,False,0.0,630.0,0.0,71.0,0.0,True,F,881.0,S,4694,1
Mars,False,TRAPPIST-1e,0.0,False,0.0,0.0,0.0,0.0,0.0,True,F,882.0,S,4695,1
Mars,False,TRAPPIST-1e,21.0,False,3148.0,0.0,1.0,0.0,0.0,False,F,882.0,S,4695,2
Mars,True,TRAPPIST-1e,19.0,False,0.0,0.0,0.0,0.0,0.0,True,F,882.0,S,4695,3
Mars,True,TRAPPIST-1e,39.0,False,0.0,0.0,0.0,0.0,0.0,True,F,883.0,S,4696,1
Earth,False,55 Cancri e,60.0,False,0.0,0.0,0.0,0.0,0.0,False,F,955.0,P,4699,1
Europa,False,55 Cancri e,30.0,False,818.0,44.0,2.0,2956.0,2311.0,False,D,156.0,P,4704,1
Earth,True,TRAPPIST-1e,30.0,False,0.0,0.0,0.0,0.0,0.0,False,G,762.0,P,4706,1
Earth,True,TRAPPIST-1e,40.0,False,0.0,0.0,0.0,0.0,0.0,True,G,762.0,P,4706,2
Mars,False,TRAPPIST-1e,26.0,False,0.0,25.0,13.0,11.0,998.0,False,E,304.0,S,4708,1
Earth,False,55 Cancri e,38.0,False,2614.0,0.0,103.0,0.0,0.0,False,F,957.0,P,4709,1
Mars,False,TRAPPIST-1e,22.0,False,130.0,15.0,2454.0,0.0,0.0,True,F,958.0,P,4710,1
Mars,False,TRAPPIST-1e,28.82793046746535,False,179.0,0.0,1805.0,131.0,0.0,False,E,293.0,P,4710,2
Mars,False,TRAPPIST-1e,65.0,False,1420.0,0.0,84.0,0.0,0.0,False,F,959.0,P,4711,1
Earth,True,PSO J318.5-22,61.0,False,0.0,0.0,0.0,0.0,0.0,True,G,764.0,P,4712,1
Earth,False,TRAPPIST-1e,20.0,False,0.0,0.0,111.0,39.0,1094.0,False,F,885.0,S,4713,1
Earth,True,TRAPPIST-1e,24.0,False,0.0,0.0,0.0,0.0,0.0,False,G,765.0,P,4714,1
Earth,True,TRAPPIST-1e,16.0,False,0.0,0.0,0.0,0.0,0.0,False,G,766.0,P,4717,1
Mars,True,TRAPPIST-1e,35.0,False,0.0,0.0,0.0,0.0,0.0,True,E,305.0,S,4719,1
Earth,False,TRAPPIST-1e,21.0,False,0.0,681.0,51.0,131.0,1.0,True,F,887.0,S,4720,1
Earth,True,TRAPPIST-1e,23.0,False,0.0,0.0,0.0,0.0,0.0,True,G,771.0,S,4721,1
Earth,False,55 Cancri e,17.0,False,0.0,262.0,0.0,0.0,502.0,True,F,888.0,S,4723,1
Earth,False,PSO J318.5-22,24.0,False,154.0,7.0,241.0,213.0,453.0,False,F,888.0,S,4723,2
Earth,False,55 Cancri e,27.0,False,866.0,0.0,0.0,0.0,23.0,False,G,767.0,P,4725,1
Europa,False,TRAPPIST-1e,26.0,False,0.0,1910.0,0.0,1777.0,0.0,True,C,187.0,S,4726,1
Europa,False,55 Cancri e,26.0,False,0.0,3452.0,0.0,4.0,1960.0,True,C,187.0,S,4726,2
Europa,False,TRAPPIST-1e,20.0,False,0.0,3.0,0.0,1271.0,2630.0,True,C,187.0,S,4726,3
Europa,True,TRAPPIST-1e,28.0,False,0.0,0.0,0.0,0.0,0.0,True,C,187.0,S,4726,4
Europa,False,TRAPPIST-1e,37.0,False,8.0,21.0,0.0,56.0,2167.0,True,C,187.0,S,4726,5
Mars,False,TRAPPIST-1e,23.0,False,706.0,0.0,0.0,0.0,583.0,False,F,889.0,S,4728,1
Mars,True,Unknown,49.0,False,0.0,0.0,0.0,0.0,0.0,True,F,889.0,S,4728,2
Europa,False,Unknown,50.0,False,0.0,1338.0,0.0,40.0,6178.0,False,B,158.0,P,4730,1
Europa,True,TRAPPIST-1e,4.0,False,0.0,0.0,0.0,0.0,0.0,True,C,151.0,P,4732,1
Europa,True,TRAPPIST-1e,32.0,False,0.0,0.0,0.0,0.0,0.0,True,C,151.0,P,4732,2
Europa,False,TRAPPIST-1e,44.0,False,0.0,0.0,0.0,0.0,0.0,True,C,151.0,P,4732,3
Earth,False,TRAPPIST-1e,20.0,False,962.0,0.0,4581.0,105.0,0.0,True,E,294.0,P,4733,1
Mars,False,TRAPPIST-1e,30.0,False,531.0,807.0,35.0,200.0,0.0,False,F,893.0,S,4738,1
Mars,False,TRAPPIST-1e,29.0,False,574.0,0.0,4940.0,1831.0,2.0,False,F,893.0,S,4738,2
Earth,False,TRAPPIST-1e,22.0,False,37.0,3.0,0.0,305.0,581.0,True,G,773.0,S,4739,1
Mars,True,TRAPPIST-1e,35.0,False,0.0,0.0,0.0,0.0,0.0,True,F,961.0,P,4741,1
Mars,False,55 Cancri e,0.0,False,0.0,0.0,0.0,0.0,0.0,True,F,961.0,P,4741,2
Mars,False,TRAPPIST-1e,6.0,False,0.0,0.0,0.0,0.0,0.0,True,F,961.0,P,4741,3
Europa,False,TRAPPIST-1e,38.0,False,0.0,4504.0,0.0,13.0,302.0,True,E,306.0,S,4743,1
Europa,False,TRAPPIST-1e,34.0,False,0.0,48.0,2067.0,3.0,6.0,True,C,152.0,P,4744,1
Europa,True,55 Cancri e,34.0,False,0.0,0.0,0.0,0.0,0.0,True,C,152.0,P,4744,2
Earth,False,TRAPPIST-1e,28.82793046746535,False,282.0,8.0,337.0,0.0,0.0,False,G,775.0,S,4746,1
Mars,False,TRAPPIST-1e,53.0,False,204.0,142.0,380.0,38.0,1.0,False,D,149.0,S,4748,1
Europa,False,TRAPPIST-1e,28.0,False,0.0,395.0,118.0,14.0,1647.0,False,A,57.0,S,4750,1
Europa,False,TRAPPIST-1e,31.0,False,0.0,1382.0,0.0,1795.0,588.0,False,A,57.0,S,4750,2
Mars,False,PSO J318.5-22,56.0,False,233.0,0.0,1356.0,0.0,171.0,False,F,964.0,P,4752,1
Mars,False,TRAPPIST-1e,36.0,False,850.0,0.0,454.0,0.0,0.0,False,F,895.0,S,4753,1
Earth,False,55 Cancri e,30.0,False,25.0,245.0,198.0,2.0,321.0,False,E,307.0,S,4754,1
Mars,True,TRAPPIST-1e,32.0,False,0.0,0.0,0.0,0.0,0.0,True,F,965.0,P,4755,1
Europa,True,55 Cancri e,44.0,False,0.0,0.0,0.0,0.0,0.0,True,C,188.0,S,4756,1
Europa,True,55 Cancri e,54.0,False,0.0,0.0,0.0,0.0,0.0,True,C,188.0,S,4756,2
Earth,False,TRAPPIST-1e,24.0,False,185.0,0.0,476.0,1810.0,53.0,False,F,896.0,S,4757,1
Earth,False,TRAPPIST-1e,44.0,False,248.0,0.0,0.0,0.0,623.0,False,F,966.0,P,4758,1
Earth,False,TRAPPIST-1e,25.0,False,0.0,3.0,23.0,693.0,0.0,False,F,897.0,S,4759,1
Mars,True,TRAPPIST-1e,35.0,False,0.0,0.0,0.0,0.0,0.0,True,F,968.0,P,4762,1
Mars,False,TRAPPIST-1e,29.0,False,298.0,0.0,888.0,5.0,0.0,True,F,969.0,P,4763,1
Earth,False,TRAPPIST-1e,22.0,False,0.0,669.0,121.0,0.0,56.0,True,E,308.0,S,4764,1
Earth,True,TRAPPIST-1e,22.0,False,0.0,0.0,0.0,0.0,0.0,True,G,776.0,S,4769,1
Earth,False,55 Cancri e,22.0,False,0.0,509.0,2.0,8.0,74.0,True,F,900.0,S,4770,1
Earth,True,PSO J318.5-22,18.0,False,0.0,0.0,0.0,0.0,0.0,True,F,900.0,S,4770,2
Earth,False,55 Cancri e,22.0,False,256.0,0.0,0.0,0.0,373.0,False,F,971.0,P,4772,1
Earth,False,Unknown,52.0,False,935.0,779.0,0.0,0.0,0.0,True,G,777.0,S,4773,1
Mars,True,TRAPPIST-1e,0.0,False,0.0,0.0,0.0,0.0,0.0,True,F,972.0,P,4774,1
Mars,True,TRAPPIST-1e,1.0,False,0.0,0.0,0.0,0.0,0.0,True,F,972.0,P,4774,2
Mars,False,TRAPPIST-1e,34.0,False,2130.0,0.0,1.0,1.0,0.0,False,F,972.0,P,4774,3
Mars,True,TRAPPIST-1e,6.0,False,0.0,0.0,0.0,0.0,0.0,True,F,972.0,P,4774,4
Earth,False,TRAPPIST-1e,22.0,False,123.0,1.0,660.0,0.0,0.0,True,G,778.0,S,4775,1
Earth,True,TRAPPIST-1e,31.0,False,0.0,0.0,0.0,0.0,0.0,True,G,779.0,S,4777,1
Europa,False,TRAPPIST-1e,31.0,False,588.0,1261.0,0.0,228.0,6.0,False,A,58.0,S,4778,1
Mars,False,TRAPPIST-1e,20.0,False,845.0,0.0,46.0,123.0,0.0,False,E,309.0,S,4780,1
Mars,True,TRAPPIST-1e,25.0,False,0.0,0.0,0.0,0.0,0.0,True,E,309.0,S,4780,2
Europa,True,55 Cancri e,23.0,False,0.0,0.0,0.0,0.0,0.0,True,F,82.0,S,4782,1
Europa,False,TRAPPIST-1e,53.0,False,50.0,11552.0,0.0,2998.0,4334.0,False,C,189.0,S,4782,2
Europa,False,55 Cancri e,32.0,False,0.0,225.0,0.0,3873.0,240.0,False,C,189.0,S,4782,3
Europa,True,55 Cancri e,27.0,False,0.0,0.0,0.0,0.0,0.0,True,C,189.0,S,4782,4
Europa,False,55 Cancri e,48.0,False,0.0,342.0,929.0,10887.0,0.0,False,C,189.0,S,4782,5
Europa,False,TRAPPIST-1e,37.0,False,223.0,9495.0,0.0,1318.0,1866.0,True,A,43.0,P,4783,1
Mars,True,TRAPPIST-1e,21.0,False,0.0,0.0,0.0,0.0,0.0,True,F,903.0,S,4784,1
Europa,True,55 Cancri e,29.0,False,0.0,0.0,0.0,0.0,0.0,True,B,159.0,P,4785,1
Europa,True,TRAPPIST-1e,46.0,True,0.0,0.0,0.0,0.0,0.0,True,B,160.0,P,4786,1
Earth,False,TRAPPIST-1e,19.0,False,2.0,0.0,0.0,9.0,754.0,False,G,780.0,S,4787,1
Earth,False,TRAPPIST-1e,22.0,False,0.0,0.0,0.0,778.0,0.0,False,F,904.0,S,4788,1
Europa,False,Unknown,54.0,True,0.0,2853.0,0.0,0.0,1666.0,False,B,189.0,S,4790,1
Earth,False,TRAPPIST-1e,43.0,False,63.0,1339.0,9.0,253.0,42.0,True,G,781.0,S,4791,1
Earth,True,TRAPPIST-1e,18.0,False,0.0,0.0,0.0,0.0,0.0,True,G,782.0,S,4792,1
Europa,False,55 Cancri e,36.0,False,13.0,1480.0,1.0,1439.0,1955.0,False,E,310.0,S,4793,1
Europa,False,TRAPPIST-1e,20.0,False,0.0,1131.0,3783.0,161.0,0.0,True,E,310.0,S,4793,2
Earth,False,TRAPPIST-1e,63.0,False,0.0,104.0,0.0,599.0,0.0,False,F,974.0,P,4794,1
Earth,False,TRAPPIST-1e,50.0,False,138.0,706.0,0.0,18.0,40.0,True,F,905.0,S,4795,1
Mars,False,TRAPPIST-1e,13.0,False,21.0,0.0,1564.0,0.0,1.0,True,F,82.0,S,4796,1
Mars,True,Unknown,43.0,False,0.0,0.0,0.0,0.0,0.0,True,E,311.0,S,4796,2
Earth,True,PSO J318.5-22,16.0,False,0.0,0.0,0.0,0.0,0.0,True,G,783.0,S,4797,1
Mars,True,TRAPPIST-1e,31.0,False,0.0,0.0,0.0,0.0,0.0,True,F,975.0,P,4798,1
Mars,True,TRAPPIST-1e,0.0,False,0.0,0.0,0.0,0.0,0.0,True,F,975.0,P,4798,2
Mars,True,TRAPPIST-1e,10.0,False,0.0,0.0,0.0,0.0,0.0,True,F,975.0,P,4798,3
Earth,True,TRAPPIST-1e,10.0,False,0.0,0.0,0.0,0.0,0.0,False,G,773.0,P,4801,1
Earth,False,TRAPPIST-1e,55.0,False,1028.0,18.0,0.0,0.0,0.0,False,F,977.0,P,4803,1
Earth,False,TRAPPIST-1e,18.0,False,211.0,594.0,2.0,493.0,62.0,True,F,906.0,S,4804,1
Earth,False,TRAPPIST-1e,7.0,False,0.0,0.0,0.0,0.0,0.0,True,G,785.0,S,4804,2
Earth,True,TRAPPIST-1e,1.0,False,0.0,0.0,0.0,0.0,0.0,True,G,785.0,S,4804,3
Earth,False,TRAPPIST-1e,44.0,False,22.0,1.0,0.0,864.0,0.0,False,G,776.0,P,4807,1
Mars,False,TRAPPIST-1e,27.0,False,665.0,631.0,1.0,0.0,0.0,False,E,299.0,P,4808,1
Earth,False,PSO J318.5-22,20.0,False,30.0,4.0,0.0,321.0,451.0,False,F,82.0,S,4810,1
Europa,False,55 Cancri e,49.0,False,0.0,7762.0,2.0,0.0,98.0,True,C,190.0,S,4813,1
Earth,True,55 Cancri e,22.0,False,0.0,0.0,0.0,0.0,0.0,True,G,788.0,S,4814,1
Earth,False,55 Cancri e,21.0,False,564.0,9.0,0.0,0.0,30.0,True,F,907.0,S,4815,1
Mars,False,TRAPPIST-1e,26.0,False,17.0,0.0,746.0,394.0,0.0,False,F,979.0,P,4817,1
Mars,False,TRAPPIST-1e,65.0,False,588.0,196.0,272.0,0.0,0.0,True,D,150.0,S,4818,1
Mars,True,TRAPPIST-1e,20.0,False,0.0,0.0,0.0,0.0,0.0,True,F,980.0,P,4819,1
Mars,True,55 Cancri e,0.0,False,0.0,0.0,0.0,0.0,0.0,True,F,981.0,P,4822,1
Mars,True,TRAPPIST-1e,16.0,False,0.0,0.0,0.0,0.0,0.0,True,F,981.0,P,4822,2
Unknown,True,TRAPPIST-1e,22.0,False,0.0,0.0,0.0,0.0,0.0,True,F,981.0,P,4822,3
Mars,False,TRAPPIST-1e,0.0,False,0.0,0.0,0.0,0.0,0.0,True,F,981.0,P,4822,4
Earth,False,TRAPPIST-1e,21.0,False,526.0,0.0,0.0,258.0,0.0,False,G,777.0,P,4823,1
Earth,True,PSO J318.5-22,30.0,False,0.0,0.0,0.0,0.0,0.0,True,G,789.0,S,4827,1
Earth,False,55 Cancri e,14.0,False,363.0,44.0,0.0,0.0,512.0,True,G,778.0,P,4828,1
Mars,False,TRAPPIST-1e,45.0,False,944.0,292.0,2.0,0.0,0.0,False,F,982.0,P,4829,1
Earth,False,TRAPPIST-1e,22.0,False,0.0,0.0,0.0,19.0,785.0,False,F,983.0,P,4830,1
Mars,True,TRAPPIST-1e,21.0,False,0.0,0.0,0.0,0.0,0.0,True,F,984.0,P,4831,1
Earth,False,Unknown,37.0,False,542.0,440.0,1.0,0.0,0.0,False,E,301.0,P,4832,1
Mars,True,TRAPPIST-1e,29.0,False,0.0,0.0,0.0,0.0,0.0,True,F,82.0,S,4836,1
Mars,False,TRAPPIST-1e,29.0,True,20.0,0.0,1902.0,0.0,3.0,True,F,911.0,S,4836,2
Earth,False,TRAPPIST-1e,21.0,False,0.0,198.0,559.0,19.0,44.0,True,F,912.0,S,4837,1
Earth,False,TRAPPIST-1e,52.0,False,1.0,13.0,3.0,0.0,700.0,False,F,913.0,S,4838,1
Unknown,True,TRAPPIST-1e,36.0,False,0.0,0.0,0.0,0.0,0.0,True,F,915.0,S,4840,1
Europa,True,55 Cancri e,59.0,False,0.0,0.0,0.0,0.0,0.0,True,B,192.0,S,4841,1
Europa,False,TRAPPIST-1e,21.0,False,12.0,1855.0,0.0,1381.0,358.0,False,B,192.0,S,4841,2
Europa,False,TRAPPIST-1e,25.0,False,21.0,2148.0,0.0,1966.0,12708.0,False,B,192.0,S,4841,3
Mars,False,TRAPPIST-1e,23.0,False,2260.0,0.0,152.0,106.0,60.0,False,D,152.0,S,4842,1
Europa,True,55 Cancri e,36.0,False,0.0,0.0,0.0,0.0,0.0,True,E,302.0,P,4845,1
Earth,False,TRAPPIST-1e,38.0,False,161.0,3.0,0.0,624.0,0.0,False,E,314.0,S,4846,1
Earth,True,TRAPPIST-1e,0.0,False,0.0,0.0,0.0,0.0,0.0,True,G,791.0,S,4846,2
Earth,False,TRAPPIST-1e,19.0,False,0.0,0.0,699.0,18.0,86.0,True,F,917.0,S,4847,1
Earth,False,TRAPPIST-1e,30.0,False,148.0,0.0,0.0,619.0,34.0,True,F,986.0,P,4848,1
Earth,False,TRAPPIST-1e,23.0,False,14.0,0.0,437.0,103.0,333.0,True,G,792.0,S,4850,1
Earth,False,TRAPPIST-1e,55.0,False,330.0,114.0,0.0,2.0,0.0,True,G,792.0,S,4850,2
Earth,False,PSO J318.5-22,44.0,False,0.0,463.0,1.0,172.0,0.0,True,F,918.0,S,4851,1
Europa,False,TRAPPIST-1e,30.0,False,4531.0,212.0,10.0,157.0,12.0,False,C,153.0,P,4853,1
Earth,False,TRAPPIST-1e,39.0,False,12.0,8.0,0.0,4.0,753.0,True,F,920.0,S,4856,1
Earth,False,55 Cancri e,19.0,False,423.0,0.0,0.0,0.0,0.0,False,G,782.0,P,4857,1
Earth,False,TRAPPIST-1e,24.0,False,0.0,871.0,17.0,0.0,0.0,False,G,783.0,P,4862,1
Europa,False,TRAPPIST-1e,37.0,False,1721.0,667.0,0.0,28.0,1362.0,False,T,2.0,S,4863,1
Earth,False,55 Cancri e,24.0,False,0.0,0.0,0.0,734.0,21.0,False,G,784.0,P,4864,1
Earth,False,TRAPPIST-1e,17.0,False,0.0,0.0,1875.0,142.0,2.0,True,F,922.0,S,4866,1
Earth,False,TRAPPIST-1e,17.0,False,0.0,775.0,0.0,13.0,0.0,True,E,304.0,P,4868,1
Earth,False,55 Cancri e,14.0,False,8.0,0.0,0.0,0.0,176.0,False,G,785.0,P,4870,1
Earth,False,PSO J318.5-22,13.0,False,0.0,611.0,0.0,0.0,0.0,False,F,990.0,P,4871,1
Europa,False,55 Cancri e,35.0,False,0.0,1135.0,0.0,0.0,3880.0,True,C,191.0,S,4873,1
Mars,False,TRAPPIST-1e,32.0,False,654.0,0.0,655.0,0.0,0.0,True,F,925.0,S,4874,1
Mars,True,TRAPPIST-1e,18.0,False,0.0,0.0,0.0,0.0,0.0,True,F,925.0,S,4874,2
Earth,False,TRAPPIST-1e,21.0,False,529.0,8.0,89.0,21.0,0.0,True,F,926.0,S,4875,1
Mars,False,TRAPPIST-1e,25.0,False,750.0,0.0,109.0,368.0,0.0,False,F,927.0,S,4876,1
Mars,False,TRAPPIST-1e,36.0,False,108.0,0.0,941.0,861.0,0.0,False,F,929.0,S,4878,1
Earth,False,TRAPPIST-1e,20.0,False,362.0,0.0,31.0,12.0,483.0,False,G,786.0,P,4879,1
Earth,False,55 Cancri e,22.0,False,126.0,3.0,0.0,1305.0,0.0,False,G,787.0,P,4880,1
Mars,True,TRAPPIST-1e,27.0,False,0.0,0.0,0.0,0.0,0.0,True,E,315.0,S,4881,1
Europa,False,TRAPPIST-1e,28.82793046746535,False,9.0,2031.0,0.0,20.0,1837.0,False,B,193.0,S,4882,1
Unknown,True,TRAPPIST-1e,38.0,False,0.0,0.0,0.0,0.0,0.0,True,G,788.0,P,4883,1
Mars,True,TRAPPIST-1e,23.0,False,0.0,0.0,0.0,0.0,0.0,False,E,316.0,S,4884,1
Mars,False,TRAPPIST-1e,21.0,False,74.0,0.0,713.0,0.0,502.0,True,F,930.0,S,4885,1
Earth,False,TRAPPIST-1e,18.0,False,0.0,0.0,1770.0,1284.0,8.0,False,F,931.0,S,4886,1
Earth,False,TRAPPIST-1e,20.0,False,0.0,254.0,868.0,405.0,0.0,True,F,991.0,P,4887,1
Europa,True,TRAPPIST-1e,28.0,False,0.0,0.0,0.0,0.0,0.0,True,C,192.0,S,4888,1
Earth,False,PSO J318.5-22,57.0,False,274.0,8.0,0.0,19.0,466.0,False,G,794.0,S,4889,1
Earth,False,55 Cancri e,10.0,False,0.0,0.0,0.0,0.0,0.0,True,G,795.0,S,4890,1
Earth,False,TRAPPIST-1e,23.0,False,0.0,0.0,874.0,0.0,0.0,True,F,932.0,S,4890,2
Europa,True,TRAPPIST-1e,22.0,False,0.0,0.0,0.0,0.0,0.0,True,B,194.0,S,4891,1
Europa,True,55 Cancri e,24.0,False,0.0,0.0,0.0,0.0,0.0,True,B,194.0,S,4891,2
Earth,False,TRAPPIST-1e,52.0,False,44.0,0.0,0.0,42.0,1731.0,False,G,796.0,S,4892,1
Earth,True,55 Cancri e,31.0,False,0.0,0.0,0.0,0.0,0.0,True,G,797.0,S,4893,1
Earth,True,55 Cancri e,15.0,False,0.0,0.0,0.0,0.0,0.0,True,G,789.0,P,4895,1
Earth,False,TRAPPIST-1e,40.0,False,176.0,932.0,0.0,0.0,0.0,False,F,992.0,P,4896,1
Earth,False,TRAPPIST-1e,18.0,False,0.0,0.0,31.0,2121.0,0.0,False,F,993.0,P,4897,1
Earth,False,TRAPPIST-1e,28.0,False,647.0,1.0,32.0,71.0,140.0,True,F,933.0,S,4898,1
Earth,True,TRAPPIST-1e,40.0,False,0.0,0.0,0.0,0.0,0.0,True,G,799.0,S,4899,1
Earth,False,PSO J318.5-22,32.0,False,8.0,690.0,3.0,5.0,0.0,True,G,799.0,S,4899,2
Earth,False,PSO J318.5-22,35.0,False,0.0,0.0,2.0,672.0,10.0,False,F,994.0,P,4900,1
Earth,False,TRAPPIST-1e,52.0,False,0.0,837.0,1.0,2.0,8.0,False,G,790.0,P,4901,1
Earth,False,TRAPPIST-1e,34.0,False,695.0,25.0,276.0,0.0,0.0,False,E,305.0,P,4901,2
Earth,True,TRAPPIST-1e,46.0,False,0.0,0.0,0.0,0.0,0.0,False,G,791.0,P,4902,1
Earth,False,55 Cancri e,23.0,False,62.0,0.0,0.0,1.0,2203.0,False,F,995.0,P,4903,1
Earth,False,TRAPPIST-1e,44.0,False,2.0,0.0,0.0,788.0,0.0,False,E,317.0,S,4904,1
Earth,False,55 Cancri e,59.0,False,460.0,139.0,0.0,1.0,0.0,False,F,997.0,P,4909,1
Europa,False,TRAPPIST-1e,42.0,False,0.0,1330.0,0.0,2711.0,691.0,False,E,306.0,P,4910,1
Earth,False,TRAPPIST-1e,18.0,False,0.0,0.0,0.0,702.0,0.0,False,F,998.0,P,4911,1
Mars,False,TRAPPIST-1e,29.0,False,3284.0,84.0,0.0,0.0,2.0,False,D,160.0,P,4912,1
Mars,True,TRAPPIST-1e,15.0,False,0.0,0.0,0.0,0.0,0.0,True,F,999.0,P,4912,2
Mars,False,TRAPPIST-1e,19.0,False,1301.0,0.0,31.0,1.0,0.0,True,F,1000.0,P,4913,1
Earth,True,PSO J318.5-22,49.0,False,0.0,0.0,0.0,0.0,0.0,False,G,793.0,P,4915,1
Mars,True,TRAPPIST-1e,19.0,False,0.0,0.0,0.0,0.0,0.0,True,F,1001.0,P,4916,1
Europa,False,55 Cancri e,36.0,True,1.0,10029.0,1.0,1679.0,27.0,True,B,195.0,S,4917,1
Earth,True,55 Cancri e,59.0,False,0.0,0.0,0.0,0.0,0.0,True,G,794.0,P,4918,1
Earth,True,55 Cancri e,24.0,False,0.0,0.0,0.0,0.0,0.0,True,G,802.0,S,4920,1
Mars,True,TRAPPIST-1e,4.0,False,0.0,0.0,0.0,0.0,0.0,True,F,935.0,S,4923,1
Mars,True,TRAPPIST-1e,20.0,False,0.0,0.0,0.0,0.0,0.0,True,F,935.0,S,4923,2
Mars,False,TRAPPIST-1e,24.0,False,261.0,0.0,780.0,0.0,0.0,True,F,935.0,S,4923,3
Mars,False,55 Cancri e,31.0,False,725.0,0.0,747.0,0.0,0.0,False,F,1002.0,P,4924,1
Mars,False,TRAPPIST-1e,23.0,False,197.0,76.0,5635.0,7.0,0.0,True,F,936.0,S,4925,1
Mars,False,TRAPPIST-1e,3.0,False,0.0,0.0,0.0,0.0,0.0,True,F,937.0,S,4927,1
Mars,True,TRAPPIST-1e,22.0,False,0.0,0.0,0.0,0.0,0.0,True,F,937.0,S,4927,2
Mars,False,TRAPPIST-1e,20.0,False,0.0,0.0,0.0,0.0,0.0,True,F,937.0,S,4927,3
Mars,False,TRAPPIST-1e,0.0,False,0.0,0.0,0.0,0.0,0.0,True,F,937.0,S,4927,4
Mars,True,55 Cancri e,13.0,False,0.0,0.0,0.0,0.0,0.0,True,F,1004.0,P,4929,1
Europa,True,Unknown,47.0,False,0.0,0.0,0.0,0.0,0.0,True,B,161.0,P,4930,1
Europa,False,TRAPPIST-1e,51.0,False,0.0,3571.0,106.0,0.0,0.0,True,B,161.0,P,4930,2
Mars,False,TRAPPIST-1e,22.0,False,223.0,0.0,630.0,14.0,0.0,True,D,161.0,P,4932,1
Mars,True,55 Cancri e,3.0,False,0.0,0.0,0.0,0.0,0.0,True,F,1005.0,P,4932,2
Mars,False,TRAPPIST-1e,4.0,False,0.0,0.0,0.0,0.0,0.0,True,F,938.0,S,4933,1
Unknown,False,TRAPPIST-1e,16.0,False,2083.0,0.0,10.0,0.0,0.0,False,F,938.0,S,4933,2
Mars,False,TRAPPIST-1e,24.0,False,623.0,0.0,501.0,304.0,776.0,False,F,938.0,S,4933,3
Mars,True,TRAPPIST-1e,1.0,False,0.0,0.0,0.0,0.0,0.0,True,F,938.0,S,4933,4
Earth,False,TRAPPIST-1e,31.0,False,210.0,20.0,0.0,1027.0,199.0,False,F,1006.0,P,4934,1
Earth,False,TRAPPIST-1e,34.0,False,1242.0,444.0,0.0,22.0,0.0,False,G,803.0,S,4937,1
Earth,False,55 Cancri e,20.0,False,0.0,0.0,847.0,0.0,0.0,True,G,804.0,S,4938,1
Earth,False,TRAPPIST-1e,19.0,False,0.0,2077.0,0.0,0.0,0.0,True,F,1007.0,P,4939,1
Earth,True,Unknown,19.0,False,0.0,0.0,0.0,0.0,0.0,True,G,805.0,S,4940,1
Mars,False,TRAPPIST-1e,35.0,False,988.0,0.0,830.0,2.0,0.0,False,F,1008.0,P,4941,1
Earth,True,TRAPPIST-1e,3.0,False,0.0,0.0,0.0,0.0,0.0,True,G,806.0,S,4942,1
Earth,True,TRAPPIST-1e,36.0,False,0.0,0.0,0.0,0.0,0.0,True,G,806.0,S,4942,2
Mars,True,TRAPPIST-1e,20.0,False,0.0,0.0,0.0,0.0,0.0,True,F,1009.0,P,4943,1
Europa,False,55 Cancri e,28.82793046746535,False,269.0,2171.0,2.0,2.0,0.0,True,A,60.0,S,4944,1
Europa,False,55 Cancri e,58.0,False,0.0,3448.0,0.0,737.0,2193.0,False,A,60.0,S,4944,2
Europa,False,TRAPPIST-1e,56.0,False,153.0,1750.0,0.0,334.0,1539.0,False,A,60.0,S,4944,3
Earth,True,PSO J318.5-22,27.0,False,0.0,0.0,0.0,0.0,0.0,True,G,798.0,P,4945,1
Earth,True,TRAPPIST-1e,25.0,False,0.0,0.0,0.0,0.0,0.0,False,G,799.0,P,4946,1
Earth,True,PSO J318.5-22,39.0,False,0.0,0.0,0.0,0.0,0.0,False,G,800.0,P,4950,1
Mars,False,TRAPPIST-1e,43.0,False,11.0,0.0,1297.0,38.0,0.0,True,F,1010.0,P,4951,1
Mars,True,TRAPPIST-1e,42.0,False,0.0,0.0,0.0,0.0,0.0,True,F,939.0,S,4952,1
Earth,False,TRAPPIST-1e,24.0,False,3.0,1018.0,687.0,50.0,0.0,True,G,808.0,S,4954,1
Earth,True,TRAPPIST-1e,19.0,False,0.0,0.0,0.0,0.0,0.0,True,G,809.0,S,4956,1
Earth,False,TRAPPIST-1e,32.0,False,0.0,235.0,0.0,474.0,0.0,False,G,810.0,S,4958,1
Mars,False,TRAPPIST-1e,32.0,False,1016.0,0.0,307.0,5.0,0.0,True,F,942.0,S,4961,1
Earth,True,TRAPPIST-1e,61.0,False,0.0,0.0,0.0,0.0,0.0,True,G,811.0,S,4963,1
Mars,False,TRAPPIST-1e,64.0,False,2147.0,0.0,191.0,59.0,0.0,False,D,154.0,S,4964,1
Earth,False,TRAPPIST-1e,21.0,False,457.0,79.0,1134.0,0.0,0.0,False,E,308.0,P,4965,1
Earth,False,PSO J318.5-22,26.0,False,0.0,9.0,0.0,0.0,1376.0,False,F,943.0,S,4970,1
Europa,False,55 Cancri e,35.0,False,87.0,1719.0,2750.0,0.0,79.0,True,B,162.0,P,4972,1
Earth,False,TRAPPIST-1e,43.0,False,957.0,0.0,1.0,0.0,39.0,False,E,309.0,P,4973,1
Earth,True,55 Cancri e,3.0,False,0.0,0.0,0.0,0.0,0.0,True,G,803.0,P,4973,2
Europa,False,TRAPPIST-1e,56.0,False,0.0,10.0,0.0,9319.0,1225.0,False,A,44.0,P,4974,1
Europa,True,55 Cancri e,45.0,False,0.0,0.0,0.0,0.0,0.0,True,F,82.0,S,4974,2
Earth,True,PSO J318.5-22,25.0,False,0.0,0.0,0.0,0.0,0.0,True,G,813.0,S,4975,1
Earth,False,TRAPPIST-1e,12.0,False,0.0,0.0,0.0,0.0,0.0,True,G,813.0,S,4975,2
Earth,True,PSO J318.5-22,2.0,False,0.0,0.0,0.0,0.0,0.0,True,G,813.0,S,4975,3
Earth,False,TRAPPIST-1e,46.0,False,0.0,4.0,834.0,0.0,32.0,True,F,945.0,S,4977,1
Earth,False,TRAPPIST-1e,32.0,False,2756.0,125.0,9.0,0.0,103.0,False,F,945.0,S,4977,2
Earth,False,TRAPPIST-1e,20.0,False,0.0,358.0,287.0,0.0,0.0,False,F,1015.0,P,4978,1
Earth,True,PSO J318.5-22,24.0,False,0.0,0.0,0.0,0.0,0.0,False,G,804.0,P,4979,1
Earth,False,TRAPPIST-1e,28.0,False,0.0,0.0,0.0,882.0,0.0,False,G,805.0,P,4980,1
Earth,False,Unknown,12.0,False,0.0,0.0,0.0,0.0,0.0,False,G,805.0,P,4980,2
Earth,False,TRAPPIST-1e,11.0,False,0.0,0.0,0.0,0.0,0.0,False,G,805.0,P,4980,3
Earth,False,TRAPPIST-1e,16.0,False,0.0,769.0,0.0,0.0,7.0,True,F,946.0,S,4981,1
Earth,False,PSO J318.5-22,29.0,False,0.0,0.0,0.0,0.0,0.0,True,G,814.0,S,4981,2
Earth,False,TRAPPIST-1e,24.0,False,530.0,0.0,0.0,0.0,179.0,False,G,814.0,S,4981,3
Earth,False,TRAPPIST-1e,22.0,False,61.0,0.0,214.0,445.0,0.0,True,F,1016.0,P,4983,1
Earth,False,TRAPPIST-1e,21.0,False,36.0,162.0,0.0,588.0,0.0,True,G,816.0,S,4987,1
Earth,False,TRAPPIST-1e,38.0,False,0.0,1.0,0.0,786.0,0.0,False,E,310.0,P,4989,1
Europa,True,TRAPPIST-1e,35.0,False,0.0,0.0,0.0,0.0,0.0,False,B,164.0,P,4990,1
Earth,False,TRAPPIST-1e,79.0,False,610.0,0.0,0.0,200.0,5.0,False,G,806.0,P,4991,1
Earth,False,PSO J318.5-22,22.0,False,479.0,34.0,0.0,29.0,4.0,False,F,1018.0,P,4992,1
Earth,False,55 Cancri e,42.0,False,642.0,282.0,0.0,0.0,0.0,True,G,807.0,P,4995,1
Mars,True,Unknown,34.0,False,0.0,0.0,0.0,0.0,0.0,True,F,949.0,S,4996,1
Europa,True,TRAPPIST-1e,52.0,False,0.0,0.0,0.0,0.0,0.0,True,C,156.0,P,4997,1
Earth,True,TRAPPIST-1e,43.0,False,0.0,0.0,0.0,0.0,0.0,True,G,818.0,S,4998,1
Earth,False,TRAPPIST-1e,30.0,False,1120.0,0.0,0.0,0.0,794.0,False,F,950.0,S,4999,1
Earth,True,TRAPPIST-1e,35.0,False,0.0,0.0,0.0,0.0,0.0,True,G,808.0,P,5000,1
Earth,True,TRAPPIST-1e,18.0,False,0.0,0.0,0.0,0.0,0.0,False,G,809.0,P,5003,1
Europa,True,TRAPPIST-1e,27.0,False,0.0,0.0,0.0,0.0,0.0,True,B,165.0,P,5004,1
Earth,False,TRAPPIST-1e,46.0,False,819.0,31.0,0.0,49.0,2.0,False,F,1019.0,P,5005,1
Europa,True,TRAPPIST-1e,15.0,False,0.0,0.0,0.0,0.0,0.0,True,B,166.0,P,5006,1
Europa,True,55 Cancri e,44.0,False,0.0,0.0,0.0,0.0,0.0,True,B,166.0,P,5006,2
Europa,False,TRAPPIST-1e,20.0,False,0.0,219.0,0.0,5.0,3283.0,False,B,166.0,P,5006,3
Mars,False,TRAPPIST-1e,35.0,False,1337.0,49.0,57.0,0.0,0.0,False,F,951.0,S,5007,1
Mars,True,TRAPPIST-1e,19.0,False,0.0,0.0,0.0,0.0,0.0,True,F,952.0,S,5008,1
Mars,True,TRAPPIST-1e,47.0,False,0.0,0.0,0.0,0.0,0.0,True,F,1020.0,P,5009,1
Mars,False,TRAPPIST-1e,26.0,True,1033.0,172.0,26.0,0.0,518.0,False,F,1021.0,P,5010,1
Earth,True,55 Cancri e,24.0,False,0.0,0.0,0.0,0.0,0.0,True,G,811.0,P,5012,1
Earth,False,TRAPPIST-1e,23.0,False,0.0,0.0,2102.0,0.0,0.0,True,F,953.0,S,5013,1
Unknown,False,TRAPPIST-1e,26.0,False,1331.0,0.0,973.0,484.0,0.0,False,D,162.0,P,5014,1
Mars,True,TRAPPIST-1e,5.0,False,0.0,0.0,0.0,0.0,0.0,True,F,1022.0,P,5014,2
Europa,False,55 Cancri e,35.0,False,54.0,493.0,12.0,6691.0,253.0,False,C,194.0,S,5015,1
Mars,False,TRAPPIST-1e,18.0,False,1092.0,31.0,309.0,0.0,0.0,False,F,1023.0,P,5016,1
Mars,True,TRAPPIST-1e,32.0,False,0.0,0.0,0.0,0.0,0.0,True,F,954.0,S,5017,1
Earth,True,TRAPPIST-1e,13.0,False,0.0,0.0,0.0,0.0,0.0,True,G,812.0,P,5018,1
Earth,False,TRAPPIST-1e,15.0,False,0.0,0.0,19.0,352.0,326.0,False,F,955.0,S,5019,1
Earth,False,PSO J318.5-22,18.0,False,648.0,19.0,0.0,0.0,4.0,True,F,956.0,S,5020,1
Europa,False,TRAPPIST-1e,41.0,False,4.0,4619.0,0.0,251.0,213.0,True,B,167.0,P,5021,1
Earth,False,55 Cancri e,36.0,False,0.0,0.0,0.0,474.0,12.0,False,G,813.0,P,5023,1
Earth,False,TRAPPIST-1e,33.0,False,1042.0,50.0,0.0,9.0,0.0,False,F,1024.0,P,5025,1
Earth,False,55 Cancri e,41.0,False,4.0,737.0,0.0,51.0,0.0,False,E,321.0,S,5027,1
Europa,False,55 Cancri e,47.0,False,1904.0,18.0,0.0,89.0,4411.0,False,A,61.0,S,5028,1
Europa,True,TRAPPIST-1e,32.0,False,0.0,0.0,0.0,0.0,0.0,True,E,322.0,S,5032,1
Earth,False,TRAPPIST-1e,36.0,False,0.0,52.0,8.0,0.0,4160.0,False,G,824.0,S,5034,1
Earth,True,TRAPPIST-1e,13.0,False,0.0,0.0,0.0,0.0,0.0,True,G,825.0,S,5035,1
Earth,True,PSO J318.5-22,34.0,False,0.0,0.0,0.0,0.0,0.0,False,G,814.0,P,5036,1
Earth,False,TRAPPIST-1e,24.0,False,5.0,1.0,7.0,0.0,895.0,False,G,814.0,P,5036,2
Mars,False,TRAPPIST-1e,16.0,False,1285.0,0.0,14.0,1386.0,0.0,False,F,958.0,S,5039,1
Mars,True,TRAPPIST-1e,12.0,False,0.0,0.0,0.0,0.0,0.0,True,F,958.0,S,5039,2
Mars,False,TRAPPIST-1e,24.0,False,1157.0,0.0,0.0,131.0,0.0,True,F,958.0,S,5039,3
Mars,False,TRAPPIST-1e,35.0,False,1307.0,0.0,0.0,2.0,0.0,False,F,958.0,S,5039,4
Europa,False,TRAPPIST-1e,26.0,False,0.0,21.0,10424.0,1373.0,7218.0,False,C,195.0,S,5040,1
Europa,False,55 Cancri e,39.0,False,10.0,199.0,0.0,6216.0,101.0,False,C,195.0,S,5040,2
Earth,False,TRAPPIST-1e,18.0,False,8.0,1.0,4.0,419.0,304.0,True,F,1026.0,P,5042,1
Earth,False,TRAPPIST-1e,23.0,False,0.0,381.0,142.0,0.0,261.0,False,G,826.0,S,5044,1
Earth,True,PSO J318.5-22,29.0,False,0.0,0.0,0.0,0.0,0.0,True,G,826.0,S,5044,2
Earth,False,TRAPPIST-1e,38.0,False,0.0,0.0,0.0,0.0,0.0,True,F,82.0,S,5048,1
Earth,False,TRAPPIST-1e,31.0,False,433.0,111.0,238.0,86.0,0.0,False,F,1028.0,P,5050,1
Mars,False,TRAPPIST-1e,49.0,False,1176.0,0.0,20.0,103.0,0.0,False,E,324.0,S,5051,1
Mars,True,TRAPPIST-1e,17.0,False,0.0,0.0,0.0,0.0,0.0,True,F,961.0,S,5052,1
Mars,False,55 Cancri e,23.0,False,228.0,1451.0,912.0,3.0,0.0,True,F,961.0,S,5052,2
Earth,True,55 Cancri e,15.0,False,0.0,0.0,0.0,0.0,0.0,True,G,816.0,P,5057,1
Mars,True,TRAPPIST-1e,11.0,False,0.0,0.0,0.0,0.0,0.0,True,F,963.0,S,5058,1
Mars,False,PSO J318.5-22,30.0,True,600.0,31.0,1.0,659.0,191.0,False,F,963.0,S,5058,2
Mars,True,TRAPPIST-1e,42.0,False,0.0,0.0,0.0,0.0,0.0,True,F,963.0,S,5058,3
Earth,False,55 Cancri e,21.0,False,639.0,0.0,0.0,0.0,0.0,False,F,1030.0,P,5059,1
Europa,True,55 Cancri e,41.0,False,0.0,0.0,0.0,0.0,0.0,True,C,157.0,P,5060,1
Europa,True,TRAPPIST-1e,14.0,False,0.0,0.0,0.0,0.0,0.0,True,C,157.0,P,5060,2
Europa,False,55 Cancri e,27.0,False,0.0,867.0,0.0,20.0,1371.0,False,C,157.0,P,5060,3
Europa,False,55 Cancri e,29.0,True,530.0,418.0,0.0,0.0,9129.0,False,C,157.0,P,5060,4
Europa,True,TRAPPIST-1e,25.0,False,0.0,0.0,0.0,0.0,0.0,True,C,196.0,S,5061,1
Europa,False,TRAPPIST-1e,54.0,False,0.0,8246.0,0.0,56.0,118.0,True,C,196.0,S,5061,2
Earth,False,Unknown,46.0,False,971.0,0.0,20.0,0.0,5.0,False,E,325.0,S,5062,1
Earth,False,TRAPPIST-1e,18.0,False,0.0,794.0,16.0,0.0,0.0,True,G,830.0,S,5063,1
Europa,False,55 Cancri e,22.0,False,1961.0,82.0,0.0,3025.0,2406.0,False,A,62.0,S,5064,1
Europa,True,55 Cancri e,29.0,False,0.0,0.0,0.0,0.0,0.0,True,E,326.0,S,5065,1
Europa,False,55 Cancri e,26.0,False,606.0,1080.0,0.0,2011.0,0.0,False,E,326.0,S,5065,2
Earth,False,55 Cancri e,36.0,False,0.0,1808.0,0.0,344.0,0.0,True,F,964.0,S,5067,1
Earth,False,TRAPPIST-1e,19.0,False,0.0,0.0,0.0,0.0,0.0,True,E,314.0,P,5068,1
Earth,False,PSO J318.5-22,56.0,False,1309.0,0.0,69.0,1.0,0.0,False,F,965.0,S,5069,1
Earth,False,Unknown,20.0,False,542.0,175.0,0.0,5.0,0.0,True,F,966.0,S,5070,1
Earth,False,TRAPPIST-1e,10.0,False,0.0,0.0,0.0,0.0,0.0,False,G,817.0,P,5072,1
Earth,True,PSO J318.5-22,14.0,False,0.0,0.0,0.0,0.0,0.0,False,G,817.0,P,5072,2
Mars,True,55 Cancri e,27.0,False,0.0,0.0,0.0,0.0,0.0,True,F,1033.0,P,5073,1
Mars,False,TRAPPIST-1e,35.0,False,4608.0,0.0,926.0,382.0,0.0,False,F,967.0,S,5074,1
Earth,False,TRAPPIST-1e,13.0,False,0.0,0.0,60.0,1.0,5147.0,False,G,818.0,P,5076,1
Earth,False,Unknown,21.0,False,1.0,0.0,143.0,558.0,1.0,False,F,969.0,S,5080,1
Earth,True,TRAPPIST-1e,22.0,False,0.0,0.0,0.0,0.0,0.0,False,G,820.0,P,5083,1
Europa,True,TRAPPIST-1e,29.0,False,0.0,0.0,0.0,0.0,0.0,False,E,315.0,P,5084,1
Europa,False,TRAPPIST-1e,32.0,False,8151.0,2052.0,1919.0,7352.0,754.0,False,E,315.0,P,5084,2
Earth,False,TRAPPIST-1e,20.0,False,0.0,15.0,455.0,95.0,0.0,True,F,970.0,S,5085,1
Mars,False,TRAPPIST-1e,44.0,False,2575.0,3.0,20.0,0.0,0.0,False,F,1036.0,P,5087,1
Earth,False,55 Cancri e,22.0,False,0.0,0.0,0.0,1600.0,168.0,True,F,972.0,S,5088,1
Europa,False,TRAPPIST-1e,39.0,False,3926.0,2030.0,0.0,1483.0,611.0,False,B,170.0,P,5089,1
Europa,False,TRAPPIST-1e,19.0,False,0.0,3750.0,0.0,0.0,41.0,True,B,170.0,P,5089,2
Earth,False,TRAPPIST-1e,0.0,False,0.0,0.0,0.0,0.0,0.0,False,G,821.0,P,5090,1
Earth,True,TRAPPIST-1e,0.0,False,0.0,0.0,0.0,0.0,0.0,False,G,821.0,P,5090,2
Unknown,False,PSO J318.5-22,12.0,False,0.0,0.0,0.0,0.0,0.0,True,G,821.0,P,5090,3
Earth,True,TRAPPIST-1e,7.0,False,0.0,0.0,0.0,0.0,0.0,False,G,821.0,P,5090,4
Earth,False,PSO J318.5-22,32.0,False,793.0,0.0,0.0,0.0,0.0,False,E,316.0,P,5090,5
Earth,False,Unknown,11.0,False,0.0,0.0,0.0,0.0,0.0,True,G,821.0,P,5090,6
Earth,False,55 Cancri e,18.0,False,1471.0,59.0,95.0,1109.0,330.0,False,F,973.0,S,5091,1
Europa,False,55 Cancri e,49.0,True,9.0,179.0,0.0,3.0,7865.0,False,C,158.0,P,5093,1
Mars,True,TRAPPIST-1e,61.0,False,0.0,0.0,0.0,0.0,0.0,True,F,1038.0,P,5095,1
Earth,True,55 Cancri e,7.0,False,0.0,0.0,0.0,0.0,0.0,True,G,823.0,P,5097,1
Earth,False,TRAPPIST-1e,25.0,False,0.0,181.0,671.0,0.0,0.0,True,G,823.0,P,5097,2
Earth,False,55 Cancri e,51.0,False,6.0,0.0,706.0,0.0,0.0,True,F,1039.0,P,5097,3
Europa,True,TRAPPIST-1e,56.0,False,0.0,0.0,0.0,0.0,0.0,True,E,317.0,P,5103,1
Earth,False,Unknown,31.0,False,25.0,712.0,0.0,16.0,0.0,True,G,833.0,S,5104,1
Earth,True,PSO J318.5-22,16.0,False,0.0,0.0,0.0,0.0,0.0,True,F,82.0,S,5105,1
Earth,True,TRAPPIST-1e,29.0,False,0.0,0.0,0.0,0.0,0.0,True,G,834.0,S,5106,1
Earth,True,PSO J318.5-22,17.0,False,0.0,0.0,0.0,0.0,0.0,True,G,825.0,P,5108,1
Earth,False,PSO J318.5-22,47.0,False,83.0,1.0,0.0,654.0,3.0,True,G,835.0,S,5109,1
Europa,False,TRAPPIST-1e,25.0,False,0.0,3.0,0.0,763.0,3541.0,False,B,171.0,P,5111,1
Europa,False,TRAPPIST-1e,28.0,False,29.0,394.0,0.0,712.0,4360.0,False,B,171.0,P,5111,2
Europa,False,TRAPPIST-1e,32.0,False,0.0,419.0,0.0,1984.0,521.0,False,B,171.0,P,5111,3
Europa,True,55 Cancri e,56.0,False,0.0,0.0,0.0,0.0,0.0,True,C,198.0,S,5112,1
Europa,True,55 Cancri e,25.0,False,0.0,0.0,0.0,0.0,0.0,True,C,198.0,S,5112,2
Europa,True,TRAPPIST-1e,13.0,False,0.0,0.0,0.0,0.0,0.0,True,C,198.0,S,5112,3
Europa,True,TRAPPIST-1e,41.0,False,0.0,0.0,0.0,0.0,0.0,True,C,199.0,S,5115,1
Europa,True,55 Cancri e,28.0,False,0.0,0.0,0.0,0.0,0.0,True,C,199.0,S,5115,2
Mars,True,TRAPPIST-1e,25.0,False,0.0,0.0,0.0,0.0,0.0,True,F,980.0,S,5116,1
Mars,True,TRAPPIST-1e,11.0,False,0.0,0.0,0.0,0.0,0.0,True,F,980.0,S,5116,2
Mars,False,TRAPPIST-1e,20.0,False,0.0,0.0,0.0,0.0,0.0,False,E,320.0,P,5120,1
Earth,False,TRAPPIST-1e,24.0,False,0.0,464.0,321.0,0.0,90.0,True,F,981.0,S,5122,1
Earth,False,Unknown,41.0,False,256.0,109.0,0.0,340.0,0.0,False,F,1044.0,P,5124,1
Earth,False,55 Cancri e,29.0,False,0.0,0.0,22.0,738.0,0.0,False,F,982.0,S,5125,1
Europa,True,55 Cancri e,59.0,False,0.0,0.0,0.0,0.0,0.0,True,C,200.0,S,5126,1
Earth,False,TRAPPIST-1e,31.0,False,0.0,679.0,0.0,0.0,213.0,True,G,837.0,S,5127,1
Earth,False,TRAPPIST-1e,16.0,False,43.0,0.0,0.0,1893.0,119.0,False,F,983.0,S,5127,2
Mars,False,TRAPPIST-1e,65.0,False,56.0,0.0,1081.0,21.0,0.0,False,F,1045.0,P,5128,1
Mars,False,TRAPPIST-1e,21.0,False,0.0,1.0,2832.0,0.0,0.0,True,F,1045.0,P,5128,2
Earth,True,TRAPPIST-1e,27.0,False,0.0,0.0,0.0,0.0,0.0,True,G,827.0,P,5129,1
Earth,True,TRAPPIST-1e,37.0,False,0.0,0.0,0.0,0.0,0.0,True,G,838.0,S,5130,1
Earth,False,TRAPPIST-1e,42.0,False,5049.0,477.0,0.0,0.0,0.0,False,G,828.0,P,5132,1
Earth,False,55 Cancri e,36.0,False,0.0,0.0,846.0,0.0,0.0,True,G,829.0,P,5133,1
Earth,True,PSO J318.5-22,24.0,False,0.0,0.0,0.0,0.0,0.0,False,G,829.0,P,5133,2
Earth,True,PSO J318.5-22,28.82793046746535,False,0.0,0.0,0.0,0.0,0.0,True,G,829.0,P,5133,3
Earth,False,55 Cancri e,19.0,False,107.0,0.0,505.0,48.0,0.0,False,F,1046.0,P,5133,4
Earth,False,TRAPPIST-1e,26.0,False,0.0,910.0,13.0,10.0,15.0,False,F,1046.0,P,5133,5
Earth,True,55 Cancri e,19.0,False,0.0,0.0,0.0,0.0,0.0,True,G,829.0,P,5133,6
Earth,False,TRAPPIST-1e,26.0,False,1528.0,1.0,0.0,0.0,0.0,False,F,1046.0,P,5133,7
Earth,False,TRAPPIST-1e,35.0,False,0.0,116.0,51.0,0.0,701.0,False,F,1046.0,P,5133,8
Earth,False,55 Cancri e,24.0,False,0.0,0.0,0.0,704.0,0.0,False,F,984.0,S,5136,1
Unknown,False,TRAPPIST-1e,9.0,False,0.0,0.0,0.0,0.0,0.0,True,G,839.0,S,5137,1
Europa,False,55 Cancri e,40.0,False,0.0,3815.0,0.0,322.0,0.0,True,A,47.0,P,5138,1
Earth,True,PSO J318.5-22,23.0,False,0.0,0.0,0.0,0.0,0.0,True,G,840.0,S,5140,1
Mars,False,TRAPPIST-1e,4.0,False,0.0,0.0,0.0,0.0,0.0,True,F,1050.0,P,5142,1
Mars,False,TRAPPIST-1e,20.0,False,859.0,3.0,0.0,939.0,0.0,False,F,1050.0,P,5142,2
Mars,True,TRAPPIST-1e,21.0,False,0.0,0.0,0.0,0.0,0.0,True,F,1050.0,P,5142,3
Mars,False,TRAPPIST-1e,4.0,False,0.0,0.0,0.0,0.0,0.0,True,F,1050.0,P,5142,4
Earth,True,TRAPPIST-1e,19.0,False,0.0,0.0,0.0,0.0,0.0,True,G,830.0,P,5144,1
Earth,True,TRAPPIST-1e,18.0,False,0.0,0.0,0.0,0.0,0.0,True,G,841.0,S,5145,1
Earth,False,55 Cancri e,26.0,False,7.0,751.0,0.0,38.0,0.0,True,F,986.0,S,5146,1
Earth,False,TRAPPIST-1e,13.0,False,0.0,63.0,54.0,20.0,916.0,False,F,1051.0,P,5148,1
Earth,True,TRAPPIST-1e,16.0,False,0.0,0.0,0.0,0.0,0.0,True,G,831.0,P,5148,2
Mars,True,TRAPPIST-1e,14.0,False,0.0,0.0,0.0,0.0,0.0,True,F,1052.0,P,5151,1
Europa,False,TRAPPIST-1e,40.0,False,0.0,553.0,10.0,2787.0,52.0,False,B,199.0,S,5152,1
Mars,False,TRAPPIST-1e,34.0,True,38.0,0.0,606.0,0.0,404.0,False,E,321.0,P,5154,1
Europa,True,55 Cancri e,21.0,False,0.0,0.0,0.0,0.0,0.0,True,B,200.0,S,5156,1
Europa,False,TRAPPIST-1e,29.0,False,0.0,4198.0,227.0,1.0,1415.0,True,B,200.0,S,5156,2
Earth,False,TRAPPIST-1e,40.0,False,814.0,12.0,2.0,0.0,79.0,True,G,844.0,S,5157,1
Earth,False,TRAPPIST-1e,16.0,False,0.0,1.0,0.0,0.0,61.0,False,F,1054.0,P,5158,1
Earth,False,TRAPPIST-1e,37.0,False,732.0,0.0,0.0,156.0,0.0,False,G,832.0,P,5160,1
Mars,True,55 Cancri e,41.0,False,0.0,0.0,0.0,0.0,0.0,True,D,156.0,S,5161,1
Mars,True,55 Cancri e,16.0,False,0.0,0.0,0.0,0.0,0.0,True,F,988.0,S,5162,1
Mars,False,55 Cancri e,39.0,False,98.0,0.0,125.0,0.0,1082.0,False,F,988.0,S,5162,2
Earth,True,TRAPPIST-1e,30.0,False,0.0,0.0,0.0,0.0,0.0,True,E,322.0,P,5163,1
Earth,False,TRAPPIST-1e,40.0,False,151.0,0.0,713.0,0.0,0.0,True,E,322.0,P,5163,2
Earth,False,TRAPPIST-1e,63.0,False,0.0,281.0,94.0,0.0,270.0,True,F,989.0,S,5165,1
Mars,False,TRAPPIST-1e,32.0,False,382.0,0.0,477.0,22.0,2.0,True,D,163.0,P,5166,1
Earth,False,TRAPPIST-1e,47.0,False,1.0,17.0,0.0,1069.0,0.0,False,F,990.0,S,5167,1
Earth,False,55 Cancri e,23.0,False,0.0,306.0,392.0,9.0,13.0,False,F,1056.0,P,5170,1
Earth,False,TRAPPIST-1e,23.0,False,0.0,7.0,0.0,190.0,501.0,False,F,991.0,S,5171,1
Mars,True,TRAPPIST-1e,19.0,False,0.0,0.0,0.0,0.0,0.0,True,F,1057.0,P,5173,1
Europa,True,55 Cancri e,44.0,False,0.0,0.0,0.0,0.0,0.0,True,C,159.0,P,5174,1
Europa,False,TRAPPIST-1e,29.0,False,6.0,5.0,0.0,6235.0,434.0,False,C,159.0,P,5174,2
Earth,False,TRAPPIST-1e,21.0,False,582.0,0.0,0.0,148.0,53.0,False,G,834.0,P,5175,1
Earth,False,TRAPPIST-1e,23.0,False,576.0,207.0,0.0,0.0,9.0,False,E,323.0,P,5176,1
Europa,False,TRAPPIST-1e,26.0,True,0.0,0.0,0.0,0.0,0.0,True,B,201.0,S,5177,1
Europa,True,55 Cancri e,47.0,False,0.0,0.0,0.0,0.0,0.0,True,C,160.0,P,5179,1
Earth,True,PSO J318.5-22,20.0,False,0.0,0.0,0.0,0.0,0.0,True,G,835.0,P,5180,1
Europa,False,TRAPPIST-1e,48.0,False,0.0,0.0,0.0,0.0,0.0,True,B,175.0,P,5181,1
Earth,True,TRAPPIST-1e,4.0,False,0.0,0.0,0.0,0.0,0.0,True,G,836.0,P,5182,1
Earth,False,TRAPPIST-1e,25.0,False,322.0,0.0,81.0,3.0,298.0,True,G,836.0,P,5182,2
Earth,False,TRAPPIST-1e,0.0,False,0.0,0.0,0.0,0.0,0.0,True,G,837.0,P,5184,1
Mars,False,TRAPPIST-1e,29.0,False,523.0,0.0,21.0,4.0,811.0,False,E,330.0,S,5185,1
Earth,False,TRAPPIST-1e,21.0,False,41.0,651.0,2.0,29.0,0.0,False,F,1058.0,P,5186,1
Unknown,False,TRAPPIST-1e,20.0,False,949.0,0.0,0.0,5.0,0.0,False,E,324.0,P,5187,1
Earth,False,TRAPPIST-1e,34.0,False,0.0,160.0,0.0,611.0,44.0,False,G,838.0,P,5188,1
Earth,True,TRAPPIST-1e,9.0,False,0.0,0.0,0.0,0.0,0.0,True,G,838.0,P,5188,2
Earth,True,TRAPPIST-1e,12.0,False,0.0,0.0,0.0,0.0,0.0,False,G,838.0,P,5188,3
Earth,False,TRAPPIST-1e,13.0,False,0.0,0.0,0.0,0.0,1513.0,False,F,994.0,S,5190,1
Mars,True,TRAPPIST-1e,27.0,False,0.0,0.0,0.0,0.0,0.0,True,F,995.0,S,5192,1
Europa,False,TRAPPIST-1e,34.0,False,0.0,914.0,0.0,2433.0,647.0,True,C,202.0,S,5193,1
Europa,True,TRAPPIST-1e,18.0,False,0.0,0.0,0.0,0.0,0.0,True,B,176.0,P,5194,1
Europa,True,55 Cancri e,16.0,False,0.0,0.0,0.0,0.0,0.0,True,B,176.0,P,5194,2
Earth,True,TRAPPIST-1e,43.0,False,0.0,0.0,0.0,0.0,0.0,True,G,839.0,P,5196,1
Earth,True,TRAPPIST-1e,0.0,False,0.0,0.0,0.0,0.0,0.0,False,G,839.0,P,5196,2
Earth,False,Unknown,20.0,False,0.0,4.0,761.0,22.0,1.0,True,E,325.0,P,5197,1
Mars,False,TRAPPIST-1e,45.0,False,878.0,0.0,430.0,0.0,0.0,False,F,1059.0,P,5198,1
Europa,False,TRAPPIST-1e,35.0,False,0.0,725.0,3415.0,0.0,1.0,False,D,158.0,S,5199,1
Earth,False,TRAPPIST-1e,21.0,False,1961.0,96.0,0.0,54.0,40.0,False,F,1060.0,P,5201,1
Earth,True,TRAPPIST-1e,14.0,False,0.0,0.0,0.0,0.0,0.0,True,G,840.0,P,5202,1
Earth,False,PSO J318.5-22,46.0,False,0.0,153.0,0.0,0.0,397.0,False,F,1061.0,P,5204,1
Earth,False,TRAPPIST-1e,22.0,False,261.0,0.0,0.0,107.0,1132.0,False,F,997.0,S,5205,1
Earth,False,TRAPPIST-1e,2.0,False,0.0,0.0,0.0,0.0,0.0,True,G,845.0,S,5205,2
Earth,False,TRAPPIST-1e,3.0,False,0.0,0.0,0.0,0.0,0.0,True,G,845.0,S,5205,3
Earth,True,55 Cancri e,28.0,False,0.0,0.0,0.0,0.0,0.0,True,G,841.0,P,5206,1
Earth,False,PSO J318.5-22,60.0,False,0.0,0.0,789.0,283.0,3.0,False,F,1062.0,P,5206,2
Earth,False,PSO J318.5-22,48.0,False,0.0,2.0,72.0,554.0,143.0,False,G,841.0,P,5206,3
Earth,False,55 Cancri e,18.0,False,51.0,339.0,1.0,0.0,436.0,True,E,331.0,S,5207,1
Earth,False,TRAPPIST-1e,31.0,False,1364.0,0.0,0.0,0.0,21.0,False,F,998.0,S,5207,2
Europa,True,55 Cancri e,26.0,False,0.0,0.0,0.0,0.0,0.0,True,C,163.0,P,5208,1
Europa,False,55 Cancri e,41.0,False,717.0,641.0,2.0,1559.0,4828.0,False,C,163.0,P,5208,2
Earth,False,TRAPPIST-1e,26.0,False,168.0,0.0,382.0,166.0,0.0,True,F,999.0,S,5209,1
Earth,False,TRAPPIST-1e,29.0,False,0.0,43.0,693.0,0.0,0.0,True,F,1063.0,P,5210,1
Earth,False,TRAPPIST-1e,24.0,False,666.0,938.0,1.0,0.0,0.0,False,E,332.0,S,5211,1
Earth,False,TRAPPIST-1e,25.0,False,10.0,0.0,908.0,5.0,0.0,True,F,1064.0,P,5213,1
Earth,False,55 Cancri e,0.0,False,0.0,0.0,0.0,0.0,0.0,False,G,842.0,P,5214,1
Earth,True,TRAPPIST-1e,30.0,False,0.0,0.0,0.0,0.0,0.0,False,G,843.0,P,5216,1
Europa,True,55 Cancri e,18.0,False,0.0,0.0,0.0,0.0,0.0,True,B,177.0,P,5217,1
Europa,True,55 Cancri e,32.0,False,0.0,0.0,0.0,0.0,0.0,True,B,177.0,P,5217,2
Earth,False,TRAPPIST-1e,28.0,False,0.0,0.0,0.0,525.0,1889.0,False,F,1000.0,S,5218,1
Mars,False,TRAPPIST-1e,21.0,False,2206.0,0.0,353.0,0.0,19.0,False,D,165.0,P,5220,1
Earth,False,TRAPPIST-1e,25.0,False,0.0,528.0,8.0,153.0,0.0,False,F,1065.0,P,5221,1
Mars,False,55 Cancri e,47.0,False,275.0,0.0,0.0,24.0,0.0,True,F,1002.0,S,5223,1
Mars,True,PSO J318.5-22,28.82793046746535,False,0.0,0.0,0.0,0.0,0.0,True,F,1002.0,S,5223,2
Mars,True,TRAPPIST-1e,8.0,False,0.0,0.0,0.0,0.0,0.0,True,F,1002.0,S,5223,3
Earth,False,TRAPPIST-1e,24.0,False,0.0,0.0,56.0,564.0,880.0,False,F,1003.0,S,5224,1
Mars,True,TRAPPIST-1e,30.0,False,0.0,0.0,0.0,0.0,0.0,True,E,334.0,S,5225,1
Earth,True,PSO J318.5-22,24.0,False,0.0,0.0,0.0,0.0,0.0,True,G,848.0,S,5226,1
Earth,True,TRAPPIST-1e,13.0,False,0.0,0.0,0.0,0.0,0.0,True,G,849.0,S,5227,1
Earth,False,Unknown,16.0,False,0.0,0.0,19.0,971.0,0.0,False,E,335.0,S,5229,1
Mars,False,TRAPPIST-1e,23.0,False,263.0,0.0,1548.0,44.0,0.0,True,F,1004.0,S,5230,1
Mars,False,TRAPPIST-1e,16.0,False,271.0,0.0,2251.0,117.0,0.0,True,F,1067.0,P,5234,1
Earth,False,TRAPPIST-1e,29.0,False,30.0,0.0,605.0,267.0,6.0,False,G,844.0,P,5235,1
Earth,False,TRAPPIST-1e,46.0,False,1.0,0.0,898.0,0.0,96.0,True,E,326.0,P,5236,1
Earth,True,PSO J318.5-22,13.0,False,0.0,0.0,0.0,0.0,0.0,False,G,845.0,P,5238,1
Earth,True,TRAPPIST-1e,22.0,False,0.0,0.0,0.0,0.0,0.0,True,G,852.0,S,5239,1
Earth,True,TRAPPIST-1e,29.0,False,0.0,0.0,0.0,0.0,0.0,True,G,853.0,S,5240,1
Earth,True,TRAPPIST-1e,46.0,False,0.0,0.0,0.0,0.0,0.0,True,G,854.0,S,5242,1
Earth,False,TRAPPIST-1e,24.0,False,1231.0,0.0,0.0,1.0,3.0,True,F,1005.0,S,5243,1
Earth,True,TRAPPIST-1e,33.0,False,0.0,0.0,0.0,0.0,0.0,True,G,855.0,S,5243,2
Mars,False,TRAPPIST-1e,38.0,False,218.0,0.0,586.0,770.0,0.0,False,F,1006.0,S,5244,1
Earth,True,TRAPPIST-1e,57.0,False,0.0,0.0,0.0,0.0,0.0,True,G,847.0,P,5246,1
Earth,False,TRAPPIST-1e,28.82793046746535,False,0.0,13.0,643.0,47.0,0.0,True,F,1070.0,P,5246,2
Earth,False,TRAPPIST-1e,38.0,False,6.0,2324.0,0.0,0.0,0.0,True,G,848.0,P,5247,1
Earth,False,TRAPPIST-1e,28.0,False,607.0,0.0,0.0,227.0,0.0,True,G,856.0,S,5248,1
Mars,False,TRAPPIST-1e,25.0,False,922.0,0.0,1.0,91.0,0.0,False,E,327.0,P,5249,1
Mars,True,TRAPPIST-1e,22.0,False,0.0,0.0,0.0,0.0,0.0,True,F,1007.0,S,5250,1
Mars,False,TRAPPIST-1e,33.0,False,705.0,0.0,1905.0,13.0,0.0,True,F,1071.0,P,5251,1
Earth,False,TRAPPIST-1e,35.0,False,202.0,1309.0,60.0,0.0,0.0,True,F,1008.0,S,5252,1
Earth,False,TRAPPIST-1e,24.0,False,290.0,64.0,413.0,35.0,0.0,True,F,1009.0,S,5253,1
Europa,True,TRAPPIST-1e,31.0,False,0.0,0.0,0.0,0.0,0.0,True,B,202.0,S,5254,1
Europa,True,TRAPPIST-1e,16.0,False,0.0,0.0,0.0,0.0,0.0,True,B,202.0,S,5254,2
Europa,True,TRAPPIST-1e,28.0,False,0.0,0.0,0.0,0.0,0.0,True,F,82.0,S,5254,3
Europa,False,55 Cancri e,8.0,False,0.0,0.0,0.0,0.0,0.0,True,B,202.0,S,5254,4
Mars,True,TRAPPIST-1e,20.0,False,0.0,0.0,0.0,0.0,0.0,True,F,1010.0,S,5255,1
Mars,False,TRAPPIST-1e,26.0,False,41.0,0.0,444.0,572.0,0.0,False,D,159.0,S,5256,1
Europa,False,55 Cancri e,43.0,False,0.0,1001.0,0.0,2393.0,0.0,False,B,178.0,P,5257,1
Europa,False,TRAPPIST-1e,70.0,False,241.0,1065.0,0.0,2290.0,2.0,True,C,204.0,S,5258,1
Earth,True,55 Cancri e,17.0,False,0.0,0.0,0.0,0.0,0.0,True,G,849.0,P,5260,1
Earth,True,TRAPPIST-1e,14.0,False,0.0,0.0,0.0,0.0,0.0,True,G,850.0,P,5262,1
Earth,True,TRAPPIST-1e,21.0,False,0.0,0.0,0.0,0.0,0.0,True,G,858.0,S,5264,1
Earth,False,55 Cancri e,37.0,False,0.0,0.0,163.0,0.0,486.0,True,F,1012.0,S,5264,2
Earth,False,TRAPPIST-1e,15.0,False,0.0,400.0,0.0,0.0,702.0,False,F,1073.0,P,5265,1
Europa,False,55 Cancri e,20.0,False,0.0,290.0,0.0,1866.0,217.0,False,A,64.0,S,5266,1
Europa,False,55 Cancri e,36.0,True,13.0,196.0,3.0,0.0,12323.0,False,C,205.0,S,5266,2
Earth,False,TRAPPIST-1e,14.0,False,0.0,56.0,0.0,0.0,2.0,True,F,1013.0,S,5268,1
Earth,False,TRAPPIST-1e,21.0,False,38.0,1.0,591.0,1.0,31.0,True,E,336.0,S,5269,1
Earth,False,TRAPPIST-1e,28.0,False,89.0,3.0,571.0,258.0,0.0,False,F,1075.0,P,5271,1
Mars,True,TRAPPIST-1e,20.0,False,0.0,0.0,0.0,0.0,0.0,True,F,1076.0,P,5272,1
Earth,False,TRAPPIST-1e,26.0,False,0.0,0.0,827.0,1.0,0.0,False,F,1077.0,P,5273,1
Earth,False,TRAPPIST-1e,25.0,False,662.0,34.0,0.0,79.0,148.0,False,F,1078.0,P,5274,1
Earth,False,TRAPPIST-1e,29.0,False,0.0,10.0,0.0,594.0,120.0,False,F,1014.0,S,5275,1
Europa,False,55 Cancri e,39.0,True,0.0,2868.0,0.0,5.0,1968.0,True,B,179.0,P,5276,1
Earth,False,TRAPPIST-1e,18.0,False,0.0,0.0,0.0,87.0,1232.0,True,F,1079.0,P,5277,1
Europa,True,55 Cancri e,37.0,False,0.0,0.0,0.0,0.0,0.0,True,B,203.0,S,5278,1
Earth,False,TRAPPIST-1e,28.0,False,467.0,0.0,0.0,0.0,307.0,False,G,852.0,P,5279,1
Earth,False,TRAPPIST-1e,18.0,False,0.0,0.0,2728.0,0.0,0.0,True,F,1015.0,S,5280,1
Earth,False,TRAPPIST-1e,30.0,False,0.0,6.0,621.0,0.0,433.0,False,F,1080.0,P,5281,1
Earth,False,TRAPPIST-1e,35.0,False,35.0,0.0,14.0,0.0,816.0,True,E,337.0,S,5282,1
Earth,False,TRAPPIST-1e,26.0,False,0.0,196.0,0.0,0.0,487.0,True,F,1016.0,S,5282,2
Earth,True,55 Cancri e,0.0,False,0.0,0.0,0.0,0.0,0.0,True,G,860.0,S,5282,3
Earth,False,PSO J318.5-22,42.0,False,0.0,0.0,0.0,214.0,50.0,True,G,861.0,S,5287,1
Earth,False,Unknown,36.0,False,1.0,716.0,3.0,0.0,57.0,True,F,1081.0,P,5288,1
Earth,False,TRAPPIST-1e,31.0,False,1177.0,2.0,0.0,0.0,1.0,False,F,1083.0,P,5290,1
Earth,False,55 Cancri e,27.0,False,3905.0,7.0,0.0,4.0,53.0,False,G,854.0,P,5291,1
Europa,False,TRAPPIST-1e,25.0,False,0.0,4313.0,0.0,175.0,60.0,True,C,206.0,S,5292,1
Earth,True,TRAPPIST-1e,32.0,False,0.0,0.0,0.0,0.0,0.0,True,G,856.0,P,5297,1
Earth,True,TRAPPIST-1e,14.0,False,0.0,0.0,0.0,0.0,0.0,True,G,862.0,S,5298,1
Earth,True,TRAPPIST-1e,16.0,False,0.0,0.0,0.0,0.0,0.0,True,G,863.0,S,5299,1
Earth,True,55 Cancri e,51.0,False,0.0,0.0,0.0,0.0,0.0,True,G,864.0,S,5300,1
Europa,True,TRAPPIST-1e,21.0,False,0.0,0.0,0.0,0.0,0.0,True,B,181.0,P,5301,1
Europa,True,55 Cancri e,31.0,False,0.0,0.0,0.0,0.0,0.0,True,B,181.0,P,5301,2
Earth,False,TRAPPIST-1e,9.0,False,0.0,0.0,0.0,0.0,0.0,False,F,82.0,S,5303,1
Earth,False,TRAPPIST-1e,7.0,False,0.0,0.0,0.0,0.0,0.0,True,G,857.0,P,5303,2
Earth,False,TRAPPIST-1e,3.0,False,0.0,0.0,0.0,0.0,0.0,True,G,857.0,P,5303,3
Earth,True,TRAPPIST-1e,2.0,False,0.0,0.0,0.0,0.0,0.0,True,G,857.0,P,5303,4
Earth,False,55 Cancri e,7.0,False,0.0,0.0,0.0,0.0,0.0,False,G,857.0,P,5303,5
Mars,False,TRAPPIST-1e,18.0,False,1744.0,0.0,8.0,8.0,0.0,False,F,1019.0,S,5304,1
Mars,True,Unknown,33.0,False,0.0,0.0,0.0,0.0,0.0,True,F,1019.0,S,5304,2
Earth,False,TRAPPIST-1e,23.0,False,0.0,2891.0,0.0,6.0,0.0,True,F,1084.0,P,5305,1
Europa,True,TRAPPIST-1e,13.0,False,0.0,0.0,0.0,0.0,0.0,True,B,204.0,S,5307,1
Mars,False,TRAPPIST-1e,32.0,False,4702.0,0.0,449.0,190.0,0.0,False,F,1021.0,S,5310,1
Europa,True,TRAPPIST-1e,27.0,False,0.0,0.0,0.0,0.0,0.0,True,B,182.0,P,5312,1
Earth,False,TRAPPIST-1e,23.0,False,0.0,491.0,0.0,61.0,0.0,True,F,1085.0,P,5313,1
Europa,False,TRAPPIST-1e,25.0,False,0.0,3625.0,0.0,0.0,168.0,True,C,208.0,S,5314,1
Earth,False,TRAPPIST-1e,18.0,False,454.0,0.0,0.0,324.0,0.0,False,F,1086.0,P,5315,1
Mars,True,55 Cancri e,23.0,False,0.0,0.0,0.0,0.0,0.0,True,F,1087.0,P,5316,1
Europa,True,55 Cancri e,31.0,False,0.0,0.0,0.0,0.0,0.0,True,E,330.0,P,5320,1
Europa,False,TRAPPIST-1e,32.0,False,0.0,1301.0,0.0,94.0,356.0,False,E,330.0,P,5320,2
Mars,True,TRAPPIST-1e,22.0,False,0.0,0.0,0.0,0.0,0.0,True,F,1090.0,P,5322,1
Mars,True,TRAPPIST-1e,38.0,False,0.0,0.0,0.0,0.0,0.0,True,F,1091.0,P,5323,1
Earth,False,PSO J318.5-22,21.0,False,751.0,5.0,0.0,1.0,0.0,True,F,1023.0,S,5325,1
Mars,True,TRAPPIST-1e,28.0,False,0.0,0.0,0.0,0.0,0.0,True,F,1092.0,P,5326,1
Europa,False,TRAPPIST-1e,38.0,False,0.0,0.0,0.0,0.0,0.0,False,B,183.0,P,5327,1
Earth,False,TRAPPIST-1e,20.0,False,0.0,0.0,708.0,101.0,0.0,True,F,1094.0,P,5330,1
Earth,False,TRAPPIST-1e,23.0,False,0.0,1.0,292.0,0.0,340.0,False,F,1095.0,P,5331,1
Earth,False,TRAPPIST-1e,48.0,False,456.0,0.0,39.0,0.0,5.0,True,G,862.0,P,5333,1
Earth,True,55 Cancri e,15.0,False,0.0,0.0,0.0,0.0,0.0,True,G,867.0,S,5334,1
Earth,False,TRAPPIST-1e,30.0,False,0.0,674.0,39.0,0.0,10.0,True,G,867.0,S,5334,2
Mars,False,TRAPPIST-1e,40.0,False,286.0,0.0,2299.0,12.0,0.0,True,F,1024.0,S,5337,1
Earth,False,TRAPPIST-1e,36.0,False,0.0,0.0,33.0,677.0,0.0,False,G,868.0,S,5340,1
Earth,True,TRAPPIST-1e,20.0,False,0.0,0.0,0.0,0.0,0.0,True,G,869.0,S,5341,1
Mars,False,TRAPPIST-1e,17.0,False,13.0,0.0,565.0,367.0,1.0,False,E,332.0,P,5343,1
Europa,False,55 Cancri e,38.0,False,0.0,439.0,0.0,434.0,10074.0,False,C,168.0,P,5344,1
Europa,True,55 Cancri e,38.0,False,0.0,0.0,0.0,0.0,0.0,True,C,168.0,P,5344,2
Mars,False,Unknown,14.0,False,809.0,0.0,59.0,0.0,0.0,False,D,167.0,P,5345,1
Mars,False,TRAPPIST-1e,28.82793046746535,False,134.0,0.0,6.0,1450.0,0.0,False,E,333.0,P,5345,2
Earth,False,TRAPPIST-1e,21.0,False,37.0,0.0,31.0,696.0,63.0,True,E,334.0,P,5346,1
Europa,False,TRAPPIST-1e,18.0,False,0.0,3770.0,0.0,287.0,3491.0,False,C,169.0,P,5347,1
Mars,False,TRAPPIST-1e,26.0,False,164.0,0.0,853.0,0.0,39.0,True,D,168.0,P,5348,1
Europa,False,TRAPPIST-1e,35.0,False,25.0,866.0,0.0,3198.0,459.0,False,C,170.0,P,5350,1
Mars,False,55 Cancri e,46.0,False,1082.0,80.0,1177.0,0.0,323.0,False,F,1026.0,S,5351,1
Europa,True,55 Cancri e,13.0,False,0.0,0.0,0.0,0.0,0.0,True,B,205.0,S,5353,1
Europa,False,TRAPPIST-1e,39.0,False,43.0,9365.0,144.0,0.0,118.0,True,B,205.0,S,5353,2
Mars,False,PSO J318.5-22,49.0,False,1690.0,0.0,85.0,0.0,0.0,False,D,161.0,S,5354,1
Mars,False,TRAPPIST-1e,28.0,False,0.0,0.0,0.0,0.0,0.0,False,E,339.0,S,5354,2
Earth,False,TRAPPIST-1e,27.0,False,0.0,686.0,0.0,101.0,9.0,True,F,1098.0,P,5355,1
Earth,True,TRAPPIST-1e,21.0,False,0.0,0.0,0.0,0.0,0.0,True,G,865.0,P,5355,2
Earth,False,TRAPPIST-1e,29.0,False,0.0,32.0,0.0,4517.0,0.0,False,E,340.0,S,5356,1
Unknown,False,TRAPPIST-1e,27.0,False,0.0,45.0,225.0,14.0,519.0,False,F,1099.0,P,5359,1
Mars,True,TRAPPIST-1e,38.0,False,0.0,0.0,0.0,0.0,0.0,True,F,1100.0,P,5360,1
Earth,False,PSO J318.5-22,18.0,False,0.0,0.0,0.0,150.0,0.0,True,F,1101.0,P,5361,1
Europa,True,55 Cancri e,35.0,False,0.0,0.0,0.0,0.0,0.0,True,E,336.0,P,5362,1
Mars,True,TRAPPIST-1e,37.0,False,0.0,0.0,0.0,0.0,0.0,True,F,1102.0,P,5363,1
Earth,False,TRAPPIST-1e,60.0,False,943.0,53.0,0.0,0.0,0.0,False,E,337.0,P,5365,1
Europa,True,TRAPPIST-1e,31.0,False,0.0,0.0,0.0,0.0,0.0,True,E,338.0,P,5366,1
Europa,True,TRAPPIST-1e,4.0,False,0.0,0.0,0.0,0.0,0.0,True,C,209.0,S,5367,1
Unknown,False,TRAPPIST-1e,34.0,False,0.0,3195.0,0.0,102.0,1469.0,True,C,209.0,S,5367,2
Europa,False,55 Cancri e,46.0,False,0.0,8221.0,0.0,1010.0,160.0,True,C,209.0,S,5367,3
Earth,False,TRAPPIST-1e,18.0,False,0.0,0.0,55.0,2288.0,1.0,False,G,870.0,S,5368,1
Mars,False,TRAPPIST-1e,38.0,False,0.0,0.0,363.0,7.0,3.0,False,E,342.0,S,5372,1
Earth,False,Unknown,29.0,False,0.0,61.0,942.0,2.0,0.0,True,F,1029.0,S,5374,1
Europa,True,TRAPPIST-1e,13.0,False,0.0,0.0,0.0,0.0,0.0,True,C,210.0,S,5375,1
Europa,True,TRAPPIST-1e,26.0,False,0.0,0.0,0.0,0.0,0.0,True,C,210.0,S,5375,2
Europa,False,TRAPPIST-1e,30.0,False,0.0,95.0,0.0,1202.0,5558.0,False,C,173.0,P,5378,1
Earth,False,TRAPPIST-1e,42.0,False,0.0,0.0,8.0,3409.0,0.0,False,F,1030.0,S,5379,1
Mars,False,TRAPPIST-1e,36.0,False,386.0,0.0,756.0,6.0,0.0,False,F,1104.0,P,5380,1
Earth,False,55 Cancri e,23.0,False,253.0,0.0,1175.0,3.0,0.0,False,F,1105.0,P,5383,1
Europa,False,TRAPPIST-1e,34.0,True,0.0,5210.0,0.0,1332.0,2.0,True,A,65.0,S,5384,1
Europa,False,TRAPPIST-1e,26.0,False,0.0,4894.0,0.0,62.0,85.0,True,A,65.0,S,5384,2
Mars,False,TRAPPIST-1e,31.0,False,2048.0,0.0,1040.0,136.0,0.0,False,D,170.0,P,5385,1
Mars,False,TRAPPIST-1e,48.0,False,581.0,6.0,1.0,158.0,0.0,False,D,171.0,P,5387,1
Earth,True,TRAPPIST-1e,10.0,False,0.0,0.0,0.0,0.0,0.0,True,G,871.0,S,5388,1
Mars,False,TRAPPIST-1e,27.0,False,2.0,0.0,1320.0,0.0,26.0,True,F,1106.0,P,5389,1
Mars,False,TRAPPIST-1e,32.0,False,2497.0,0.0,101.0,0.0,0.0,False,F,1106.0,P,5389,2
Earth,True,TRAPPIST-1e,24.0,False,0.0,0.0,0.0,0.0,0.0,True,G,872.0,S,5390,1
Earth,True,PSO J318.5-22,20.0,False,0.0,0.0,0.0,0.0,0.0,True,G,872.0,S,5390,2
Earth,False,TRAPPIST-1e,48.0,False,83.0,110.0,0.0,690.0,8.0,True,F,1032.0,S,5390,3
Mars,False,TRAPPIST-1e,35.0,True,628.0,6.0,528.0,136.0,0.0,False,E,343.0,S,5392,1
Mars,False,TRAPPIST-1e,14.0,False,246.0,0.0,2153.0,0.0,0.0,True,D,172.0,P,5394,1
Mars,False,TRAPPIST-1e,28.0,False,4.0,0.0,2574.0,0.0,0.0,True,D,173.0,P,5395,1
Mars,False,TRAPPIST-1e,28.82793046746535,False,743.0,378.0,8.0,0.0,0.0,False,F,1109.0,P,5396,1
Mars,True,TRAPPIST-1e,42.0,False,0.0,0.0,0.0,0.0,0.0,True,D,162.0,S,5397,1
Mars,True,TRAPPIST-1e,8.0,False,0.0,0.0,0.0,0.0,0.0,True,D,162.0,S,5397,2
Mars,True,55 Cancri e,30.0,False,0.0,0.0,0.0,0.0,0.0,True,D,162.0,S,5397,3
Earth,False,TRAPPIST-1e,44.0,False,0.0,0.0,5.0,30.0,777.0,False,G,869.0,P,5401,1
Mars,False,TRAPPIST-1e,40.0,False,1269.0,0.0,75.0,0.0,4.0,False,F,1034.0,S,5402,1
Earth,False,TRAPPIST-1e,38.0,False,766.0,38.0,0.0,0.0,0.0,False,F,1111.0,P,5404,1
Unknown,False,PSO J318.5-22,22.0,False,2.0,46.0,0.0,483.0,67.0,False,F,1035.0,S,5406,1
Mars,False,TRAPPIST-1e,32.0,False,1781.0,0.0,654.0,580.0,0.0,False,D,174.0,P,5408,1
Mars,False,TRAPPIST-1e,16.0,False,2116.0,0.0,350.0,0.0,901.0,False,D,174.0,P,5408,2
Mars,False,TRAPPIST-1e,33.0,False,748.0,130.0,1047.0,458.0,0.0,False,D,163.0,S,5410,1
Europa,False,TRAPPIST-1e,38.0,False,20.0,3960.0,153.0,280.0,1674.0,False,B,206.0,S,5411,1
Earth,False,TRAPPIST-1e,23.0,False,0.0,806.0,0.0,2.0,0.0,True,G,870.0,P,5412,1
Earth,False,TRAPPIST-1e,16.0,False,3.0,595.0,0.0,9.0,321.0,True,G,871.0,P,5413,1
Earth,False,PSO J318.5-22,16.0,False,481.0,0.0,166.0,0.0,122.0,False,G,872.0,P,5414,1
Earth,False,TRAPPIST-1e,11.0,False,0.0,0.0,0.0,0.0,0.0,False,G,872.0,P,5414,2
Earth,False,TRAPPIST-1e,22.0,False,0.0,824.0,0.0,0.0,411.0,False,F,1112.0,P,5414,3
Earth,False,TRAPPIST-1e,43.0,False,0.0,0.0,0.0,0.0,1544.0,False,F,1112.0,P,5414,4
Earth,True,PSO J318.5-22,20.0,False,0.0,0.0,0.0,0.0,0.0,True,G,872.0,P,5414,5
Earth,False,TRAPPIST-1e,22.0,False,0.0,747.0,8.0,0.0,314.0,False,F,1113.0,P,5415,1
Mars,False,TRAPPIST-1e,0.0,False,0.0,0.0,0.0,0.0,0.0,True,F,1114.0,P,5416,1
Mars,False,TRAPPIST-1e,30.0,False,138.0,0.0,208.0,952.0,0.0,False,E,340.0,P,5416,2
Mars,True,TRAPPIST-1e,18.0,False,0.0,0.0,0.0,0.0,0.0,True,F,1114.0,P,5416,3
Mars,False,55 Cancri e,0.0,False,0.0,0.0,0.0,0.0,0.0,True,F,1114.0,P,5416,4
Mars,False,TRAPPIST-1e,41.0,False,164.0,0.0,1115.0,1.0,18.0,False,E,349.0,S,5418,1
Earth,False,TRAPPIST-1e,39.0,False,0.0,829.0,0.0,1.0,0.0,True,F,1036.0,S,5420,1
Earth,False,TRAPPIST-1e,37.0,False,389.0,0.0,1.0,3369.0,3.0,False,G,873.0,S,5421,1
Europa,True,55 Cancri e,26.0,False,0.0,0.0,0.0,0.0,0.0,True,D,164.0,S,5422,1
Mars,False,TRAPPIST-1e,49.0,False,552.0,0.0,7.0,0.0,183.0,False,F,1116.0,P,5423,1
Mars,False,TRAPPIST-1e,28.0,False,142.0,0.0,1878.0,62.0,0.0,True,E,341.0,P,5423,2
Mars,False,PSO J318.5-22,13.0,False,358.0,65.0,599.0,676.0,0.0,False,F,1117.0,P,5424,1
Unknown,False,TRAPPIST-1e,64.0,False,469.0,700.0,2.0,1.0,0.0,False,E,342.0,P,5424,2
Earth,False,PSO J318.5-22,24.0,False,1.0,0.0,11.0,0.0,734.0,False,F,1037.0,S,5425,1
Unknown,True,TRAPPIST-1e,18.0,False,0.0,0.0,0.0,0.0,0.0,True,F,1118.0,P,5427,1
Mars,False,TRAPPIST-1e,18.0,False,3458.0,0.0,216.0,0.0,0.0,False,F,1118.0,P,5427,2
Mars,False,TRAPPIST-1e,25.0,False,948.0,0.0,1.0,170.0,0.0,False,F,1118.0,P,5427,3
Earth,True,TRAPPIST-1e,19.0,False,0.0,0.0,0.0,0.0,0.0,False,G,873.0,P,5430,1
Earth,False,55 Cancri e,33.0,False,2.0,0.0,0.0,0.0,720.0,True,E,350.0,S,5431,1
Earth,True,TRAPPIST-1e,28.82793046746535,False,0.0,0.0,0.0,0.0,0.0,True,G,874.0,P,5434,1
Mars,False,TRAPPIST-1e,50.0,False,846.0,0.0,280.0,280.0,0.0,False,F,1121.0,P,5435,1
Earth,False,TRAPPIST-1e,30.0,False,0.0,0.0,0.0,2.0,827.0,False,F,82.0,S,5436,1
Mars,False,TRAPPIST-1e,44.0,False,1267.0,18.0,0.0,3.0,0.0,True,F,1123.0,P,5437,1
Earth,True,PSO J318.5-22,52.0,False,0.0,0.0,0.0,0.0,0.0,False,G,875.0,P,5438,1
Earth,True,TRAPPIST-1e,7.0,False,0.0,0.0,0.0,0.0,0.0,True,G,875.0,S,5440,1
Earth,False,55 Cancri e,30.0,False,0.0,59.0,18.0,639.0,0.0,False,F,1041.0,S,5440,2
Earth,False,TRAPPIST-1e,27.0,False,1109.0,0.0,0.0,0.0,0.0,False,F,1041.0,S,5440,3
Europa,True,55 Cancri e,24.0,False,0.0,0.0,0.0,0.0,0.0,True,B,207.0,S,5441,1
Earth,False,55 Cancri e,13.0,False,4.0,99.0,1.0,0.0,595.0,False,F,1124.0,P,5443,1
Unknown,False,TRAPPIST-1e,61.0,False,0.0,53.0,813.0,3.0,0.0,False,F,1125.0,P,5445,1
Earth,True,TRAPPIST-1e,32.0,False,0.0,0.0,0.0,0.0,0.0,True,G,876.0,P,5446,1
Mars,True,55 Cancri e,17.0,False,0.0,0.0,0.0,0.0,0.0,True,F,1126.0,P,5447,1
Mars,False,TRAPPIST-1e,36.0,False,0.0,0.0,0.0,0.0,0.0,True,F,1126.0,P,5447,2
Earth,True,PSO J318.5-22,16.0,False,0.0,0.0,0.0,0.0,0.0,True,G,877.0,P,5450,1
Unknown,False,PSO J318.5-22,21.0,False,0.0,697.0,0.0,0.0,0.0,True,F,1127.0,P,5451,1
Europa,False,TRAPPIST-1e,24.0,False,0.0,0.0,0.0,0.0,0.0,True,C,212.0,S,5452,1
Earth,False,55 Cancri e,28.0,False,0.0,9.0,0.0,1114.0,5.0,False,F,1044.0,S,5453,1
Mars,False,TRAPPIST-1e,28.82793046746535,False,848.0,1497.0,2.0,0.0,0.0,False,E,343.0,P,5454,1
Mars,False,55 Cancri e,13.0,False,9920.0,0.0,180.0,130.0,571.0,False,E,344.0,P,5455,1
Earth,False,TRAPPIST-1e,39.0,False,0.0,1.0,0.0,739.0,0.0,False,F,1129.0,P,5457,1
Earth,False,TRAPPIST-1e,24.0,False,0.0,0.0,980.0,7.0,0.0,False,E,351.0,S,5458,1
Europa,False,TRAPPIST-1e,38.0,False,0.0,347.0,0.0,1545.0,2187.0,False,C,213.0,S,5459,1
Mars,False,TRAPPIST-1e,20.0,False,489.0,126.0,663.0,214.0,0.0,False,F,1131.0,P,5462,1
Earth,False,TRAPPIST-1e,21.0,False,724.0,0.0,0.0,0.0,0.0,True,F,1045.0,S,5463,1
Mars,False,TRAPPIST-1e,27.0,False,1.0,1.0,2196.0,372.0,0.0,False,F,1132.0,P,5465,1
Unknown,False,TRAPPIST-1e,49.0,False,226.0,11.0,2.0,1580.0,0.0,False,F,1132.0,P,5465,2
Mars,True,TRAPPIST-1e,6.0,False,0.0,0.0,0.0,0.0,0.0,True,F,1132.0,P,5465,3
Europa,True,55 Cancri e,41.0,False,0.0,0.0,0.0,0.0,0.0,True,B,185.0,P,5466,1
Europa,False,55 Cancri e,33.0,True,0.0,1473.0,1089.0,5700.0,1466.0,False,B,185.0,P,5466,2
Europa,False,TRAPPIST-1e,6.0,False,0.0,0.0,0.0,0.0,0.0,True,B,185.0,P,5466,3
Europa,False,55 Cancri e,35.0,False,0.0,4618.0,0.0,324.0,12061.0,False,B,185.0,P,5466,4
Europa,False,TRAPPIST-1e,46.0,False,0.0,4524.0,0.0,243.0,7730.0,False,B,185.0,P,5466,5
Earth,False,TRAPPIST-1e,31.0,False,2703.0,21.0,0.0,0.0,1.0,False,F,1046.0,S,5467,1
Europa,True,TRAPPIST-1e,32.0,False,0.0,0.0,0.0,0.0,0.0,True,B,208.0,S,5468,1
Europa,True,55 Cancri e,31.0,False,0.0,0.0,0.0,0.0,0.0,True,A,50.0,P,5469,1
Earth,True,TRAPPIST-1e,20.0,False,0.0,0.0,0.0,0.0,0.0,False,G,878.0,P,5470,1
Earth,False,TRAPPIST-1e,57.0,False,685.0,0.0,0.0,0.0,0.0,False,G,877.0,S,5471,1
Earth,False,PSO J318.5-22,37.0,False,0.0,0.0,559.0,11.0,0.0,True,F,1047.0,S,5472,1
Earth,True,TRAPPIST-1e,21.0,False,0.0,0.0,0.0,0.0,0.0,True,F,82.0,S,5474,1
Earth,False,TRAPPIST-1e,43.0,False,0.0,0.0,1.0,0.0,0.0,False,F,1134.0,P,5475,1
Earth,False,TRAPPIST-1e,49.0,False,1020.0,0.0,2.0,2.0,0.0,True,G,879.0,S,5476,1
Earth,False,TRAPPIST-1e,17.0,False,0.0,150.0,166.0,570.0,0.0,True,G,880.0,S,5477,1
Mars,False,TRAPPIST-1e,29.0,False,518.0,0.0,10.0,1245.0,0.0,False,F,1048.0,S,5478,1
Earth,True,55 Cancri e,36.0,False,0.0,0.0,0.0,0.0,0.0,True,G,881.0,S,5479,1
Europa,False,TRAPPIST-1e,37.0,False,31.0,9307.0,0.0,904.0,11213.0,False,F,82.0,S,5480,1
Earth,False,PSO J318.5-22,17.0,False,2.0,0.0,0.0,0.0,681.0,False,F,1135.0,P,5483,1
Mars,True,55 Cancri e,45.0,False,0.0,0.0,0.0,0.0,0.0,True,F,1050.0,S,5484,1
Earth,False,TRAPPIST-1e,20.0,False,0.0,9.0,82.0,14.0,704.0,False,G,880.0,P,5485,1
Mars,True,TRAPPIST-1e,24.0,False,0.0,0.0,0.0,0.0,0.0,True,F,1136.0,P,5487,1
Europa,True,TRAPPIST-1e,28.0,False,0.0,0.0,0.0,0.0,0.0,True,B,186.0,P,5488,1
Europa,False,TRAPPIST-1e,15.0,False,0.0,22.0,6805.0,0.0,531.0,True,B,186.0,P,5488,2
Europa,False,TRAPPIST-1e,53.0,False,0.0,6634.0,0.0,5047.0,108.0,False,B,186.0,P,5488,3
Europa,True,TRAPPIST-1e,51.0,False,0.0,0.0,0.0,0.0,0.0,True,B,186.0,P,5488,4
Earth,True,TRAPPIST-1e,14.0,False,0.0,0.0,0.0,0.0,0.0,True,G,881.0,P,5489,1
Earth,True,TRAPPIST-1e,1.0,False,0.0,0.0,0.0,0.0,0.0,False,G,881.0,P,5489,2
Mars,False,TRAPPIST-1e,26.0,False,665.0,76.0,0.0,1478.0,0.0,False,F,1137.0,P,5490,1
Earth,False,TRAPPIST-1e,20.0,False,0.0,0.0,499.0,285.0,103.0,False,G,882.0,S,5491,1
Earth,False,TRAPPIST-1e,23.0,False,0.0,551.0,59.0,720.0,14.0,False,F,1052.0,S,5492,1
Earth,False,TRAPPIST-1e,22.0,False,658.0,0.0,0.0,161.0,3.0,True,F,1053.0,S,5494,1
Earth,True,55 Cancri e,22.0,False,0.0,0.0,0.0,0.0,0.0,True,G,882.0,P,5496,1
Europa,True,TRAPPIST-1e,13.0,False,0.0,0.0,0.0,0.0,0.0,True,B,210.0,S,5497,1
Europa,False,TRAPPIST-1e,28.0,False,0.0,0.0,0.0,0.0,0.0,True,B,210.0,S,5497,2
Earth,True,TRAPPIST-1e,40.0,False,0.0,0.0,0.0,0.0,0.0,True,G,884.0,S,5499,1
Mars,False,55 Cancri e,21.0,False,4027.0,0.0,47.0,83.0,0.0,False,D,175.0,P,5500,1
Earth,False,TRAPPIST-1e,35.0,False,702.0,104.0,5.0,76.0,0.0,True,G,885.0,S,5501,1
Earth,False,TRAPPIST-1e,22.0,False,142.0,1307.0,0.0,0.0,0.0,False,F,1140.0,P,5504,1
Europa,True,TRAPPIST-1e,37.0,False,0.0,0.0,0.0,0.0,0.0,True,D,166.0,S,5506,1
Mars,False,TRAPPIST-1e,21.0,False,0.0,0.0,0.0,0.0,0.0,False,E,356.0,S,5507,1
Earth,False,TRAPPIST-1e,50.0,False,0.0,358.0,0.0,620.0,4.0,False,F,82.0,S,5508,1
Earth,False,TRAPPIST-1e,27.0,False,0.0,0.0,800.0,0.0,0.0,True,F,1055.0,S,5509,1
Earth,True,TRAPPIST-1e,20.0,False,0.0,0.0,0.0,0.0,0.0,True,G,887.0,S,5510,1
Earth,True,TRAPPIST-1e,15.0,False,0.0,0.0,0.0,0.0,0.0,True,G,884.0,P,5511,1
Earth,False,PSO J318.5-22,25.0,False,39.0,0.0,169.0,20.0,1403.0,False,E,346.0,P,5511,2
Europa,False,55 Cancri e,31.0,False,0.0,225.0,0.0,301.0,4090.0,False,A,67.0,S,5512,1
Europa,False,55 Cancri e,28.82793046746535,False,0.0,8162.0,1044.0,699.0,46.0,True,B,211.0,S,5512,2
Earth,True,TRAPPIST-1e,18.0,False,0.0,0.0,0.0,0.0,0.0,True,G,889.0,S,5514,1
Earth,True,PSO J318.5-22,2.0,False,0.0,0.0,0.0,0.0,0.0,True,G,889.0,S,5514,2
Earth,False,TRAPPIST-1e,27.0,False,0.0,6.0,0.0,814.0,107.0,True,G,889.0,S,5514,3
Earth,False,TRAPPIST-1e,0.0,False,0.0,0.0,0.0,0.0,0.0,True,G,889.0,S,5514,4
Earth,False,TRAPPIST-1e,22.0,False,758.0,0.0,46.0,0.0,0.0,False,F,1141.0,P,5515,1
Mars,False,TRAPPIST-1e,28.82793046746535,False,0.0,0.0,0.0,0.0,0.0,False,E,357.0,S,5517,1
Earth,False,TRAPPIST-1e,56.0,False,0.0,4.0,778.0,0.0,0.0,True,G,890.0,S,5520,1
Earth,False,TRAPPIST-1e,28.0,False,0.0,0.0,0.0,676.0,124.0,False,F,1058.0,S,5521,1
Earth,False,55 Cancri e,42.0,False,31.0,0.0,0.0,635.0,0.0,True,E,358.0,S,5522,1
Earth,False,TRAPPIST-1e,20.0,False,0.0,0.0,0.0,703.0,0.0,True,F,1059.0,S,5522,2
Earth,False,TRAPPIST-1e,27.0,False,508.0,585.0,9.0,0.0,0.0,True,F,1059.0,S,5522,3
Earth,False,PSO J318.5-22,29.0,False,0.0,0.0,20.0,0.0,402.0,False,G,885.0,P,5523,1
Earth,False,55 Cancri e,36.0,False,85.0,0.0,545.0,15.0,0.0,True,F,1060.0,S,5524,1
Earth,False,TRAPPIST-1e,23.0,False,0.0,0.0,4.0,145.0,0.0,False,F,1061.0,S,5526,1
Earth,True,TRAPPIST-1e,64.0,False,0.0,0.0,0.0,0.0,0.0,True,G,891.0,S,5526,2
Earth,False,TRAPPIST-1e,19.0,False,1.0,1.0,0.0,0.0,1755.0,False,G,886.0,P,5527,1
Earth,True,55 Cancri e,1.0,False,0.0,0.0,0.0,0.0,0.0,False,G,886.0,P,5527,2
Earth,True,TRAPPIST-1e,49.0,False,0.0,0.0,0.0,0.0,0.0,False,G,886.0,P,5527,3
Earth,True,55 Cancri e,0.0,False,0.0,0.0,0.0,0.0,0.0,True,G,886.0,P,5527,4
Earth,False,TRAPPIST-1e,18.0,False,0.0,288.0,35.0,0.0,435.0,False,F,1143.0,P,5528,1
Europa,False,55 Cancri e,39.0,False,5645.0,132.0,0.0,1.0,1814.0,False,C,174.0,P,5529,1
Mars,False,TRAPPIST-1e,37.0,False,10.0,20.0,868.0,115.0,0.0,False,E,347.0,P,5530,1
Mars,True,TRAPPIST-1e,44.0,False,0.0,0.0,0.0,0.0,0.0,True,F,1144.0,P,5530,2
Mars,False,PSO J318.5-22,43.0,False,817.0,0.0,617.0,0.0,0.0,False,F,1145.0,P,5531,1
Mars,True,TRAPPIST-1e,33.0,False,0.0,0.0,0.0,0.0,0.0,True,F,1145.0,P,5531,2
Earth,False,TRAPPIST-1e,20.0,False,41.0,222.0,0.0,43.0,601.0,True,G,893.0,S,5535,1
Earth,False,TRAPPIST-1e,0.0,False,0.0,0.0,0.0,0.0,0.0,True,G,893.0,S,5535,2
Earth,False,55 Cancri e,4.0,False,0.0,0.0,0.0,0.0,0.0,True,G,893.0,S,5535,3
Mars,True,TRAPPIST-1e,20.0,False,0.0,0.0,0.0,0.0,0.0,True,F,1062.0,S,5536,1
Mars,False,TRAPPIST-1e,50.0,False,690.0,0.0,30.0,762.0,428.0,False,F,1063.0,S,5537,1
Mars,True,TRAPPIST-1e,47.0,False,0.0,0.0,0.0,0.0,0.0,True,F,1146.0,P,5538,1
Mars,True,TRAPPIST-1e,17.0,False,0.0,0.0,0.0,0.0,0.0,True,F,1146.0,P,5538,2
Europa,False,TRAPPIST-1e,26.0,False,0.0,1583.0,0.0,232.0,8040.0,False,B,187.0,P,5539,1
Earth,False,TRAPPIST-1e,21.0,False,39.0,360.0,0.0,0.0,0.0,True,E,360.0,S,5540,1
Mars,True,TRAPPIST-1e,20.0,False,0.0,0.0,0.0,0.0,0.0,True,F,1147.0,P,5541,1
Europa,True,TRAPPIST-1e,26.0,False,0.0,0.0,0.0,0.0,0.0,True,C,175.0,P,5543,1
Mars,False,TRAPPIST-1e,28.82793046746535,True,1565.0,0.0,0.0,0.0,145.0,False,F,1149.0,P,5544,1
Earth,False,PSO J318.5-22,34.0,False,0.0,0.0,693.0,3.0,77.0,True,G,894.0,S,5545,1
Earth,True,TRAPPIST-1e,11.0,False,0.0,0.0,0.0,0.0,0.0,True,G,894.0,S,5545,2
Earth,True,TRAPPIST-1e,0.0,False,0.0,0.0,0.0,0.0,0.0,True,G,894.0,S,5545,3
Europa,False,55 Cancri e,28.0,False,550.0,5203.0,0.0,2244.0,1624.0,False,D,176.0,P,5546,1
Earth,False,TRAPPIST-1e,33.0,False,127.0,745.0,9.0,0.0,0.0,True,G,895.0,S,5550,1
Earth,True,TRAPPIST-1e,22.0,False,0.0,0.0,0.0,0.0,0.0,True,G,888.0,P,5551,1
Mars,False,TRAPPIST-1e,28.0,False,0.0,0.0,0.0,0.0,0.0,False,F,1150.0,P,5552,1
Mars,True,TRAPPIST-1e,11.0,False,0.0,0.0,0.0,0.0,0.0,True,F,1150.0,P,5552,2
Mars,False,TRAPPIST-1e,60.0,False,51.0,10.0,754.0,1412.0,137.0,False,F,1150.0,P,5552,3
Unknown,False,Unknown,43.0,False,1.0,0.0,213.0,7.0,701.0,True,G,896.0,S,5555,1
Earth,False,TRAPPIST-1e,27.0,False,0.0,1.0,667.0,897.0,43.0,False,E,361.0,S,5556,1
Earth,True,TRAPPIST-1e,37.0,False,0.0,0.0,0.0,0.0,0.0,True,G,890.0,P,5557,1
Earth,True,55 Cancri e,23.0,False,0.0,0.0,0.0,0.0,0.0,True,G,897.0,S,5559,1
Mars,False,TRAPPIST-1e,57.0,False,1696.0,0.0,1006.0,0.0,27.0,False,D,168.0,S,5560,1
Europa,True,TRAPPIST-1e,29.0,False,0.0,0.0,0.0,0.0,0.0,True,A,51.0,P,5561,1
Europa,False,TRAPPIST-1e,28.0,False,0.0,175.0,0.0,214.0,7461.0,False,A,51.0,P,5561,2
Europa,False,TRAPPIST-1e,42.0,False,0.0,890.0,2929.0,352.0,4898.0,False,A,51.0,P,5561,3
Europa,False,TRAPPIST-1e,43.0,False,7.0,494.0,2473.0,443.0,71.0,False,A,51.0,P,5561,4
Europa,True,TRAPPIST-1e,26.0,False,0.0,0.0,0.0,0.0,0.0,True,C,176.0,P,5563,1
Europa,False,55 Cancri e,72.0,False,2445.0,3023.0,0.0,704.0,20.0,False,E,349.0,P,5566,1
Europa,False,TRAPPIST-1e,49.0,False,0.0,3991.0,298.0,289.0,2740.0,False,B,188.0,P,5568,1
Europa,True,55 Cancri e,29.0,True,0.0,0.0,0.0,0.0,0.0,True,B,188.0,P,5568,2
Earth,True,TRAPPIST-1e,18.0,False,0.0,0.0,0.0,0.0,0.0,False,G,891.0,P,5569,1
Earth,False,55 Cancri e,26.0,False,0.0,406.0,0.0,0.0,503.0,True,G,900.0,S,5571,1
Mars,True,55 Cancri e,19.0,False,0.0,0.0,0.0,0.0,0.0,True,F,1153.0,P,5572,1
Earth,False,55 Cancri e,18.0,False,749.0,0.0,74.0,0.0,0.0,False,F,1154.0,P,5573,1
Earth,False,55 Cancri e,14.0,False,714.0,237.0,0.0,587.0,1.0,False,F,1155.0,P,5574,1
Mars,False,TRAPPIST-1e,44.0,False,583.0,0.0,222.0,0.0,1560.0,False,F,1156.0,P,5575,1
Mars,True,TRAPPIST-1e,34.0,False,0.0,0.0,0.0,0.0,0.0,True,F,1156.0,P,5575,2
Earth,True,55 Cancri e,18.0,False,0.0,0.0,0.0,0.0,0.0,True,G,892.0,P,5578,1
Earth,True,PSO J318.5-22,36.0,False,0.0,0.0,0.0,0.0,0.0,True,G,902.0,S,5580,1
Europa,True,55 Cancri e,27.0,False,0.0,0.0,0.0,0.0,0.0,True,B,212.0,S,5581,1
Earth,False,TRAPPIST-1e,35.0,False,753.0,335.0,1.0,348.0,0.0,False,G,893.0,P,5582,1
Europa,False,TRAPPIST-1e,52.0,False,5.0,3514.0,31.0,601.0,13.0,True,D,170.0,S,5583,1
Earth,False,PSO J318.5-22,22.0,False,688.0,5.0,80.0,0.0,0.0,False,G,894.0,P,5585,1
Earth,False,TRAPPIST-1e,34.0,False,245.0,0.0,542.0,0.0,19.0,True,F,1158.0,P,5585,2
Earth,False,PSO J318.5-22,37.0,False,0.0,0.0,6.0,746.0,1.0,False,G,895.0,P,5586,1
Earth,False,55 Cancri e,22.0,False,654.0,2.0,83.0,0.0,0.0,False,F,1159.0,P,5587,1
Earth,False,TRAPPIST-1e,26.0,False,0.0,786.0,0.0,11.0,83.0,True,F,1160.0,P,5589,1
Earth,False,55 Cancri e,14.0,False,590.0,9.0,0.0,0.0,192.0,False,E,363.0,S,5591,1
Mars,True,55 Cancri e,53.0,False,0.0,0.0,0.0,0.0,0.0,True,F,1161.0,P,5592,1
Earth,False,TRAPPIST-1e,17.0,False,0.0,823.0,0.0,1168.0,14.0,False,F,1163.0,P,5594,1
Earth,False,TRAPPIST-1e,30.0,False,0.0,1.0,0.0,870.0,0.0,False,F,1067.0,S,5595,1
Europa,False,TRAPPIST-1e,65.0,False,0.0,722.0,302.0,103.0,2659.0,False,D,179.0,P,5596,1
Earth,False,Unknown,19.0,False,0.0,0.0,500.0,2.0,208.0,True,G,903.0,S,5598,1
Europa,False,55 Cancri e,36.0,False,380.0,686.0,0.0,295.0,1247.0,False,E,364.0,S,5599,1
Earth,True,TRAPPIST-1e,3.0,False,0.0,0.0,0.0,0.0,0.0,True,G,904.0,S,5601,1
Earth,False,TRAPPIST-1e,6.0,False,0.0,0.0,0.0,0.0,0.0,True,G,904.0,S,5601,2
Earth,False,55 Cancri e,4.0,False,0.0,0.0,0.0,0.0,0.0,True,F,82.0,S,5601,3
Earth,False,TRAPPIST-1e,21.0,False,958.0,1668.0,82.0,0.0,78.0,True,F,1069.0,S,5601,4
Earth,True,55 Cancri e,8.0,False,0.0,0.0,0.0,0.0,0.0,True,G,904.0,S,5601,5
Europa,True,TRAPPIST-1e,35.0,False,0.0,0.0,0.0,0.0,0.0,True,B,190.0,P,5602,1
Europa,False,55 Cancri e,18.0,False,0.0,3268.0,0.0,436.0,342.0,True,B,190.0,P,5602,2
Unknown,False,TRAPPIST-1e,34.0,False,170.0,1256.0,0.0,3926.0,7121.0,False,E,365.0,S,5603,1
Europa,True,55 Cancri e,45.0,False,0.0,0.0,0.0,0.0,0.0,True,B,213.0,S,5606,1
Europa,False,TRAPPIST-1e,31.0,False,0.0,1219.0,7.0,104.0,1082.0,True,B,213.0,S,5606,2
Earth,False,TRAPPIST-1e,14.0,False,30.0,757.0,115.0,0.0,0.0,True,F,1164.0,P,5608,1
Earth,False,TRAPPIST-1e,23.0,False,765.0,5.0,0.0,0.0,0.0,False,G,897.0,P,5609,1
Europa,True,TRAPPIST-1e,61.0,False,0.0,0.0,0.0,0.0,0.0,True,B,214.0,S,5610,1
Europa,False,55 Cancri e,54.0,True,0.0,7996.0,0.0,4549.0,10206.0,False,B,214.0,S,5610,2
Europa,True,TRAPPIST-1e,28.0,False,0.0,0.0,0.0,0.0,0.0,True,D,171.0,S,5611,1
Europa,False,TRAPPIST-1e,46.0,False,0.0,3477.0,0.0,1.0,5543.0,False,D,171.0,S,5611,2
Earth,False,TRAPPIST-1e,32.0,False,125.0,874.0,0.0,180.0,1.0,True,F,1072.0,S,5613,1
Earth,True,55 Cancri e,49.0,False,0.0,0.0,0.0,0.0,0.0,True,G,906.0,S,5614,1
Earth,True,55 Cancri e,20.0,False,0.0,0.0,0.0,0.0,0.0,True,G,907.0,S,5615,1
Earth,False,PSO J318.5-22,25.0,False,458.0,240.0,0.0,239.0,0.0,True,F,1073.0,S,5616,1
Earth,False,TRAPPIST-1e,19.0,False,0.0,785.0,0.0,0.0,19.0,True,F,1075.0,S,5618,1
Earth,True,55 Cancri e,28.0,False,0.0,0.0,0.0,0.0,0.0,True,G,908.0,S,5619,1
Earth,False,TRAPPIST-1e,68.0,False,0.0,0.0,970.0,0.0,0.0,True,F,1076.0,S,5622,1
Earth,True,TRAPPIST-1e,16.0,False,0.0,0.0,0.0,0.0,0.0,True,G,898.0,P,5623,1
Mars,True,TRAPPIST-1e,19.0,False,0.0,0.0,0.0,0.0,0.0,False,E,352.0,P,5625,1
Mars,False,PSO J318.5-22,49.0,False,0.0,0.0,0.0,0.0,0.0,False,E,352.0,P,5625,2
Mars,False,TRAPPIST-1e,15.0,False,890.0,9.0,0.0,1250.0,57.0,False,E,352.0,P,5625,3
Mars,True,TRAPPIST-1e,26.0,False,0.0,0.0,0.0,0.0,0.0,True,E,352.0,P,5625,4
Mars,False,TRAPPIST-1e,22.0,False,804.0,0.0,378.0,0.0,0.0,False,E,352.0,P,5625,5
Earth,True,PSO J318.5-22,23.0,False,0.0,0.0,0.0,0.0,0.0,True,G,911.0,S,5626,1
Earth,False,TRAPPIST-1e,31.0,False,0.0,0.0,0.0,0.0,0.0,False,G,899.0,P,5627,1
Earth,True,TRAPPIST-1e,27.0,False,0.0,0.0,0.0,0.0,0.0,False,G,900.0,P,5628,1
Earth,True,TRAPPIST-1e,28.0,False,0.0,0.0,0.0,0.0,0.0,True,G,901.0,P,5629,1
Earth,False,TRAPPIST-1e,20.0,False,47.0,0.0,0.0,0.0,2711.0,False,F,1166.0,P,5631,1
Earth,False,TRAPPIST-1e,43.0,False,1.0,8.0,0.0,0.0,715.0,False,F,1168.0,P,5637,1
Earth,False,TRAPPIST-1e,22.0,False,19.0,9.0,0.0,0.0,594.0,True,G,913.0,S,5639,1
Europa,True,TRAPPIST-1e,27.0,False,0.0,0.0,0.0,0.0,0.0,True,E,368.0,S,5640,1
Europa,True,Unknown,35.0,False,0.0,0.0,0.0,0.0,0.0,True,B,216.0,S,5642,1
Europa,True,55 Cancri e,37.0,False,0.0,0.0,0.0,0.0,0.0,True,F,82.0,S,5642,2
Mars,False,TRAPPIST-1e,24.0,False,158.0,0.0,1594.0,1.0,0.0,True,F,1077.0,S,5643,1
Mars,False,55 Cancri e,18.0,False,2803.0,0.0,17.0,0.0,0.0,False,F,1077.0,S,5643,2
Mars,False,TRAPPIST-1e,15.0,False,643.0,0.0,45.0,0.0,10.0,False,F,1077.0,S,5643,3
Mars,False,TRAPPIST-1e,28.0,False,1909.0,0.0,0.0,0.0,6.0,False,F,1169.0,P,5644,1
Earth,False,TRAPPIST-1e,24.0,False,0.0,117.0,2134.0,0.0,0.0,True,F,1078.0,S,5645,1
Mars,True,55 Cancri e,39.0,False,0.0,0.0,0.0,0.0,0.0,True,F,1079.0,S,5646,1
Europa,True,TRAPPIST-1e,35.0,False,0.0,0.0,0.0,0.0,0.0,True,C,178.0,P,5647,1
Europa,False,55 Cancri e,52.0,False,0.0,1425.0,31.0,0.0,1320.0,True,C,178.0,P,5647,2
Europa,False,TRAPPIST-1e,48.0,False,0.0,0.0,0.0,2851.0,1478.0,False,C,178.0,P,5647,3
Europa,False,55 Cancri e,27.0,False,332.0,918.0,0.0,5.0,4817.0,False,C,179.0,P,5648,1
Europa,False,55 Cancri e,50.0,False,0.0,103.0,0.0,240.0,8221.0,False,C,179.0,P,5648,2
Earth,False,TRAPPIST-1e,24.0,False,56.0,22.0,285.0,1453.0,0.0,False,G,902.0,P,5650,1
Earth,False,PSO J318.5-22,26.0,False,807.0,0.0,0.0,0.0,40.0,True,G,915.0,S,5651,1
Earth,False,TRAPPIST-1e,24.0,False,215.0,0.0,0.0,0.0,350.0,False,F,1171.0,P,5652,1
Earth,True,TRAPPIST-1e,15.0,False,0.0,0.0,0.0,0.0,0.0,False,G,903.0,P,5653,1
Earth,False,PSO J318.5-22,42.0,False,1188.0,39.0,3.0,3.0,0.0,False,F,1172.0,P,5655,1
Earth,False,TRAPPIST-1e,51.0,False,0.0,0.0,0.0,0.0,880.0,False,F,1175.0,P,5659,1
Earth,False,PSO J318.5-22,43.0,False,635.0,53.0,0.0,3.0,0.0,True,E,355.0,P,5661,1
Earth,True,55 Cancri e,31.0,False,0.0,0.0,0.0,0.0,0.0,False,G,905.0,P,5661,2
Earth,True,TRAPPIST-1e,14.0,False,0.0,0.0,0.0,0.0,0.0,True,G,916.0,S,5662,1
Earth,False,TRAPPIST-1e,31.0,False,13.0,0.0,0.0,679.0,0.0,False,F,1080.0,S,5662,2
Europa,False,TRAPPIST-1e,33.0,False,0.0,1513.0,5.0,63.0,144.0,True,A,71.0,S,5663,1
Earth,False,55 Cancri e,21.0,False,0.0,496.0,0.0,3867.0,30.0,False,G,906.0,P,5667,1
Earth,False,TRAPPIST-1e,13.0,False,56.0,1706.0,15.0,0.0,23.0,False,G,907.0,P,5671,1
Earth,False,TRAPPIST-1e,29.0,False,286.0,545.0,0.0,0.0,0.0,True,F,1083.0,S,5673,1
Europa,False,TRAPPIST-1e,22.0,False,0.0,11594.0,0.0,10247.0,1.0,False,B,217.0,S,5674,1
Mars,False,TRAPPIST-1e,22.0,False,1035.0,0.0,264.0,0.0,0.0,False,E,357.0,P,5677,1
Earth,True,PSO J318.5-22,18.0,False,0.0,0.0,0.0,0.0,0.0,True,G,920.0,S,5679,1
Earth,True,55 Cancri e,35.0,False,0.0,0.0,0.0,0.0,0.0,True,G,920.0,S,5679,2
Earth,True,TRAPPIST-1e,20.0,False,0.0,0.0,0.0,0.0,0.0,True,G,920.0,S,5679,3
Earth,False,TRAPPIST-1e,18.0,False,0.0,0.0,1609.0,0.0,0.0,True,E,359.0,P,5680,1
Earth,True,TRAPPIST-1e,66.0,False,0.0,0.0,0.0,0.0,0.0,True,G,921.0,S,5681,1
Unknown,True,TRAPPIST-1e,33.0,False,0.0,0.0,0.0,0.0,0.0,True,B,218.0,S,5684,1
Europa,True,55 Cancri e,48.0,False,0.0,0.0,0.0,0.0,0.0,True,B,218.0,S,5684,2
Europa,False,55 Cancri e,38.0,False,0.0,1198.0,48.0,278.0,1244.0,False,B,218.0,S,5684,3
Europa,True,TRAPPIST-1e,62.0,False,0.0,0.0,0.0,0.0,0.0,True,B,218.0,S,5684,4
Earth,True,TRAPPIST-1e,19.0,False,0.0,0.0,0.0,0.0,0.0,False,G,910.0,P,5685,1
Mars,False,55 Cancri e,44.0,False,2267.0,0.0,107.0,0.0,0.0,False,F,82.0,S,5686,1
Mars,False,55 Cancri e,25.0,False,1410.0,123.0,26.0,9.0,812.0,False,D,180.0,P,5686,2
Earth,False,TRAPPIST-1e,15.0,False,348.0,1627.0,0.0,0.0,0.0,False,F,1179.0,P,5687,1
Earth,False,TRAPPIST-1e,20.0,False,12.0,177.0,1110.0,0.0,0.0,True,F,1084.0,S,5688,1
Earth,False,TRAPPIST-1e,34.0,False,233.0,0.0,0.0,1054.0,156.0,False,F,1180.0,P,5689,1
Mars,False,TRAPPIST-1e,23.0,False,821.0,0.0,863.0,664.0,0.0,False,E,360.0,P,5692,1
Earth,False,TRAPPIST-1e,45.0,False,0.0,0.0,2332.0,84.0,0.0,True,F,1087.0,S,5693,1
Earth,True,TRAPPIST-1e,39.0,False,0.0,0.0,0.0,0.0,0.0,True,G,922.0,S,5695,1
Earth,True,PSO J318.5-22,33.0,False,0.0,0.0,0.0,0.0,0.0,True,G,911.0,P,5696,1
Earth,False,TRAPPIST-1e,14.0,False,0.0,0.0,325.0,247.0,305.0,False,F,1088.0,S,5698,1
Earth,False,TRAPPIST-1e,26.0,False,178.0,0.0,3.0,0.0,704.0,True,G,923.0,S,5698,2
Earth,True,TRAPPIST-1e,47.0,False,0.0,0.0,0.0,0.0,0.0,True,G,924.0,S,5700,1
Mars,True,TRAPPIST-1e,28.82793046746535,False,0.0,0.0,0.0,0.0,0.0,True,D,173.0,S,5701,1
Earth,True,55 Cancri e,28.0,False,0.0,0.0,0.0,0.0,0.0,True,G,912.0,P,5702,1
Earth,True,TRAPPIST-1e,22.0,False,0.0,0.0,0.0,0.0,0.0,True,G,913.0,P,5704,1
Earth,True,TRAPPIST-1e,17.0,False,0.0,0.0,0.0,0.0,0.0,True,G,925.0,S,5705,1
Earth,False,TRAPPIST-1e,16.0,False,0.0,458.0,725.0,0.0,0.0,True,F,1090.0,S,5706,1
Earth,False,TRAPPIST-1e,9.0,False,0.0,0.0,0.0,0.0,0.0,True,G,926.0,S,5706,2
Earth,False,TRAPPIST-1e,15.0,False,0.0,0.0,973.0,29.0,0.0,True,F,1091.0,S,5707,1
Europa,False,TRAPPIST-1e,33.0,False,0.0,4372.0,0.0,4103.0,0.0,True,C,215.0,S,5709,1
Earth,False,TRAPPIST-1e,61.0,False,0.0,166.0,1080.0,0.0,16.0,True,F,1092.0,S,5710,1
Earth,False,TRAPPIST-1e,19.0,False,0.0,0.0,0.0,692.0,164.0,False,F,1183.0,P,5711,1
Europa,True,TRAPPIST-1e,61.0,False,0.0,0.0,0.0,0.0,0.0,True,E,371.0,S,5712,1
Earth,False,TRAPPIST-1e,42.0,False,0.0,29.0,317.0,434.0,45.0,True,G,915.0,P,5713,1
Earth,False,TRAPPIST-1e,4.0,False,0.0,0.0,0.0,0.0,0.0,False,G,916.0,P,5714,1
Earth,False,TRAPPIST-1e,12.0,False,0.0,0.0,0.0,0.0,0.0,True,G,916.0,P,5714,2
Earth,False,TRAPPIST-1e,0.0,False,0.0,0.0,0.0,0.0,0.0,True,G,916.0,P,5714,3
Earth,True,TRAPPIST-1e,19.0,False,0.0,0.0,0.0,0.0,0.0,True,G,916.0,P,5714,4
Earth,True,TRAPPIST-1e,28.82793046746535,False,0.0,0.0,0.0,0.0,0.0,True,G,916.0,P,5714,5
Earth,False,PSO J318.5-22,29.0,False,0.0,173.0,0.0,0.0,1155.0,True,F,1093.0,S,5716,1
Earth,False,TRAPPIST-1e,59.0,False,0.0,664.0,0.0,144.0,141.0,True,G,917.0,P,5717,1
Earth,True,TRAPPIST-1e,20.0,False,0.0,0.0,0.0,0.0,0.0,True,G,927.0,S,5718,1
Earth,False,TRAPPIST-1e,70.0,False,390.0,0.0,0.0,0.0,518.0,True,G,918.0,P,5719,1
Earth,True,TRAPPIST-1e,3.0,False,0.0,0.0,0.0,0.0,0.0,False,G,918.0,P,5719,2
Europa,True,TRAPPIST-1e,37.0,False,0.0,0.0,0.0,0.0,0.0,True,B,219.0,S,5721,1
Europa,False,TRAPPIST-1e,58.0,False,0.0,1975.0,598.0,7.0,3726.0,False,B,219.0,S,5721,2
Earth,False,TRAPPIST-1e,44.0,False,69.0,0.0,17.0,176.0,2105.0,False,G,928.0,S,5722,1
Mars,True,TRAPPIST-1e,24.0,False,0.0,0.0,0.0,0.0,0.0,False,E,372.0,S,5723,1
Earth,True,PSO J318.5-22,20.0,False,0.0,0.0,0.0,0.0,0.0,True,G,919.0,P,5724,1
Earth,False,TRAPPIST-1e,24.0,False,156.0,0.0,364.0,489.0,383.0,True,F,1094.0,S,5725,1
Europa,True,55 Cancri e,27.0,False,0.0,0.0,0.0,0.0,0.0,True,B,192.0,P,5726,1
Earth,False,55 Cancri e,28.0,False,0.0,0.0,0.0,711.0,0.0,False,G,920.0,P,5727,1
Earth,False,TRAPPIST-1e,24.0,False,0.0,217.0,0.0,77.0,510.0,False,F,1185.0,P,5728,1
Mars,True,TRAPPIST-1e,29.0,False,0.0,0.0,0.0,0.0,0.0,True,F,1186.0,P,5729,1
Earth,False,TRAPPIST-1e,25.0,False,2029.0,1.0,0.0,0.0,121.0,False,F,1187.0,P,5730,1
Earth,False,TRAPPIST-1e,20.0,False,0.0,0.0,53.0,2.0,754.0,False,G,921.0,P,5732,1
Earth,False,55 Cancri e,34.0,False,0.0,1745.0,6.0,5.0,37.0,True,G,922.0,P,5733,1
Earth,False,Unknown,28.0,False,0.0,0.0,0.0,1191.0,109.0,False,F,1188.0,P,5733,2
Earth,True,TRAPPIST-1e,28.82793046746535,False,0.0,0.0,0.0,0.0,0.0,True,E,362.0,P,5735,1
Earth,False,TRAPPIST-1e,23.0,False,1.0,0.0,1.0,0.0,618.0,False,F,1189.0,P,5736,1
Europa,False,TRAPPIST-1e,39.0,False,0.0,11856.0,13.0,39.0,3.0,True,C,216.0,S,5737,1
Europa,False,TRAPPIST-1e,35.0,False,0.0,7636.0,0.0,353.0,705.0,True,C,216.0,S,5737,2
Earth,True,TRAPPIST-1e,18.0,False,0.0,0.0,0.0,0.0,0.0,True,G,929.0,S,5738,1
Earth,True,TRAPPIST-1e,20.0,False,0.0,0.0,0.0,0.0,0.0,True,G,930.0,S,5739,1
Europa,False,TRAPPIST-1e,42.0,False,0.0,16.0,0.0,144.0,7492.0,False,A,52.0,P,5740,1
Europa,False,55 Cancri e,32.0,False,70.0,764.0,724.0,547.0,1297.0,False,A,52.0,P,5740,2
Earth,False,55 Cancri e,50.0,False,57.0,29.0,0.0,0.0,643.0,False,F,1096.0,S,5742,1
Earth,False,TRAPPIST-1e,23.0,False,0.0,37.0,859.0,9.0,1.0,True,G,931.0,S,5744,1
Earth,False,TRAPPIST-1e,19.0,False,0.0,0.0,0.0,5381.0,139.0,False,G,932.0,S,5746,1
Earth,False,TRAPPIST-1e,29.0,False,715.0,47.0,0.0,0.0,0.0,False,F,1192.0,P,5747,1
Europa,False,TRAPPIST-1e,35.0,True,247.0,436.0,459.0,1.0,1984.0,False,A,53.0,P,5748,1
Earth,False,TRAPPIST-1e,18.0,False,0.0,625.0,0.0,0.0,356.0,False,E,363.0,P,5750,1
Earth,False,PSO J318.5-22,24.0,False,160.0,20.0,39.0,552.0,1.0,False,G,924.0,P,5751,1
Earth,False,TRAPPIST-1e,23.0,False,88.0,0.0,586.0,0.0,0.0,True,G,933.0,S,5755,1
Earth,False,TRAPPIST-1e,51.0,False,542.0,0.0,360.0,0.0,0.0,False,F,1194.0,P,5756,1
Earth,False,TRAPPIST-1e,42.0,False,439.0,0.0,0.0,0.0,254.0,False,F,1194.0,P,5756,2
Earth,False,PSO J318.5-22,19.0,False,5.0,0.0,0.0,716.0,0.0,False,F,1194.0,P,5756,3
Earth,False,TRAPPIST-1e,23.0,False,0.0,0.0,0.0,0.0,0.0,False,F,1194.0,P,5756,4
Earth,True,TRAPPIST-1e,19.0,False,0.0,0.0,0.0,0.0,0.0,True,F,1194.0,P,5756,5
Earth,False,PSO J318.5-22,22.0,False,158.0,0.0,476.0,0.0,26.0,False,F,1194.0,P,5756,6
Earth,False,TRAPPIST-1e,25.0,False,12.0,6.0,2817.0,342.0,0.0,False,F,82.0,S,5756,7
Earth,False,PSO J318.5-22,31.0,False,11.0,0.0,0.0,1912.0,1120.0,False,F,1194.0,P,5756,8
Earth,False,TRAPPIST-1e,23.0,False,0.0,0.0,0.0,558.0,1.0,False,F,1195.0,P,5757,1
Earth,True,TRAPPIST-1e,22.0,False,0.0,0.0,0.0,0.0,0.0,True,G,934.0,S,5758,1
Europa,True,TRAPPIST-1e,55.0,False,0.0,0.0,0.0,0.0,0.0,True,B,220.0,S,5761,1
Earth,False,TRAPPIST-1e,40.0,False,0.0,0.0,56.0,1.0,642.0,False,F,1099.0,S,5763,1
Earth,False,TRAPPIST-1e,24.0,False,0.0,0.0,0.0,838.0,193.0,False,F,1099.0,S,5763,2
Earth,False,TRAPPIST-1e,25.0,False,0.0,0.0,1037.0,8.0,1.0,True,F,1100.0,S,5764,1
Europa,False,TRAPPIST-1e,42.0,False,0.0,1871.0,0.0,570.0,199.0,False,C,181.0,P,5765,1
Earth,True,PSO J318.5-22,33.0,False,0.0,0.0,0.0,0.0,0.0,True,G,936.0,S,5767,1
Europa,True,TRAPPIST-1e,54.0,False,0.0,0.0,0.0,0.0,0.0,True,B,193.0,P,5768,1
Europa,True,55 Cancri e,22.0,False,0.0,0.0,0.0,0.0,0.0,True,B,193.0,P,5768,2
Europa,True,TRAPPIST-1e,22.0,False,0.0,0.0,0.0,0.0,0.0,True,B,194.0,P,5769,1
Europa,True,55 Cancri e,19.0,False,0.0,0.0,0.0,0.0,0.0,True,B,194.0,P,5769,2
Earth,False,TRAPPIST-1e,47.0,False,0.0,868.0,0.0,4.0,0.0,True,G,937.0,S,5771,1
Mars,False,55 Cancri e,23.0,False,610.0,858.0,75.0,1358.0,0.0,False,F,1197.0,P,5772,1
Europa,True,55 Cancri e,61.0,False,0.0,0.0,0.0,0.0,0.0,True,C,217.0,S,5773,1
Earth,False,TRAPPIST-1e,21.0,False,0.0,128.0,209.0,4.0,383.0,False,F,1102.0,S,5776,1
Earth,False,PSO J318.5-22,46.0,False,559.0,25.0,0.0,22.0,765.0,False,F,1199.0,P,5777,1
Earth,False,TRAPPIST-1e,36.0,False,0.0,0.0,0.0,0.0,907.0,False,G,926.0,P,5778,1
Earth,False,TRAPPIST-1e,15.0,False,0.0,706.0,0.0,0.0,0.0,True,G,938.0,S,5779,1
Europa,False,TRAPPIST-1e,33.0,False,2233.0,6408.0,0.0,23.0,273.0,True,B,195.0,P,5780,1
Europa,True,TRAPPIST-1e,35.0,False,0.0,0.0,0.0,0.0,0.0,True,B,195.0,P,5780,2
Europa,True,55 Cancri e,21.0,False,0.0,0.0,0.0,0.0,0.0,True,B,195.0,P,5780,3
Earth,False,55 Cancri e,21.0,False,0.0,0.0,0.0,1.0,594.0,False,F,1200.0,P,5781,1
Earth,False,55 Cancri e,43.0,False,0.0,1197.0,0.0,223.0,1.0,True,F,1201.0,P,5783,1
Earth,False,PSO J318.5-22,34.0,False,571.0,0.0,0.0,0.0,0.0,False,F,1104.0,S,5785,1
Earth,False,PSO J318.5-22,47.0,False,14.0,3.0,0.0,1720.0,0.0,False,G,928.0,P,5786,1
Mars,False,TRAPPIST-1e,27.0,False,850.0,0.0,681.0,1.0,0.0,True,F,1105.0,S,5788,1
Europa,False,TRAPPIST-1e,46.0,False,0.0,1068.0,945.0,2587.0,811.0,False,C,218.0,S,5790,1
Earth,False,Unknown,46.0,False,183.0,7.0,637.0,182.0,5.0,True,G,941.0,S,5791,1
Europa,False,55 Cancri e,40.0,False,0.0,3338.0,0.0,6344.0,199.0,False,B,196.0,P,5792,1
Europa,True,55 Cancri e,59.0,False,0.0,0.0,0.0,0.0,0.0,True,E,375.0,S,5793,1
Europa,False,TRAPPIST-1e,45.0,False,0.0,1202.0,149.0,1472.0,3379.0,False,D,182.0,P,5794,1
Earth,False,PSO J318.5-22,19.0,False,0.0,95.0,595.0,0.0,0.0,True,F,1106.0,S,5795,1
Mars,False,TRAPPIST-1e,32.0,False,6769.0,0.0,0.0,113.0,1.0,False,F,1107.0,S,5796,1
Unknown,True,55 Cancri e,39.0,False,0.0,0.0,0.0,0.0,0.0,True,F,1108.0,S,5799,1
Earth,False,Unknown,40.0,False,661.0,0.0,830.0,0.0,6.0,False,F,1203.0,P,5800,1
Mars,False,TRAPPIST-1e,44.0,False,815.0,219.0,22.0,0.0,0.0,True,D,175.0,S,5802,1
Earth,True,TRAPPIST-1e,26.0,False,0.0,0.0,0.0,0.0,0.0,False,G,933.0,P,5804,1
Earth,False,TRAPPIST-1e,22.0,False,514.0,0.0,2.0,129.0,583.0,False,F,1109.0,S,5806,1
Earth,False,TRAPPIST-1e,2.0,False,0.0,0.0,0.0,0.0,0.0,False,G,934.0,P,5808,1
Earth,False,TRAPPIST-1e,18.0,False,0.0,3.0,41.0,359.0,393.0,False,F,1204.0,P,5808,2
Earth,False,TRAPPIST-1e,53.0,False,751.0,0.0,0.0,7.0,0.0,False,F,1204.0,P,5808,3
Earth,False,TRAPPIST-1e,22.0,False,104.0,511.0,254.0,425.0,4.0,False,F,1205.0,P,5809,1
Earth,False,TRAPPIST-1e,46.0,False,0.0,98.0,2077.0,0.0,0.0,True,F,1205.0,P,5809,2
Earth,True,TRAPPIST-1e,28.0,False,0.0,0.0,0.0,0.0,0.0,True,G,935.0,P,5810,1
Unknown,False,TRAPPIST-1e,31.0,False,0.0,1489.0,68.0,6.0,0.0,True,E,366.0,P,5810,2
Europa,False,55 Cancri e,36.0,False,1.0,4058.0,95.0,0.0,2109.0,False,A,54.0,P,5811,1
Europa,False,55 Cancri e,46.0,False,35.0,3953.0,0.0,2108.0,0.0,True,A,54.0,P,5811,2
Earth,True,TRAPPIST-1e,0.0,False,0.0,0.0,0.0,0.0,0.0,True,G,943.0,S,5812,1
Earth,False,TRAPPIST-1e,3.0,False,0.0,0.0,0.0,0.0,0.0,True,G,943.0,S,5812,2
Earth,True,TRAPPIST-1e,12.0,False,0.0,0.0,0.0,0.0,0.0,True,G,943.0,S,5812,3
Earth,True,TRAPPIST-1e,2.0,False,0.0,0.0,0.0,0.0,0.0,True,G,943.0,S,5812,4
Earth,True,TRAPPIST-1e,41.0,False,0.0,0.0,0.0,0.0,0.0,True,G,943.0,S,5812,5
Earth,True,55 Cancri e,11.0,False,0.0,0.0,0.0,0.0,0.0,True,G,943.0,S,5812,6
Earth,True,TRAPPIST-1e,41.0,False,0.0,0.0,0.0,0.0,0.0,True,G,936.0,P,5813,1
Mars,False,TRAPPIST-1e,17.0,False,513.0,0.0,669.0,0.0,0.0,False,D,176.0,S,5814,1
Mars,True,55 Cancri e,21.0,False,0.0,0.0,0.0,0.0,0.0,True,D,176.0,S,5814,2
Mars,True,55 Cancri e,21.0,False,0.0,0.0,0.0,0.0,0.0,True,D,176.0,S,5814,3
Mars,False,TRAPPIST-1e,27.0,False,89.0,888.0,51.0,5.0,0.0,True,D,176.0,S,5814,4
Mars,True,TRAPPIST-1e,54.0,False,0.0,0.0,0.0,0.0,0.0,True,D,176.0,S,5814,5
Mars,False,TRAPPIST-1e,15.0,False,2309.0,0.0,1142.0,1.0,10.0,False,D,176.0,S,5814,6
Mars,True,Unknown,39.0,False,0.0,0.0,0.0,0.0,0.0,True,D,176.0,S,5814,7
Earth,False,TRAPPIST-1e,31.0,False,1.0,0.0,7.0,0.0,387.0,True,G,937.0,P,5816,1
Mars,True,TRAPPIST-1e,28.0,False,0.0,0.0,0.0,0.0,0.0,True,F,1111.0,S,5817,1
Earth,False,Unknown,21.0,False,3553.0,5.0,0.0,0.0,2.0,False,G,938.0,P,5818,1
Europa,True,TRAPPIST-1e,29.0,False,0.0,0.0,0.0,0.0,0.0,True,B,221.0,S,5819,1
Earth,False,TRAPPIST-1e,45.0,False,112.0,406.0,198.0,0.0,0.0,True,F,1112.0,S,5820,1
Europa,False,55 Cancri e,44.0,False,0.0,496.0,99.0,317.0,5615.0,False,C,183.0,P,5821,1
Earth,True,TRAPPIST-1e,12.0,False,0.0,0.0,0.0,0.0,0.0,True,G,939.0,P,5822,1
Earth,True,55 Cancri e,18.0,False,0.0,0.0,0.0,0.0,0.0,True,G,944.0,S,5823,1
Earth,True,55 Cancri e,20.0,False,0.0,0.0,0.0,0.0,0.0,True,G,940.0,P,5824,1
Europa,False,TRAPPIST-1e,43.0,False,0.0,8808.0,0.0,580.0,0.0,True,B,198.0,P,5825,1
Unknown,True,55 Cancri e,46.0,False,0.0,0.0,0.0,0.0,0.0,True,E,367.0,P,5826,1
Earth,False,TRAPPIST-1e,53.0,False,0.0,68.0,0.0,920.0,4.0,True,G,945.0,S,5827,1
Earth,False,TRAPPIST-1e,21.0,False,621.0,0.0,0.0,0.0,0.0,False,G,941.0,P,5828,1
Earth,False,TRAPPIST-1e,23.0,False,0.0,21.0,0.0,0.0,716.0,False,F,1113.0,S,5829,1
Earth,False,55 Cancri e,9.0,False,0.0,0.0,0.0,0.0,0.0,False,F,82.0,S,5831,1
Earth,False,Unknown,19.0,False,546.0,11.0,0.0,325.0,218.0,False,F,1206.0,P,5834,1
Earth,True,PSO J318.5-22,52.0,False,0.0,0.0,0.0,0.0,0.0,True,G,946.0,S,5835,1
Europa,True,55 Cancri e,31.0,False,0.0,0.0,0.0,0.0,0.0,True,B,222.0,S,5836,1
Earth,False,TRAPPIST-1e,62.0,False,761.0,15.0,0.0,0.0,0.0,False,F,1114.0,S,5837,1
Europa,True,TRAPPIST-1e,27.0,False,0.0,0.0,0.0,0.0,0.0,True,C,219.0,S,5839,1
Earth,True,TRAPPIST-1e,23.0,False,0.0,0.0,0.0,0.0,0.0,False,G,946.0,P,5840,1
Europa,True,55 Cancri e,28.0,False,0.0,0.0,0.0,0.0,0.0,True,C,220.0,S,5842,1
Europa,True,55 Cancri e,27.0,False,0.0,0.0,0.0,0.0,0.0,True,C,220.0,S,5842,2
Earth,True,TRAPPIST-1e,58.0,False,0.0,0.0,0.0,0.0,0.0,True,G,947.0,S,5843,1
Earth,False,55 Cancri e,24.0,False,0.0,30.0,835.0,0.0,0.0,True,E,369.0,P,5844,1
Mars,False,TRAPPIST-1e,27.0,True,149.0,0.0,890.0,9.0,0.0,False,E,376.0,S,5846,1
Earth,False,TRAPPIST-1e,33.0,False,36.0,0.0,0.0,1415.0,0.0,False,F,1115.0,S,5847,1
Earth,False,Unknown,28.0,False,229.0,761.0,0.0,0.0,6.0,True,E,377.0,S,5848,1
Earth,False,TRAPPIST-1e,39.0,False,0.0,0.0,0.0,0.0,1104.0,False,F,1208.0,P,5849,1
Earth,False,TRAPPIST-1e,27.0,False,0.0,0.0,0.0,727.0,260.0,False,E,370.0,P,5852,1
Earth,False,TRAPPIST-1e,36.0,False,0.0,75.0,106.0,0.0,1903.0,True,F,1117.0,S,5854,1
Earth,False,TRAPPIST-1e,64.0,False,0.0,623.0,1827.0,0.0,0.0,True,F,1209.0,P,5855,1
Earth,False,PSO J318.5-22,41.0,False,0.0,0.0,687.0,0.0,65.0,True,G,949.0,P,5855,2
Europa,True,55 Cancri e,28.82793046746535,False,0.0,0.0,0.0,0.0,0.0,True,B,199.0,P,5856,1
Europa,True,TRAPPIST-1e,27.0,False,0.0,0.0,0.0,0.0,0.0,True,B,199.0,P,5856,2
Europa,False,TRAPPIST-1e,28.82793046746535,False,0.0,2.0,64.0,139.0,3831.0,False,E,378.0,S,5857,1
Earth,False,55 Cancri e,22.0,False,483.0,0.0,0.0,304.0,21.0,True,G,948.0,S,5858,1
Earth,False,Unknown,23.0,False,0.0,456.0,2624.0,912.0,8.0,True,E,371.0,P,5859,1
Mars,False,TRAPPIST-1e,40.0,False,7.0,0.0,6.0,1206.0,88.0,False,F,1118.0,S,5860,1
Mars,True,TRAPPIST-1e,2.0,False,0.0,0.0,0.0,0.0,0.0,True,F,1118.0,S,5860,2
Mars,False,TRAPPIST-1e,0.0,False,0.0,0.0,0.0,0.0,0.0,True,F,1118.0,S,5860,3
Earth,False,TRAPPIST-1e,27.0,False,0.0,1774.0,0.0,17.0,13.0,True,G,949.0,S,5861,1
Earth,False,55 Cancri e,0.0,False,0.0,0.0,0.0,0.0,0.0,True,G,950.0,P,5863,1
Earth,False,TRAPPIST-1e,17.0,False,0.0,566.0,18.0,318.0,0.0,False,F,1210.0,P,5863,2
Earth,False,TRAPPIST-1e,45.0,False,0.0,0.0,0.0,1501.0,24.0,False,F,1212.0,P,5867,1
Earth,False,TRAPPIST-1e,62.0,False,104.0,53.0,194.0,436.0,0.0,False,E,379.0,S,5868,1
Earth,True,55 Cancri e,14.0,False,0.0,0.0,0.0,0.0,0.0,True,G,952.0,S,5869,1
Earth,False,55 Cancri e,24.0,False,0.0,1369.0,848.0,0.0,0.0,True,F,1120.0,S,5871,1
Earth,True,PSO J318.5-22,51.0,False,0.0,0.0,0.0,0.0,0.0,True,G,953.0,S,5874,1
Earth,False,TRAPPIST-1e,49.0,False,20.0,0.0,0.0,769.0,0.0,False,E,381.0,S,5875,1
Mars,False,TRAPPIST-1e,52.0,False,1364.0,131.0,444.0,0.0,0.0,True,D,184.0,P,5876,1
Mars,True,55 Cancri e,35.0,False,0.0,0.0,0.0,0.0,0.0,True,F,1213.0,P,5876,2
Mars,True,TRAPPIST-1e,22.0,False,0.0,0.0,0.0,0.0,0.0,True,F,1213.0,P,5876,3
Earth,False,TRAPPIST-1e,17.0,False,0.0,0.0,1552.0,0.0,0.0,False,F,1121.0,S,5877,1
Europa,True,55 Cancri e,47.0,False,0.0,0.0,0.0,0.0,0.0,True,B,224.0,S,5878,1
Mars,True,TRAPPIST-1e,25.0,False,0.0,0.0,0.0,0.0,0.0,True,F,1122.0,S,5879,1
Earth,True,TRAPPIST-1e,11.0,False,0.0,0.0,0.0,0.0,0.0,True,G,953.0,P,5880,1
Earth,False,TRAPPIST-1e,17.0,False,18.0,10.0,73.0,0.0,1049.0,False,F,1214.0,P,5882,1
Earth,False,TRAPPIST-1e,41.0,False,8.0,532.0,0.0,0.0,100.0,True,F,1123.0,S,5885,1
Earth,False,TRAPPIST-1e,55.0,False,0.0,0.0,0.0,507.0,909.0,True,F,1123.0,S,5885,2
Earth,False,TRAPPIST-1e,29.0,False,0.0,2395.0,7.0,20.0,6.0,True,F,1123.0,S,5885,3
Earth,False,TRAPPIST-1e,19.0,False,0.0,0.0,0.0,888.0,0.0,False,G,954.0,S,5885,4
Earth,True,55 Cancri e,23.0,False,0.0,0.0,0.0,0.0,0.0,True,G,954.0,S,5885,5
Earth,False,TRAPPIST-1e,32.0,False,4518.0,914.0,0.0,93.0,0.0,False,G,954.0,S,5885,6
Earth,False,TRAPPIST-1e,27.0,False,0.0,0.0,0.0,0.0,1818.0,False,G,954.0,S,5885,7
Earth,False,TRAPPIST-1e,25.0,False,0.0,0.0,892.0,0.0,0.0,True,G,954.0,S,5885,8
Mars,False,TRAPPIST-1e,24.0,False,10.0,49.0,0.0,1497.0,10.0,False,F,1216.0,P,5886,1
Mars,True,TRAPPIST-1e,30.0,False,0.0,0.0,0.0,0.0,0.0,False,E,373.0,P,5886,2
Earth,False,PSO J318.5-22,50.0,False,781.0,2.0,0.0,61.0,0.0,True,E,374.0,P,5887,1
Earth,False,Unknown,51.0,False,201.0,574.0,40.0,0.0,11.0,False,F,1217.0,P,5887,2
Mars,False,55 Cancri e,27.0,False,1331.0,0.0,0.0,0.0,0.0,False,F,1218.0,P,5888,1
Mars,False,TRAPPIST-1e,35.0,False,750.0,0.0,0.0,0.0,1065.0,False,F,1218.0,P,5888,2
Earth,False,TRAPPIST-1e,48.0,False,0.0,0.0,790.0,2368.0,1292.0,False,G,954.0,P,5889,1
Earth,True,TRAPPIST-1e,27.0,False,0.0,0.0,0.0,0.0,0.0,True,G,955.0,S,5890,1
Earth,True,PSO J318.5-22,19.0,False,0.0,0.0,0.0,0.0,0.0,True,G,955.0,P,5891,1
Earth,True,PSO J318.5-22,18.0,False,0.0,0.0,0.0,0.0,0.0,True,G,957.0,S,5894,1
Europa,False,55 Cancri e,25.0,False,0.0,0.0,0.0,0.0,0.0,True,C,221.0,S,5897,1
Earth,True,55 Cancri e,41.0,False,0.0,0.0,0.0,0.0,0.0,True,G,958.0,S,5898,1
Mars,True,TRAPPIST-1e,62.0,False,0.0,0.0,0.0,0.0,0.0,True,F,1220.0,P,5900,1
Mars,True,TRAPPIST-1e,30.0,False,0.0,0.0,0.0,0.0,0.0,True,F,1220.0,P,5900,2
Mars,True,TRAPPIST-1e,6.0,False,0.0,0.0,0.0,0.0,0.0,True,F,1220.0,P,5900,3
Earth,False,55 Cancri e,15.0,False,0.0,40.0,0.0,0.0,839.0,False,F,1221.0,P,5901,1
Mars,False,PSO J318.5-22,34.0,False,162.0,0.0,690.0,28.0,0.0,False,D,177.0,S,5902,1
Earth,False,TRAPPIST-1e,34.0,False,223.0,0.0,13.0,514.0,41.0,False,E,376.0,P,5903,1
Earth,False,TRAPPIST-1e,23.0,False,16.0,687.0,1.0,1.0,0.0,True,G,959.0,S,5905,1
Earth,False,Unknown,51.0,False,0.0,0.0,207.0,347.0,262.0,False,G,957.0,P,5906,1
Earth,True,PSO J318.5-22,63.0,False,0.0,0.0,0.0,0.0,0.0,True,G,960.0,S,5907,1
Earth,False,TRAPPIST-1e,42.0,False,84.0,392.0,300.0,0.0,0.0,True,F,1126.0,S,5908,1
Earth,False,55 Cancri e,19.0,False,0.0,716.0,0.0,0.0,0.0,True,F,1127.0,S,5909,1
Earth,True,TRAPPIST-1e,5.0,False,0.0,0.0,0.0,0.0,0.0,True,G,961.0,S,5909,2
Earth,True,55 Cancri e,2.0,False,0.0,0.0,0.0,0.0,0.0,True,G,961.0,S,5909,3
Earth,True,TRAPPIST-1e,15.0,False,0.0,0.0,0.0,0.0,0.0,True,G,963.0,S,5912,1
Europa,False,TRAPPIST-1e,36.0,False,0.0,6.0,0.0,1.0,1407.0,False,D,185.0,P,5913,1
Earth,False,TRAPPIST-1e,32.0,False,0.0,0.0,39.0,0.0,749.0,False,E,382.0,S,5915,1
Earth,False,Unknown,19.0,False,2.0,3.0,450.0,204.0,0.0,True,E,383.0,S,5916,1
Europa,False,55 Cancri e,26.0,False,0.0,2427.0,15.0,5.0,0.0,True,A,55.0,P,5919,1
Earth,False,TRAPPIST-1e,33.0,False,48.0,94.0,756.0,308.0,0.0,False,F,1223.0,P,5920,1
Earth,True,TRAPPIST-1e,38.0,False,0.0,0.0,0.0,0.0,0.0,True,G,959.0,P,5921,1
Earth,False,TRAPPIST-1e,22.0,False,0.0,0.0,859.0,62.0,0.0,False,F,1224.0,P,5921,2
Earth,False,TRAPPIST-1e,32.0,False,0.0,0.0,0.0,0.0,0.0,False,G,960.0,P,5922,1
Mars,True,55 Cancri e,30.0,False,0.0,0.0,0.0,0.0,0.0,True,F,1129.0,S,5923,1
Earth,False,TRAPPIST-1e,51.0,False,152.0,55.0,25.0,74.0,289.0,False,F,1225.0,P,5924,1
Europa,False,TRAPPIST-1e,29.0,False,0.0,1644.0,0.0,0.0,3780.0,False,B,226.0,S,5925,1
Europa,False,TRAPPIST-1e,16.0,False,0.0,2002.0,0.0,96.0,69.0,True,B,226.0,S,5925,2
Europa,False,TRAPPIST-1e,32.0,False,0.0,0.0,0.0,241.0,4757.0,False,B,226.0,S,5925,3
Europa,False,55 Cancri e,24.0,False,0.0,2421.0,0.0,725.0,2300.0,False,B,201.0,P,5927,1
Europa,False,Unknown,23.0,False,0.0,109.0,0.0,4810.0,25.0,False,B,201.0,P,5927,2
Europa,True,55 Cancri e,46.0,False,0.0,0.0,0.0,0.0,0.0,True,B,201.0,P,5927,3
Europa,False,55 Cancri e,49.0,False,0.0,1264.0,0.0,5474.0,104.0,False,B,201.0,P,5927,4
Europa,True,TRAPPIST-1e,17.0,False,0.0,0.0,0.0,0.0,0.0,True,B,201.0,P,5927,5
Europa,False,55 Cancri e,35.0,False,4.0,3857.0,324.0,899.0,375.0,False,B,201.0,P,5927,6
Europa,False,55 Cancri e,43.0,False,0.0,1706.0,0.0,274.0,2056.0,False,B,201.0,P,5927,7
Earth,False,TRAPPIST-1e,20.0,False,149.0,25.0,559.0,21.0,33.0,True,E,377.0,P,5928,1
Europa,True,55 Cancri e,24.0,False,0.0,0.0,0.0,0.0,0.0,True,B,227.0,S,5930,1
Europa,False,TRAPPIST-1e,28.0,False,0.0,1014.0,0.0,2463.0,517.0,False,B,227.0,S,5930,2
Europa,True,55 Cancri e,19.0,False,0.0,0.0,0.0,0.0,0.0,True,B,227.0,S,5930,3
Europa,False,55 Cancri e,39.0,False,0.0,0.0,0.0,1854.0,171.0,False,A,56.0,P,5931,1
Mars,False,TRAPPIST-1e,34.0,False,1547.0,485.0,97.0,59.0,0.0,False,F,1131.0,S,5933,1
Earth,False,TRAPPIST-1e,29.0,False,89.0,1725.0,0.0,0.0,3.0,True,G,962.0,P,5934,1
Earth,False,55 Cancri e,14.0,False,0.0,0.0,52.0,0.0,0.0,True,E,384.0,S,5938,1
Earth,True,TRAPPIST-1e,28.82793046746535,False,0.0,0.0,0.0,0.0,0.0,True,G,967.0,S,5938,2
Unknown,False,TRAPPIST-1e,30.0,False,628.0,0.0,544.0,0.0,126.0,False,E,385.0,S,5939,1
Earth,False,TRAPPIST-1e,28.82793046746535,False,72.0,914.0,0.0,0.0,7.0,True,E,386.0,S,5941,1
Earth,True,PSO J318.5-22,32.0,False,0.0,0.0,0.0,0.0,0.0,True,G,969.0,S,5944,1
Earth,True,TRAPPIST-1e,7.0,False,0.0,0.0,0.0,0.0,0.0,True,G,970.0,S,5945,1
Earth,True,55 Cancri e,34.0,False,0.0,0.0,0.0,0.0,0.0,True,G,970.0,S,5945,2
Earth,False,PSO J318.5-22,47.0,False,163.0,2.0,11.0,593.0,0.0,True,G,970.0,S,5945,3
Mars,False,TRAPPIST-1e,19.0,False,300.0,5.0,642.0,0.0,0.0,False,E,387.0,S,5946,1
Europa,True,TRAPPIST-1e,52.0,False,0.0,0.0,0.0,0.0,0.0,True,E,388.0,S,5947,1
Mars,False,TRAPPIST-1e,19.0,False,758.0,425.0,0.0,0.0,0.0,False,D,180.0,S,5949,1
Mars,True,TRAPPIST-1e,18.0,False,0.0,0.0,0.0,0.0,0.0,True,F,1132.0,S,5949,2
Earth,False,TRAPPIST-1e,32.0,False,0.0,5.0,0.0,64.0,0.0,False,E,378.0,P,5950,1
Earth,False,55 Cancri e,21.0,False,423.0,0.0,172.0,0.0,0.0,False,F,1133.0,S,5951,1
Mars,False,55 Cancri e,22.0,False,0.0,0.0,0.0,0.0,0.0,True,F,1134.0,S,5952,1
Mars,False,TRAPPIST-1e,13.0,False,157.0,0.0,1199.0,0.0,14.0,False,E,390.0,S,5953,1
Mars,False,TRAPPIST-1e,25.0,False,2093.0,0.0,6.0,0.0,0.0,False,E,391.0,S,5954,1
Mars,False,TRAPPIST-1e,33.0,False,836.0,0.0,155.0,31.0,0.0,False,E,392.0,S,5955,1
Mars,False,TRAPPIST-1e,27.0,False,1379.0,0.0,414.0,0.0,805.0,False,F,1135.0,S,5955,2
Earth,False,TRAPPIST-1e,21.0,False,12.0,0.0,0.0,1658.0,0.0,False,E,379.0,P,5956,1
Europa,True,55 Cancri e,17.0,False,0.0,0.0,0.0,0.0,0.0,True,B,203.0,P,5957,1
Europa,True,55 Cancri e,15.0,False,0.0,0.0,0.0,0.0,0.0,True,B,203.0,P,5957,2
Europa,False,55 Cancri e,58.0,True,2.0,3862.0,0.0,1482.0,73.0,False,B,203.0,P,5957,3
Europa,False,TRAPPIST-1e,29.0,False,1.0,2809.0,97.0,61.0,1227.0,False,D,181.0,S,5959,1
Europa,True,TRAPPIST-1e,34.0,False,0.0,0.0,0.0,0.0,0.0,True,D,181.0,S,5959,2
Europa,False,TRAPPIST-1e,28.0,False,0.0,4780.0,1761.0,1.0,247.0,True,C,222.0,S,5960,1
Europa,False,TRAPPIST-1e,29.0,False,3215.0,1211.0,4.0,7.0,417.0,True,C,222.0,S,5960,2
Europa,True,55 Cancri e,25.0,False,0.0,0.0,0.0,0.0,0.0,True,C,222.0,S,5960,3
Mars,False,55 Cancri e,23.0,False,112.0,1184.0,143.0,2.0,585.0,False,F,1228.0,P,5963,1
Earth,False,TRAPPIST-1e,22.0,False,0.0,40.0,689.0,0.0,79.0,True,G,964.0,P,5965,1
Earth,True,55 Cancri e,38.0,False,0.0,0.0,0.0,0.0,0.0,True,G,965.0,P,5967,1
Earth,False,TRAPPIST-1e,38.0,False,0.0,784.0,0.0,0.0,0.0,True,G,965.0,P,5967,2
Earth,False,TRAPPIST-1e,0.0,False,0.0,0.0,0.0,0.0,0.0,False,G,965.0,P,5967,3
Earth,False,TRAPPIST-1e,28.82793046746535,False,17.0,0.0,0.0,49.0,867.0,False,F,1229.0,P,5968,1
Earth,True,TRAPPIST-1e,0.0,False,0.0,0.0,0.0,0.0,0.0,True,G,972.0,S,5969,1
Earth,False,55 Cancri e,37.0,False,0.0,698.0,0.0,0.0,6.0,False,F,1137.0,S,5969,2
Earth,False,TRAPPIST-1e,2.0,False,0.0,0.0,0.0,0.0,0.0,True,G,972.0,S,5969,3
Europa,True,55 Cancri e,40.0,False,0.0,0.0,0.0,0.0,0.0,True,B,229.0,S,5970,1
Mars,False,TRAPPIST-1e,47.0,False,448.0,0.0,891.0,0.0,235.0,False,F,1230.0,P,5971,1
Earth,False,TRAPPIST-1e,34.0,False,0.0,11.0,610.0,591.0,769.0,True,F,1138.0,S,5972,1
Mars,False,TRAPPIST-1e,43.0,False,1086.0,4.0,202.0,401.0,0.0,False,F,1139.0,S,5973,1
Mars,True,55 Cancri e,21.0,False,0.0,0.0,0.0,0.0,0.0,True,D,186.0,P,5974,1
Europa,True,55 Cancri e,43.0,False,0.0,0.0,0.0,0.0,0.0,True,E,380.0,P,5975,1
Mars,False,TRAPPIST-1e,33.0,False,3090.0,0.0,808.0,0.0,0.0,False,D,182.0,S,5976,1
Europa,False,TRAPPIST-1e,28.0,False,0.0,0.0,0.0,0.0,0.0,True,B,230.0,S,5977,1
Europa,False,55 Cancri e,57.0,False,200.0,9.0,0.0,0.0,24133.0,False,B,230.0,S,5977,2
Europa,False,TRAPPIST-1e,28.82793046746535,False,0.0,0.0,0.0,0.0,0.0,True,B,230.0,S,5977,3
Europa,False,TRAPPIST-1e,46.0,False,0.0,3259.0,761.0,4423.0,0.0,False,B,230.0,S,5977,4
Europa,False,55 Cancri e,19.0,False,0.0,0.0,0.0,2.0,9.0,True,C,223.0,S,5980,1
Mars,False,TRAPPIST-1e,27.0,False,441.0,0.0,397.0,471.0,0.0,False,F,1140.0,S,5981,1
Unknown,False,TRAPPIST-1e,2.0,False,0.0,0.0,0.0,0.0,0.0,True,F,1140.0,S,5981,2
Mars,False,TRAPPIST-1e,0.0,False,0.0,0.0,0.0,0.0,0.0,True,F,1140.0,S,5981,3
Mars,False,TRAPPIST-1e,25.0,True,1442.0,0.0,0.0,0.0,13.0,False,F,1233.0,P,5983,1
Mars,True,TRAPPIST-1e,47.0,False,0.0,0.0,0.0,0.0,0.0,True,F,1233.0,P,5983,2
Mars,False,PSO J318.5-22,38.0,False,1208.0,0.0,13.0,38.0,0.0,True,D,187.0,P,5984,1
Mars,False,TRAPPIST-1e,24.0,False,555.0,0.0,618.0,0.0,0.0,False,E,381.0,P,5984,2
Earth,False,TRAPPIST-1e,24.0,False,276.0,0.0,0.0,0.0,489.0,True,F,1234.0,P,5985,1
Europa,False,TRAPPIST-1e,25.0,False,0.0,0.0,0.0,0.0,0.0,True,D,188.0,P,5986,1
Earth,False,TRAPPIST-1e,29.0,False,0.0,5.0,6.0,0.0,0.0,True,G,973.0,S,5987,1
Mars,False,55 Cancri e,44.0,False,2956.0,0.0,10.0,12.0,692.0,False,F,1235.0,P,5988,1
Unknown,False,TRAPPIST-1e,20.0,False,0.0,0.0,0.0,703.0,0.0,False,F,1141.0,S,5989,1
Earth,True,TRAPPIST-1e,23.0,False,0.0,0.0,0.0,0.0,0.0,True,G,974.0,S,5990,1
Europa,False,55 Cancri e,26.0,False,0.0,9641.0,51.0,224.0,2428.0,True,C,224.0,S,5991,1
Earth,True,PSO J318.5-22,20.0,False,0.0,0.0,0.0,0.0,0.0,True,G,975.0,S,5992,1
Mars,True,TRAPPIST-1e,27.0,False,0.0,0.0,0.0,0.0,0.0,True,E,394.0,S,5993,1
Earth,False,55 Cancri e,23.0,False,94.0,132.0,0.0,967.0,5.0,False,F,1236.0,P,5994,1
Earth,True,PSO J318.5-22,33.0,False,0.0,0.0,0.0,0.0,0.0,True,G,967.0,P,5995,1
Earth,False,TRAPPIST-1e,30.0,False,477.0,0.0,8.0,0.0,323.0,True,G,977.0,S,5998,1
Earth,False,TRAPPIST-1e,32.0,False,0.0,104.0,2.0,0.0,801.0,True,G,968.0,P,5999,1
Mars,False,TRAPPIST-1e,19.0,False,781.0,0.0,295.0,613.0,0.0,False,F,82.0,S,6000,1
Mars,False,TRAPPIST-1e,41.0,False,1.0,0.0,808.0,0.0,0.0,False,D,189.0,P,6000,2
Earth,True,TRAPPIST-1e,50.0,False,0.0,0.0,0.0,0.0,0.0,False,G,969.0,P,6001,1
Earth,False,TRAPPIST-1e,36.0,False,9.0,247.0,0.0,482.0,16.0,False,G,970.0,P,6003,1
Mars,True,TRAPPIST-1e,21.0,False,0.0,0.0,0.0,0.0,0.0,True,F,1143.0,S,6004,1
Europa,False,55 Cancri e,45.0,True,1017.0,3863.0,0.0,601.0,3999.0,False,D,190.0,P,6006,1
Europa,True,55 Cancri e,26.0,False,0.0,0.0,0.0,0.0,0.0,True,D,190.0,P,6006,2
Earth,True,Unknown,44.0,False,0.0,0.0,0.0,0.0,0.0,True,G,971.0,P,6007,1
Earth,False,PSO J318.5-22,24.0,False,0.0,73.0,617.0,0.0,0.0,True,F,1238.0,P,6008,1
Earth,True,55 Cancri e,15.0,False,0.0,0.0,0.0,0.0,0.0,True,G,979.0,S,6010,1
Earth,False,TRAPPIST-1e,58.0,False,0.0,0.0,0.0,1989.0,18.0,False,F,1239.0,P,6011,1
Earth,False,TRAPPIST-1e,13.0,False,28.0,396.0,367.0,0.0,0.0,False,E,395.0,S,6014,1
Europa,True,TRAPPIST-1e,19.0,False,0.0,0.0,0.0,0.0,0.0,True,B,231.0,S,6015,1
Europa,False,55 Cancri e,25.0,False,140.0,4451.0,0.0,0.0,2050.0,True,B,231.0,S,6015,2
Earth,False,TRAPPIST-1e,24.0,False,718.0,0.0,265.0,302.0,384.0,False,E,383.0,P,6016,1
Earth,False,TRAPPIST-1e,20.0,False,3.0,0.0,0.0,806.0,0.0,False,G,973.0,P,6016,2
Mars,True,TRAPPIST-1e,34.0,False,0.0,0.0,0.0,0.0,0.0,True,F,1144.0,S,6017,1
Mars,True,TRAPPIST-1e,13.0,False,0.0,0.0,0.0,0.0,0.0,True,F,1144.0,S,6017,2
Earth,False,TRAPPIST-1e,28.82793046746535,False,0.0,839.0,0.0,36.0,5.0,True,F,1145.0,S,6019,1
Earth,True,55 Cancri e,39.0,False,0.0,0.0,0.0,0.0,0.0,False,G,974.0,P,6020,1
Earth,True,TRAPPIST-1e,0.0,False,0.0,0.0,0.0,0.0,0.0,False,G,974.0,P,6020,2
Earth,False,TRAPPIST-1e,10.0,False,0.0,0.0,0.0,0.0,0.0,False,G,974.0,P,6020,3
Earth,True,TRAPPIST-1e,9.0,False,0.0,0.0,0.0,0.0,0.0,False,G,974.0,P,6020,4
Earth,False,55 Cancri e,34.0,False,0.0,968.0,273.0,0.0,283.0,False,F,1242.0,P,6020,5
Earth,False,TRAPPIST-1e,11.0,False,0.0,0.0,0.0,0.0,0.0,False,G,974.0,P,6020,6
Earth,True,TRAPPIST-1e,0.0,False,0.0,0.0,0.0,0.0,0.0,False,G,974.0,P,6020,7
Earth,False,TRAPPIST-1e,24.0,False,0.0,0.0,0.0,14.0,631.0,False,F,1243.0,P,6022,1
Earth,True,PSO J318.5-22,16.0,False,0.0,0.0,0.0,0.0,0.0,True,G,975.0,P,6024,1
Earth,False,TRAPPIST-1e,42.0,False,0.0,420.0,0.0,1.0,175.0,False,F,1245.0,P,6025,1
Mars,False,TRAPPIST-1e,41.0,False,982.0,64.0,380.0,0.0,0.0,True,F,1246.0,P,6026,1
Europa,False,TRAPPIST-1e,36.0,False,0.0,1828.0,9058.0,1.0,2.0,True,B,232.0,S,6027,1
Europa,False,55 Cancri e,27.0,False,0.0,1801.0,0.0,304.0,1393.0,False,A,57.0,P,6028,1
Europa,False,TRAPPIST-1e,32.0,True,0.0,792.0,0.0,1.0,1335.0,False,A,57.0,P,6028,2
Europa,False,55 Cancri e,11.0,False,0.0,0.0,0.0,0.0,0.0,True,A,57.0,P,6028,3
Europa,False,TRAPPIST-1e,26.0,True,0.0,3638.0,0.0,1043.0,0.0,True,F,82.0,S,6028,4
Europa,False,TRAPPIST-1e,28.0,False,0.0,6921.0,0.0,29.0,45.0,True,A,57.0,P,6028,5
Earth,False,TRAPPIST-1e,25.0,False,0.0,30.0,20.0,0.0,941.0,False,E,396.0,S,6029,1
Earth,False,TRAPPIST-1e,5.0,False,0.0,0.0,0.0,0.0,0.0,True,G,981.0,S,6030,1
Earth,True,TRAPPIST-1e,28.82793046746535,False,0.0,0.0,0.0,0.0,0.0,True,G,981.0,S,6030,2
Earth,False,TRAPPIST-1e,13.0,False,852.0,147.0,7.0,0.0,1.0,True,G,981.0,S,6030,3
Earth,False,TRAPPIST-1e,30.0,False,0.0,0.0,47.0,703.0,4.0,True,G,981.0,S,6030,4
Earth,True,TRAPPIST-1e,15.0,False,0.0,0.0,0.0,0.0,0.0,True,G,981.0,S,6030,5
Earth,True,TRAPPIST-1e,0.0,False,0.0,0.0,0.0,0.0,0.0,True,G,981.0,S,6030,6
Earth,False,TRAPPIST-1e,49.0,False,0.0,0.0,0.0,0.0,0.0,True,G,981.0,S,6030,7
Unknown,False,Unknown,52.0,False,0.0,645.0,0.0,0.0,395.0,True,F,1146.0,S,6031,1
Earth,True,TRAPPIST-1e,15.0,False,0.0,0.0,0.0,0.0,0.0,True,G,982.0,S,6032,1
Unknown,False,TRAPPIST-1e,40.0,False,521.0,4.0,53.0,70.0,141.0,False,E,397.0,S,6032,2
Earth,True,55 Cancri e,0.0,False,0.0,0.0,0.0,0.0,0.0,True,G,982.0,S,6032,3
Mars,False,TRAPPIST-1e,32.0,False,158.0,0.0,139.0,752.0,0.0,False,E,384.0,P,6033,1
Mars,True,55 Cancri e,15.0,False,0.0,0.0,0.0,0.0,0.0,True,F,1247.0,P,6033,2
Mars,False,PSO J318.5-22,26.0,False,2042.0,0.0,2387.0,10.0,0.0,True,E,385.0,P,6034,1
Mars,True,PSO J318.5-22,31.0,False,0.0,0.0,0.0,0.0,0.0,False,E,385.0,P,6034,2
Mars,False,TRAPPIST-1e,8.0,False,0.0,0.0,0.0,0.0,0.0,True,E,385.0,P,6034,3
Earth,False,TRAPPIST-1e,18.0,False,0.0,0.0,0.0,1.0,827.0,True,E,386.0,P,6035,1
Earth,False,TRAPPIST-1e,3.0,False,0.0,0.0,0.0,0.0,0.0,False,G,976.0,P,6035,2
Europa,False,TRAPPIST-1e,44.0,False,0.0,1289.0,1224.0,514.0,1674.0,True,C,225.0,S,6036,1
Unknown,False,TRAPPIST-1e,15.0,False,0.0,677.0,0.0,179.0,3186.0,True,C,225.0,S,6036,2
Europa,False,TRAPPIST-1e,27.0,False,0.0,1857.0,0.0,778.0,587.0,True,C,225.0,S,6036,3
Mars,False,TRAPPIST-1e,22.0,False,2413.0,0.0,53.0,1.0,0.0,False,F,1147.0,S,6038,1
Earth,False,TRAPPIST-1e,2.0,False,0.0,0.0,0.0,0.0,0.0,True,G,983.0,S,6039,1
Earth,False,Unknown,32.0,False,3.0,0.0,0.0,0.0,757.0,False,F,1148.0,S,6039,2
Earth,False,TRAPPIST-1e,16.0,False,805.0,4.0,0.0,0.0,0.0,True,G,984.0,S,6040,1
Mars,False,TRAPPIST-1e,34.0,False,419.0,0.0,15.0,0.0,0.0,False,F,1248.0,P,6041,1
Mars,False,TRAPPIST-1e,32.0,False,1946.0,0.0,653.0,0.0,0.0,False,F,1249.0,P,6042,1
Earth,False,TRAPPIST-1e,28.0,False,0.0,292.0,1039.0,1.0,489.0,False,G,978.0,P,6043,1
Europa,False,TRAPPIST-1e,27.0,False,0.0,21.0,0.0,8126.0,4.0,False,B,233.0,S,6045,1
Earth,False,PSO J318.5-22,35.0,False,508.0,0.0,0.0,57.0,243.0,True,G,985.0,S,6047,1
Mars,True,Unknown,25.0,False,0.0,0.0,0.0,0.0,0.0,False,F,82.0,S,6048,1
Earth,False,TRAPPIST-1e,24.0,False,178.0,0.0,235.0,0.0,396.0,True,G,986.0,S,6049,1
Earth,True,TRAPPIST-1e,61.0,False,0.0,0.0,0.0,0.0,0.0,False,G,980.0,P,6052,1
Mars,True,TRAPPIST-1e,28.0,False,0.0,0.0,0.0,0.0,0.0,True,F,1151.0,S,6054,1
Europa,False,PSO J318.5-22,29.0,True,3.0,1849.0,0.0,3104.0,1652.0,False,C,185.0,P,6055,1
Europa,True,TRAPPIST-1e,41.0,False,0.0,0.0,0.0,0.0,0.0,True,C,185.0,P,6055,2
Europa,False,TRAPPIST-1e,20.0,False,1883.0,0.0,0.0,8810.0,0.0,False,C,185.0,P,6055,3
Mars,False,55 Cancri e,18.0,False,2904.0,5.0,50.0,0.0,9.0,False,F,1253.0,P,6058,1
Earth,False,TRAPPIST-1e,28.0,False,8.0,0.0,3949.0,0.0,9.0,True,G,982.0,P,6059,1
Earth,False,TRAPPIST-1e,18.0,False,33.0,0.0,455.0,167.0,48.0,True,F,1153.0,S,6061,1
Mars,False,TRAPPIST-1e,33.0,False,301.0,0.0,501.0,0.0,1013.0,False,F,1254.0,P,6062,1
Mars,False,TRAPPIST-1e,35.0,False,0.0,0.0,0.0,0.0,0.0,False,E,388.0,P,6062,2
Europa,False,55 Cancri e,68.0,False,125.0,13437.0,0.0,22408.0,17.0,False,C,186.0,P,6064,1
Unknown,False,TRAPPIST-1e,19.0,False,3.0,785.0,0.0,0.0,0.0,True,E,398.0,S,6065,1
Europa,False,TRAPPIST-1e,33.0,False,0.0,357.0,2366.0,1612.0,2137.0,False,C,226.0,S,6066,1
Europa,False,55 Cancri e,55.0,False,8142.0,8.0,0.0,1481.0,0.0,False,C,226.0,S,6066,2
Europa,False,TRAPPIST-1e,15.0,False,0.0,0.0,0.0,0.0,0.0,True,C,226.0,S,6066,3
Earth,False,TRAPPIST-1e,23.0,False,0.0,0.0,0.0,44.0,1721.0,False,G,984.0,P,6067,1
Earth,False,TRAPPIST-1e,23.0,False,0.0,723.0,1.0,0.0,0.0,True,F,1154.0,S,6068,1
Mars,False,55 Cancri e,15.0,False,3811.0,0.0,109.0,236.0,0.0,False,D,185.0,S,6069,1
Mars,False,TRAPPIST-1e,49.0,False,2209.0,42.0,109.0,23.0,0.0,False,D,186.0,S,6070,1
Earth,False,TRAPPIST-1e,33.0,False,41.0,417.0,0.0,42.0,308.0,True,G,987.0,S,6071,1
Mars,True,55 Cancri e,26.0,False,0.0,0.0,0.0,0.0,0.0,True,F,1156.0,S,6073,1
Europa,True,TRAPPIST-1e,26.0,False,0.0,0.0,0.0,0.0,0.0,True,B,206.0,P,6075,1
Earth,False,TRAPPIST-1e,18.0,False,14.0,2.0,144.0,610.0,0.0,True,G,988.0,S,6076,1
Earth,True,TRAPPIST-1e,17.0,False,0.0,0.0,0.0,0.0,0.0,True,G,985.0,P,6077,1
Earth,False,TRAPPIST-1e,39.0,False,657.0,225.0,0.0,0.0,0.0,True,G,989.0,S,6080,1
Earth,False,TRAPPIST-1e,8.0,False,0.0,0.0,0.0,0.0,0.0,False,G,987.0,P,6082,1
Earth,False,TRAPPIST-1e,46.0,False,0.0,0.0,868.0,0.0,3.0,True,F,1257.0,P,6085,1
Europa,False,55 Cancri e,32.0,False,0.0,4176.0,0.0,183.0,6.0,True,A,72.0,S,6086,1
Earth,False,TRAPPIST-1e,19.0,False,605.0,0.0,24.0,1.0,86.0,False,F,1160.0,S,6087,1
Mars,True,TRAPPIST-1e,36.0,False,0.0,0.0,0.0,0.0,0.0,True,F,1259.0,P,6090,1
Earth,True,TRAPPIST-1e,28.0,False,0.0,0.0,0.0,0.0,0.0,True,G,988.0,P,6091,1
Earth,False,TRAPPIST-1e,39.0,False,0.0,29.0,291.0,13.0,527.0,False,F,1260.0,P,6091,2
Earth,False,TRAPPIST-1e,16.0,False,0.0,0.0,641.0,33.0,29.0,True,F,1161.0,S,6092,1
Earth,True,PSO J318.5-22,7.0,False,0.0,0.0,0.0,0.0,0.0,True,G,991.0,S,6092,2
Earth,False,TRAPPIST-1e,1.0,False,0.0,0.0,0.0,0.0,0.0,True,G,991.0,S,6092,3
Europa,True,55 Cancri e,30.0,False,0.0,0.0,0.0,0.0,0.0,True,C,227.0,S,6094,1
Europa,True,55 Cancri e,44.0,False,0.0,0.0,0.0,0.0,0.0,True,C,227.0,S,6094,2
Europa,True,55 Cancri e,28.0,False,0.0,0.0,0.0,0.0,0.0,True,C,227.0,S,6094,3
Mars,False,TRAPPIST-1e,29.0,False,3564.0,0.0,802.0,0.0,0.0,False,D,192.0,P,6095,1
Mars,False,TRAPPIST-1e,41.0,False,239.0,1.0,1048.0,0.0,0.0,True,F,1162.0,S,6096,1
Mars,False,TRAPPIST-1e,13.0,False,1119.0,11.0,1326.0,0.0,0.0,True,F,1162.0,S,6096,2
Mars,False,TRAPPIST-1e,18.0,False,4397.0,610.0,1437.0,4.0,0.0,False,F,1162.0,S,6096,3
Earth,False,55 Cancri e,27.0,False,0.0,0.0,0.0,2725.0,73.0,False,F,1163.0,S,6098,1
Earth,True,TRAPPIST-1e,26.0,False,0.0,0.0,0.0,0.0,0.0,True,G,992.0,S,6099,1
Earth,False,55 Cancri e,24.0,False,13.0,0.0,2.0,673.0,3.0,False,F,1261.0,P,6101,1
Earth,False,PSO J318.5-22,26.0,False,104.0,0.0,0.0,280.0,216.0,False,F,1165.0,S,6102,1
Earth,True,PSO J318.5-22,27.0,False,0.0,0.0,0.0,0.0,0.0,True,G,990.0,P,6103,1
Europa,False,TRAPPIST-1e,58.0,False,0.0,1012.0,0.0,1120.0,20.0,False,E,401.0,S,6105,1
Europa,True,55 Cancri e,54.0,False,0.0,0.0,0.0,0.0,0.0,True,C,228.0,S,6106,1
Earth,False,55 Cancri e,18.0,False,0.0,0.0,0.0,63.0,525.0,True,F,1263.0,P,6107,1
Unknown,False,TRAPPIST-1e,13.0,False,206.0,28.0,0.0,1.0,629.0,False,F,1166.0,S,6108,1
Europa,False,TRAPPIST-1e,13.0,False,0.0,9.0,0.0,0.0,5648.0,False,C,187.0,P,6109,1
Europa,True,TRAPPIST-1e,28.0,False,0.0,0.0,0.0,0.0,0.0,True,C,187.0,P,6109,2
Earth,False,55 Cancri e,57.0,False,0.0,0.0,0.0,0.0,642.0,True,E,389.0,P,6110,1
Europa,True,TRAPPIST-1e,32.0,False,0.0,0.0,0.0,0.0,0.0,True,A,58.0,P,6111,1
Europa,False,TRAPPIST-1e,32.0,False,0.0,0.0,0.0,4588.0,0.0,False,A,58.0,P,6111,2
Europa,True,55 Cancri e,21.0,False,0.0,0.0,0.0,0.0,0.0,True,F,82.0,S,6111,3
Europa,True,55 Cancri e,34.0,False,0.0,0.0,0.0,0.0,0.0,True,A,58.0,P,6111,4
Europa,False,TRAPPIST-1e,33.0,False,0.0,2110.0,0.0,773.0,10.0,True,A,58.0,P,6111,5
Mars,True,TRAPPIST-1e,36.0,False,0.0,0.0,0.0,0.0,0.0,True,F,1264.0,P,6112,1
Mars,False,TRAPPIST-1e,50.0,False,513.0,0.0,0.0,764.0,21.0,False,E,390.0,P,6115,1
Mars,False,TRAPPIST-1e,28.0,False,828.0,0.0,72.0,6.0,0.0,False,F,1167.0,S,6116,1
Europa,False,TRAPPIST-1e,56.0,False,679.0,1126.0,0.0,33.0,3230.0,False,B,234.0,S,6117,1
Mars,False,55 Cancri e,42.0,False,1156.0,0.0,1.0,305.0,0.0,False,F,1266.0,P,6118,1
Mars,True,TRAPPIST-1e,39.0,False,0.0,0.0,0.0,0.0,0.0,False,E,391.0,P,6118,2
Earth,False,PSO J318.5-22,13.0,False,0.0,1180.0,0.0,0.0,0.0,True,F,1169.0,S,6120,1
Europa,False,TRAPPIST-1e,28.0,False,0.0,4585.0,0.0,2.0,35.0,True,C,229.0,S,6121,1
Europa,False,TRAPPIST-1e,55.0,False,916.0,1056.0,0.0,1677.0,593.0,False,C,229.0,S,6121,2
Earth,False,55 Cancri e,36.0,False,0.0,0.0,700.0,0.0,0.0,True,F,1267.0,P,6122,1
Mars,True,TRAPPIST-1e,28.82793046746535,False,0.0,0.0,0.0,0.0,0.0,True,F,1268.0,P,6123,1
Earth,False,PSO J318.5-22,37.0,False,0.0,0.0,834.0,0.0,8.0,True,G,991.0,P,6124,1
Europa,True,55 Cancri e,50.0,False,0.0,0.0,0.0,0.0,0.0,True,C,188.0,P,6126,1
Europa,False,TRAPPIST-1e,27.0,False,551.0,1436.0,0.0,462.0,309.0,False,E,404.0,S,6127,1
Earth,True,TRAPPIST-1e,23.0,False,0.0,0.0,0.0,0.0,0.0,False,G,992.0,P,6128,1
Earth,False,TRAPPIST-1e,16.0,False,7.0,0.0,311.0,0.0,683.0,False,F,1270.0,P,6128,2
Europa,False,55 Cancri e,33.0,True,0.0,3095.0,0.0,197.0,40.0,True,C,189.0,P,6130,1
Mars,True,TRAPPIST-1e,46.0,False,0.0,0.0,0.0,0.0,0.0,True,F,1170.0,S,6132,1
Earth,True,PSO J318.5-22,26.0,False,0.0,0.0,0.0,0.0,0.0,True,G,993.0,S,6133,1
Earth,False,TRAPPIST-1e,24.0,False,270.0,0.0,534.0,0.0,0.0,False,F,1272.0,P,6135,1
Earth,False,TRAPPIST-1e,26.0,False,0.0,0.0,0.0,213.0,1078.0,False,F,1172.0,S,6136,1
Earth,False,TRAPPIST-1e,2.0,False,0.0,0.0,0.0,0.0,0.0,True,G,994.0,S,6137,1
Earth,False,TRAPPIST-1e,33.0,False,457.0,0.0,0.0,0.0,445.0,False,F,1173.0,S,6137,2
Earth,True,TRAPPIST-1e,32.0,False,0.0,0.0,0.0,0.0,0.0,True,G,994.0,S,6137,3
Earth,True,TRAPPIST-1e,3.0,False,0.0,0.0,0.0,0.0,0.0,True,G,994.0,S,6137,4
Earth,True,TRAPPIST-1e,2.0,False,0.0,0.0,0.0,0.0,0.0,True,G,994.0,S,6137,5
Earth,False,TRAPPIST-1e,6.0,False,0.0,0.0,0.0,0.0,0.0,True,G,994.0,S,6137,6
Mars,False,TRAPPIST-1e,28.82793046746535,False,236.0,699.0,332.0,31.0,0.0,True,E,406.0,S,6138,1
Europa,False,TRAPPIST-1e,0.0,False,0.0,0.0,0.0,0.0,0.0,True,C,230.0,S,6139,1
Europa,True,TRAPPIST-1e,4.0,False,0.0,0.0,0.0,0.0,0.0,True,C,230.0,S,6139,2
Europa,False,TRAPPIST-1e,58.0,False,0.0,1073.0,0.0,803.0,988.0,True,C,230.0,S,6139,3
Europa,True,TRAPPIST-1e,22.0,False,0.0,0.0,0.0,0.0,0.0,True,C,230.0,S,6139,4
Europa,True,55 Cancri e,51.0,False,0.0,0.0,0.0,0.0,0.0,True,C,230.0,S,6139,5
Europa,True,55 Cancri e,37.0,False,0.0,0.0,0.0,0.0,0.0,True,C,230.0,S,6139,6
Earth,False,PSO J318.5-22,17.0,False,0.0,20.0,0.0,14.0,884.0,False,F,1174.0,S,6141,1
Earth,False,Unknown,21.0,False,28.0,0.0,0.0,662.0,0.0,False,F,82.0,S,6141,2
Earth,False,TRAPPIST-1e,28.82793046746535,False,3.0,791.0,0.0,362.0,0.0,True,F,1175.0,S,6143,1
Europa,False,55 Cancri e,28.82793046746535,False,3478.0,10.0,0.0,105.0,2383.0,False,C,231.0,S,6145,1
Europa,False,TRAPPIST-1e,31.0,False,0.0,0.0,0.0,0.0,0.0,False,B,207.0,P,6146,1
Mars,True,TRAPPIST-1e,43.0,False,0.0,0.0,0.0,0.0,0.0,True,F,1176.0,S,6148,1
Mars,True,TRAPPIST-1e,28.82793046746535,False,0.0,0.0,0.0,0.0,0.0,True,F,1176.0,S,6148,2
Earth,False,TRAPPIST-1e,15.0,False,1682.0,103.0,0.0,0.0,3.0,True,G,995.0,S,6149,1
Earth,False,TRAPPIST-1e,18.0,False,0.0,784.0,8.0,11.0,0.0,True,F,1177.0,S,6150,1
Europa,True,TRAPPIST-1e,33.0,False,0.0,0.0,0.0,0.0,0.0,True,B,235.0,S,6152,1
Europa,False,TRAPPIST-1e,31.0,False,0.0,53.0,0.0,2963.0,1017.0,False,B,235.0,S,6152,2
Europa,True,55 Cancri e,41.0,False,0.0,0.0,0.0,0.0,0.0,True,B,236.0,S,6153,1
Earth,False,TRAPPIST-1e,22.0,False,1.0,0.0,10.0,625.0,0.0,False,F,1178.0,S,6155,1
Earth,False,TRAPPIST-1e,40.0,False,0.0,1.0,0.0,888.0,80.0,False,F,1179.0,S,6156,1
Mars,False,TRAPPIST-1e,49.0,False,460.0,86.0,92.0,659.0,0.0,False,E,407.0,S,6157,1
Earth,True,PSO J318.5-22,14.0,False,0.0,0.0,0.0,0.0,0.0,True,G,996.0,S,6158,1
Earth,False,55 Cancri e,22.0,False,0.0,0.0,1.0,575.0,0.0,False,F,1181.0,S,6162,1
Earth,False,TRAPPIST-1e,22.0,False,0.0,32.0,33.0,429.0,1174.0,False,E,409.0,S,6163,1
Earth,False,TRAPPIST-1e,25.0,False,980.0,0.0,3.0,0.0,0.0,False,E,394.0,P,6166,1
Earth,True,PSO J318.5-22,42.0,False,0.0,0.0,0.0,0.0,0.0,True,G,998.0,S,6167,1
Earth,True,PSO J318.5-22,16.0,False,0.0,0.0,0.0,0.0,0.0,True,G,999.0,S,6168,1
Earth,False,55 Cancri e,12.0,False,0.0,0.0,0.0,0.0,0.0,True,G,999.0,S,6168,2
Earth,False,TRAPPIST-1e,18.0,False,382.0,10.0,291.0,90.0,9.0,True,G,1000.0,S,6169,1
Earth,False,Unknown,33.0,False,0.0,2.0,0.0,0.0,807.0,False,G,998.0,P,6170,1
Earth,False,TRAPPIST-1e,14.0,False,5.0,0.0,479.0,297.0,9.0,False,E,410.0,S,6171,1
Earth,True,TRAPPIST-1e,36.0,False,0.0,0.0,0.0,0.0,0.0,True,G,1001.0,S,6172,1
Europa,True,TRAPPIST-1e,23.0,False,0.0,0.0,0.0,0.0,0.0,True,B,208.0,P,6173,1
Earth,False,55 Cancri e,24.0,False,0.0,479.0,116.0,1.0,37.0,False,F,1274.0,P,6174,1
Earth,True,PSO J318.5-22,4.0,False,0.0,0.0,0.0,0.0,0.0,True,G,999.0,P,6174,2
Earth,True,TRAPPIST-1e,28.82793046746535,False,0.0,0.0,0.0,0.0,0.0,False,G,999.0,P,6174,3
Earth,False,TRAPPIST-1e,18.0,False,628.0,0.0,0.0,31.0,150.0,False,G,1000.0,P,6175,1
Earth,True,TRAPPIST-1e,21.0,False,0.0,0.0,0.0,0.0,0.0,True,G,1000.0,P,6175,2
Earth,False,TRAPPIST-1e,27.0,False,12.0,0.0,0.0,873.0,0.0,False,G,1000.0,P,6175,3
Mars,True,TRAPPIST-1e,34.0,False,0.0,0.0,0.0,0.0,0.0,True,F,1275.0,P,6176,1
Earth,True,PSO J318.5-22,28.0,False,0.0,0.0,0.0,0.0,0.0,False,G,1001.0,P,6178,1
Europa,True,TRAPPIST-1e,35.0,False,0.0,0.0,0.0,0.0,0.0,True,B,209.0,P,6179,1
Earth,True,PSO J318.5-22,16.0,False,0.0,0.0,0.0,0.0,0.0,True,G,1002.0,S,6180,1
Europa,False,TRAPPIST-1e,36.0,False,0.0,2624.0,1657.0,2799.0,1.0,False,C,191.0,P,6181,1
Earth,True,TRAPPIST-1e,30.0,False,0.0,0.0,0.0,0.0,0.0,False,G,1002.0,P,6182,1
Earth,True,PSO J318.5-22,4.0,False,0.0,0.0,0.0,0.0,0.0,True,G,1003.0,S,6184,1
Mars,False,TRAPPIST-1e,19.0,True,61.0,783.0,110.0,0.0,0.0,True,E,396.0,P,6186,1
Earth,False,TRAPPIST-1e,3.0,False,0.0,0.0,0.0,0.0,0.0,True,G,1004.0,P,6189,1
Europa,True,TRAPPIST-1e,51.0,False,0.0,0.0,0.0,0.0,0.0,True,A,59.0,P,6191,1
Europa,True,TRAPPIST-1e,28.82793046746535,False,0.0,0.0,0.0,0.0,0.0,True,A,59.0,P,6191,2
Europa,True,TRAPPIST-1e,45.0,False,0.0,0.0,0.0,0.0,0.0,True,A,59.0,P,6191,3
Europa,True,TRAPPIST-1e,18.0,False,0.0,0.0,0.0,0.0,0.0,True,A,59.0,P,6191,4
Earth,False,PSO J318.5-22,23.0,False,0.0,126.0,403.0,0.0,21.0,True,F,1183.0,S,6192,1
Earth,False,TRAPPIST-1e,15.0,False,1042.0,0.0,36.0,0.0,0.0,False,F,1185.0,S,6194,1
Mars,True,TRAPPIST-1e,34.0,False,0.0,0.0,0.0,0.0,0.0,True,E,412.0,S,6199,1
Mars,False,TRAPPIST-1e,47.0,False,5.0,1027.0,0.0,24.0,0.0,True,D,188.0,S,6199,2
Europa,False,TRAPPIST-1e,27.0,False,3.0,4654.0,0.0,657.0,214.0,True,B,238.0,S,6200,1
Europa,False,TRAPPIST-1e,26.0,False,0.0,9.0,0.0,3.0,2047.0,False,B,238.0,S,6200,2
Europa,False,55 Cancri e,25.0,False,2026.0,4929.0,0.0,1179.0,10270.0,False,B,238.0,S,6200,3
Europa,False,55 Cancri e,34.0,True,0.0,1174.0,0.0,130.0,1141.0,False,A,60.0,P,6201,1
Mars,False,TRAPPIST-1e,27.0,True,55.0,0.0,50.0,1849.0,1.0,False,D,189.0,S,6205,1
Earth,False,TRAPPIST-1e,39.0,False,0.0,176.0,43.0,660.0,0.0,False,F,1187.0,S,6206,1
Mars,False,TRAPPIST-1e,31.0,False,915.0,0.0,1313.0,370.0,0.0,False,F,1278.0,P,6207,1
Mars,False,TRAPPIST-1e,4.0,False,0.0,0.0,0.0,0.0,0.0,True,F,1278.0,P,6207,2
Mars,False,TRAPPIST-1e,19.0,False,0.0,0.0,0.0,0.0,0.0,False,E,397.0,P,6207,3
Mars,True,55 Cancri e,59.0,False,0.0,0.0,0.0,0.0,0.0,True,F,1279.0,P,6208,1
Mars,False,TRAPPIST-1e,19.0,False,2006.0,0.0,0.0,0.0,0.0,True,D,193.0,P,6211,1
Earth,False,55 Cancri e,25.0,False,258.0,0.0,306.0,311.0,24.0,True,F,1280.0,P,6213,1
Europa,False,55 Cancri e,28.0,False,0.0,809.0,0.0,2043.0,72.0,True,B,239.0,S,6215,1
Europa,False,55 Cancri e,37.0,False,0.0,90.0,0.0,3282.0,11.0,False,B,239.0,S,6215,2
Mars,False,TRAPPIST-1e,43.0,False,24.0,1.0,1167.0,0.0,0.0,True,F,1282.0,P,6216,1
Earth,False,55 Cancri e,18.0,False,425.0,779.0,0.0,0.0,74.0,False,F,1188.0,S,6218,1
Earth,False,TRAPPIST-1e,36.0,False,1603.0,0.0,2.0,87.0,0.0,False,E,413.0,S,6218,2
Earth,False,TRAPPIST-1e,14.0,False,71.0,0.0,0.0,0.0,0.0,False,F,1283.0,P,6219,1
Earth,False,PSO J318.5-22,42.0,False,0.0,168.0,0.0,113.0,461.0,False,F,1284.0,P,6220,1
Earth,False,PSO J318.5-22,29.0,False,25.0,0.0,2.0,0.0,657.0,False,F,1190.0,S,6222,1
Mars,False,TRAPPIST-1e,23.0,False,1696.0,46.0,82.0,235.0,17.0,False,E,398.0,P,6223,1
Earth,False,TRAPPIST-1e,16.0,False,0.0,0.0,60.0,0.0,1963.0,False,F,1191.0,S,6224,1
Earth,False,55 Cancri e,8.0,False,0.0,0.0,0.0,0.0,0.0,True,G,1006.0,S,6224,2
Earth,False,TRAPPIST-1e,20.0,False,1.0,0.0,0.0,32.0,875.0,False,G,1007.0,P,6225,1
Earth,False,PSO J318.5-22,50.0,False,199.0,0.0,182.0,0.0,0.0,False,F,1192.0,S,6227,1
Earth,False,TRAPPIST-1e,38.0,False,0.0,709.0,39.0,62.0,0.0,True,G,1007.0,S,6228,1
Mars,True,TRAPPIST-1e,39.0,False,0.0,0.0,0.0,0.0,0.0,True,F,1286.0,P,6229,1
Mars,False,TRAPPIST-1e,33.0,False,559.0,0.0,145.0,594.0,0.0,False,E,414.0,S,6230,1
Europa,True,55 Cancri e,30.0,False,0.0,0.0,0.0,0.0,0.0,True,B,241.0,S,6232,1
Mars,False,PSO J318.5-22,40.0,True,301.0,0.0,1310.0,4.0,0.0,True,F,1287.0,P,6234,1
Earth,False,TRAPPIST-1e,22.0,False,395.0,0.0,0.0,300.0,125.0,False,F,1194.0,S,6236,1
Mars,True,TRAPPIST-1e,52.0,False,0.0,0.0,0.0,0.0,0.0,True,F,1195.0,S,6237,1
Mars,True,TRAPPIST-1e,26.0,False,0.0,0.0,0.0,0.0,0.0,True,F,1196.0,S,6238,1
Earth,False,TRAPPIST-1e,19.0,False,2044.0,0.0,13.0,1.0,0.0,False,F,1197.0,S,6239,1
Earth,False,Unknown,33.0,False,6.0,0.0,0.0,0.0,950.0,False,F,1198.0,S,6241,1
Earth,True,PSO J318.5-22,33.0,False,0.0,0.0,0.0,0.0,0.0,True,G,1010.0,S,6243,1
Earth,False,TRAPPIST-1e,20.0,False,0.0,0.0,841.0,5.0,0.0,True,G,1011.0,S,6245,1
Mars,False,TRAPPIST-1e,28.0,False,0.0,0.0,129.0,0.0,0.0,False,F,1199.0,S,6246,1
Earth,True,55 Cancri e,10.0,False,0.0,0.0,0.0,0.0,0.0,True,G,1012.0,S,6248,1
Earth,False,TRAPPIST-1e,23.0,False,0.0,1.0,908.0,0.0,0.0,True,G,1008.0,P,6249,1
Earth,False,TRAPPIST-1e,28.0,False,0.0,0.0,887.0,0.0,0.0,True,G,1013.0,S,6250,1
Earth,False,TRAPPIST-1e,23.0,False,2189.0,0.0,0.0,0.0,0.0,True,F,1200.0,S,6251,1
Mars,False,TRAPPIST-1e,54.0,False,630.0,298.0,418.0,312.0,0.0,False,F,1201.0,S,6252,1
Mars,False,TRAPPIST-1e,57.0,False,368.0,0.0,636.0,1082.0,512.0,False,F,1289.0,P,6253,1
Mars,False,55 Cancri e,24.0,False,737.0,293.0,301.0,0.0,0.0,False,F,1289.0,P,6253,2
Europa,True,TRAPPIST-1e,37.0,False,0.0,0.0,0.0,0.0,0.0,True,B,243.0,S,6254,1
Europa,True,TRAPPIST-1e,59.0,False,0.0,0.0,0.0,0.0,0.0,True,B,243.0,S,6254,2
Earth,True,TRAPPIST-1e,53.0,False,0.0,0.0,0.0,0.0,0.0,True,G,1009.0,P,6256,1
Mars,True,TRAPPIST-1e,22.0,False,0.0,0.0,0.0,0.0,0.0,True,F,1293.0,P,6262,1
Unknown,False,TRAPPIST-1e,18.0,False,102.0,3.0,186.0,2287.0,0.0,False,D,195.0,P,6262,2
Europa,True,55 Cancri e,17.0,False,0.0,0.0,0.0,0.0,0.0,True,B,213.0,P,6263,1
Unknown,False,55 Cancri e,25.0,False,0.0,1674.0,3.0,9.0,3554.0,False,B,213.0,P,6263,2
Earth,False,TRAPPIST-1e,18.0,False,108.0,2.0,11.0,0.0,680.0,False,F,1294.0,P,6264,1
Earth,False,TRAPPIST-1e,20.0,False,379.0,0.0,29.0,39.0,91.0,False,F,82.0,S,6265,1
Earth,False,TRAPPIST-1e,24.0,False,0.0,2680.0,0.0,2.0,45.0,True,F,1296.0,P,6266,1
Mars,True,TRAPPIST-1e,33.0,False,0.0,0.0,0.0,0.0,0.0,True,F,1202.0,S,6268,1
Earth,False,TRAPPIST-1e,34.0,False,124.0,0.0,0.0,679.0,0.0,False,F,1297.0,P,6270,1
Earth,False,55 Cancri e,24.0,False,0.0,254.0,13.0,0.0,477.0,False,F,1297.0,P,6270,2
Europa,False,TRAPPIST-1e,37.0,False,0.0,0.0,0.0,0.0,0.0,True,A,62.0,P,6271,1
Mars,False,TRAPPIST-1e,23.0,False,690.0,0.0,0.0,292.0,1596.0,False,D,196.0,P,6273,1
Mars,False,TRAPPIST-1e,32.0,False,2031.0,0.0,28.0,519.0,0.0,False,D,196.0,P,6273,2
Mars,True,TRAPPIST-1e,13.0,False,0.0,0.0,0.0,0.0,0.0,True,F,1203.0,S,6274,1
Earth,True,55 Cancri e,23.0,False,0.0,0.0,0.0,0.0,0.0,True,G,1011.0,P,6276,1
Earth,True,TRAPPIST-1e,23.0,False,0.0,0.0,0.0,0.0,0.0,True,G,1014.0,S,6277,1
Europa,False,TRAPPIST-1e,27.0,False,135.0,3103.0,9.0,424.0,629.0,False,A,74.0,S,6279,1
Earth,True,TRAPPIST-1e,47.0,False,0.0,0.0,0.0,0.0,0.0,True,G,1012.0,P,6280,1
Earth,False,TRAPPIST-1e,38.0,False,20.0,0.0,751.0,0.0,2.0,True,G,1015.0,S,6281,1
Mars,False,TRAPPIST-1e,28.0,False,158.0,0.0,0.0,465.0,0.0,False,F,1205.0,S,6282,1
Earth,False,TRAPPIST-1e,21.0,False,0.0,296.0,2.0,0.0,1543.0,False,F,1206.0,S,6283,1
Earth,False,TRAPPIST-1e,28.82793046746535,False,2.0,3.0,93.0,6.0,540.0,False,F,1206.0,S,6283,2
Europa,False,55 Cancri e,64.0,False,0.0,0.0,0.0,0.0,0.0,True,B,245.0,S,6285,1
Europa,False,TRAPPIST-1e,43.0,False,2.0,5329.0,0.0,7.0,0.0,True,B,245.0,S,6285,2
Earth,False,TRAPPIST-1e,21.0,False,0.0,0.0,28.0,508.0,272.0,True,G,1018.0,S,6289,1
Earth,False,TRAPPIST-1e,36.0,False,78.0,9.0,0.0,0.0,841.0,True,G,1013.0,P,6290,1
Earth,False,PSO J318.5-22,22.0,False,0.0,0.0,0.0,48.0,653.0,True,G,1020.0,S,6292,1
Earth,False,TRAPPIST-1e,24.0,False,0.0,1049.0,1.0,0.0,0.0,False,F,1301.0,P,6293,1
Europa,True,TRAPPIST-1e,21.0,False,0.0,0.0,0.0,0.0,0.0,True,B,247.0,S,6296,1
Earth,False,TRAPPIST-1e,57.0,False,0.0,1409.0,29.0,0.0,0.0,True,G,1014.0,P,6297,1
Europa,False,55 Cancri e,46.0,False,0.0,8943.0,0.0,0.0,159.0,True,C,192.0,P,6299,1
Mars,True,TRAPPIST-1e,42.0,False,0.0,0.0,0.0,0.0,0.0,True,F,1303.0,P,6300,1
Earth,False,TRAPPIST-1e,16.0,False,17.0,0.0,0.0,537.0,173.0,False,F,1304.0,P,6301,1
Earth,False,TRAPPIST-1e,40.0,False,0.0,175.0,0.0,11.0,537.0,False,F,1305.0,P,6302,1
Earth,False,TRAPPIST-1e,3.0,False,0.0,0.0,0.0,0.0,0.0,False,G,1015.0,P,6302,2
Earth,False,TRAPPIST-1e,8.0,False,0.0,0.0,0.0,0.0,0.0,True,G,1015.0,P,6302,3
Earth,True,PSO J318.5-22,3.0,False,0.0,0.0,0.0,0.0,0.0,True,F,82.0,S,6302,4
Earth,False,55 Cancri e,35.0,False,1669.0,0.0,7.0,0.0,90.0,False,G,1015.0,P,6302,5
Earth,False,55 Cancri e,12.0,False,0.0,0.0,0.0,0.0,0.0,True,G,1015.0,P,6302,6
Earth,True,TRAPPIST-1e,28.82793046746535,False,0.0,0.0,0.0,0.0,0.0,True,G,1015.0,P,6302,7
Europa,False,55 Cancri e,47.0,True,0.0,2225.0,1573.0,201.0,23.0,True,C,193.0,P,6304,1
Europa,True,55 Cancri e,19.0,False,0.0,0.0,0.0,0.0,0.0,True,B,248.0,S,6305,1
Europa,False,TRAPPIST-1e,46.0,False,3616.0,564.0,0.0,15.0,3303.0,False,B,248.0,S,6305,2
Earth,False,TRAPPIST-1e,28.0,False,0.0,152.0,215.0,30.0,510.0,False,G,1017.0,P,6308,1
Earth,False,TRAPPIST-1e,5.0,False,0.0,0.0,0.0,0.0,0.0,True,G,1023.0,S,6309,1
Earth,False,TRAPPIST-1e,7.0,False,0.0,0.0,0.0,0.0,0.0,True,G,1023.0,S,6309,2
Earth,True,TRAPPIST-1e,3.0,False,0.0,0.0,0.0,0.0,0.0,True,G,1023.0,S,6309,3
Earth,False,TRAPPIST-1e,1.0,False,0.0,0.0,0.0,0.0,0.0,True,G,1023.0,S,6309,4
Earth,False,55 Cancri e,7.0,False,0.0,0.0,0.0,0.0,0.0,True,G,1023.0,S,6309,5
Europa,False,TRAPPIST-1e,60.0,False,0.0,190.0,3.0,1964.0,30.0,False,D,190.0,S,6313,1
Unknown,False,TRAPPIST-1e,34.0,False,6.0,878.0,0.0,10.0,2203.0,False,D,190.0,S,6313,2
Europa,False,TRAPPIST-1e,28.0,False,0.0,0.0,0.0,6.0,9837.0,False,C,234.0,S,6315,1
Earth,False,55 Cancri e,64.0,False,0.0,316.0,2.0,673.0,0.0,False,E,401.0,P,6316,1
Earth,False,TRAPPIST-1e,13.0,False,898.0,0.0,0.0,0.0,24.0,False,F,1208.0,S,6317,1
Earth,True,TRAPPIST-1e,15.0,False,0.0,0.0,0.0,0.0,0.0,True,G,1018.0,P,6318,1
Earth,False,TRAPPIST-1e,65.0,False,458.0,0.0,555.0,0.0,0.0,False,G,1019.0,P,6319,1
Mars,False,TRAPPIST-1e,53.0,False,78.0,85.0,859.0,0.0,0.0,True,E,418.0,S,6320,1
Europa,True,55 Cancri e,58.0,False,0.0,0.0,0.0,0.0,0.0,True,C,194.0,P,6321,1
Europa,False,TRAPPIST-1e,19.0,False,0.0,1234.0,0.0,1956.0,0.0,False,C,194.0,P,6321,2
Europa,True,55 Cancri e,28.82793046746535,False,0.0,0.0,0.0,0.0,0.0,True,C,194.0,P,6321,3
Earth,False,TRAPPIST-1e,16.0,False,0.0,68.0,1541.0,0.0,0.0,True,E,419.0,S,6322,1
Europa,False,55 Cancri e,48.0,False,3.0,4089.0,0.0,4368.0,147.0,False,C,235.0,S,6323,1
Europa,False,TRAPPIST-1e,33.0,False,2.0,4742.0,0.0,34.0,0.0,True,C,235.0,S,6323,2
Earth,False,Unknown,31.0,False,19.0,509.0,0.0,0.0,177.0,False,E,420.0,S,6324,1
Earth,False,55 Cancri e,44.0,False,0.0,0.0,0.0,0.0,0.0,True,G,1025.0,S,6324,2
Earth,False,TRAPPIST-1e,40.0,False,1.0,0.0,895.0,10.0,0.0,True,G,1025.0,S,6324,3
Earth,True,TRAPPIST-1e,34.0,False,0.0,0.0,0.0,0.0,0.0,True,G,1026.0,S,6325,1
Earth,False,TRAPPIST-1e,21.0,False,0.0,541.0,0.0,143.0,0.0,False,F,1209.0,S,6325,2
Earth,False,TRAPPIST-1e,20.0,False,0.0,20.0,1.0,696.0,0.0,False,F,1307.0,P,6326,1
Mars,True,TRAPPIST-1e,9.0,False,0.0,0.0,0.0,0.0,0.0,True,F,1308.0,P,6327,1
Earth,True,TRAPPIST-1e,33.0,False,0.0,0.0,0.0,0.0,0.0,False,G,1020.0,P,6328,1
Earth,True,PSO J318.5-22,2.0,False,0.0,0.0,0.0,0.0,0.0,False,G,1020.0,P,6328,2
Earth,False,TRAPPIST-1e,53.0,False,627.0,32.0,0.0,0.0,37.0,False,F,1309.0,P,6328,3
Earth,False,55 Cancri e,0.0,False,0.0,0.0,0.0,0.0,0.0,True,G,1020.0,P,6328,4
Earth,True,PSO J318.5-22,38.0,False,0.0,0.0,0.0,0.0,0.0,True,G,1027.0,S,6330,1
Europa,True,55 Cancri e,21.0,False,0.0,0.0,0.0,0.0,0.0,True,C,237.0,S,6331,1
Earth,True,TRAPPIST-1e,31.0,False,0.0,0.0,0.0,0.0,0.0,True,G,1028.0,S,6334,1
Earth,True,PSO J318.5-22,7.0,False,0.0,0.0,0.0,0.0,0.0,True,G,1028.0,S,6334,2
Earth,False,55 Cancri e,12.0,False,0.0,0.0,0.0,0.0,0.0,True,G,1028.0,S,6334,3
Earth,True,PSO J318.5-22,0.0,False,0.0,0.0,0.0,0.0,0.0,True,G,1028.0,S,6334,4
Earth,False,TRAPPIST-1e,17.0,False,5.0,0.0,1317.0,287.0,0.0,True,E,421.0,S,6334,5
Earth,False,TRAPPIST-1e,55.0,False,0.0,242.0,0.0,479.0,3.0,False,F,1210.0,S,6334,6
Earth,False,55 Cancri e,2.0,False,0.0,0.0,0.0,0.0,0.0,True,G,1028.0,S,6334,7
Earth,False,TRAPPIST-1e,32.0,False,18.0,0.0,0.0,1382.0,0.0,False,F,1312.0,P,6335,1
Earth,False,55 Cancri e,16.0,False,0.0,0.0,694.0,0.0,102.0,False,F,1313.0,P,6338,1
Unknown,False,TRAPPIST-1e,0.0,False,0.0,0.0,0.0,0.0,0.0,False,G,1022.0,P,6339,1
Europa,False,TRAPPIST-1e,29.0,False,0.0,584.0,5468.0,7.0,661.0,True,C,195.0,P,6340,1
Europa,False,55 Cancri e,25.0,False,484.0,11441.0,0.0,4.0,5477.0,False,C,195.0,P,6340,2
Mars,False,55 Cancri e,39.0,False,1884.0,0.0,1435.0,5.0,469.0,False,D,191.0,S,6341,1
Mars,True,TRAPPIST-1e,42.0,False,0.0,0.0,0.0,0.0,0.0,True,E,423.0,S,6343,1
Earth,False,55 Cancri e,0.0,False,0.0,0.0,0.0,0.0,0.0,True,G,1023.0,P,6344,1
Earth,True,TRAPPIST-1e,14.0,False,0.0,0.0,0.0,0.0,0.0,True,G,1023.0,P,6344,2
Mars,False,TRAPPIST-1e,29.0,False,2223.0,0.0,0.0,0.0,0.0,False,F,1212.0,S,6346,1
Mars,False,TRAPPIST-1e,54.0,False,676.0,0.0,231.0,379.0,0.0,False,F,1212.0,S,6346,2
Earth,True,TRAPPIST-1e,35.0,False,0.0,0.0,0.0,0.0,0.0,True,G,1030.0,S,6347,1
Europa,False,55 Cancri e,28.82793046746535,False,49.0,13342.0,0.0,1885.0,6985.0,False,C,238.0,S,6348,1
Mars,False,TRAPPIST-1e,18.0,False,593.0,0.0,508.0,0.0,12.0,True,F,1314.0,P,6349,1
Earth,False,55 Cancri e,14.0,False,0.0,973.0,0.0,1.0,0.0,True,E,403.0,P,6351,1
Europa,True,TRAPPIST-1e,53.0,False,0.0,0.0,0.0,0.0,0.0,True,D,199.0,P,6353,1
Earth,False,TRAPPIST-1e,48.0,False,410.0,2108.0,0.0,0.0,0.0,True,F,1315.0,P,6354,1
Earth,False,55 Cancri e,21.0,False,0.0,641.0,0.0,0.0,0.0,True,F,1213.0,S,6355,1
Unknown,False,TRAPPIST-1e,44.0,False,0.0,0.0,0.0,729.0,397.0,True,F,1316.0,P,6356,1
Earth,False,TRAPPIST-1e,25.0,False,106.0,0.0,0.0,0.0,925.0,False,F,1214.0,S,6357,1
Europa,False,TRAPPIST-1e,0.0,False,0.0,0.0,0.0,0.0,0.0,True,A,75.0,S,6360,1
Europa,True,TRAPPIST-1e,27.0,False,0.0,0.0,0.0,0.0,0.0,True,A,75.0,S,6360,2
Europa,True,TRAPPIST-1e,40.0,False,0.0,0.0,0.0,0.0,0.0,True,A,75.0,S,6360,3
Earth,False,TRAPPIST-1e,44.0,False,0.0,509.0,129.0,246.0,0.0,True,G,1031.0,S,6361,1
Earth,True,TRAPPIST-1e,36.0,False,0.0,0.0,0.0,0.0,0.0,False,F,82.0,S,6363,1
Unknown,True,55 Cancri e,3.0,False,0.0,0.0,0.0,0.0,0.0,True,G,1026.0,P,6363,2
Earth,True,TRAPPIST-1e,9.0,False,0.0,0.0,0.0,0.0,0.0,False,G,1026.0,P,6363,3
Earth,True,TRAPPIST-1e,1.0,False,0.0,0.0,0.0,0.0,0.0,False,G,1026.0,P,6363,4
Earth,False,TRAPPIST-1e,17.0,False,0.0,0.0,977.0,0.0,5.0,True,E,405.0,P,6363,5
Earth,True,TRAPPIST-1e,47.0,False,0.0,0.0,0.0,0.0,0.0,False,G,1026.0,P,6363,6
Earth,True,TRAPPIST-1e,28.82793046746535,False,0.0,0.0,0.0,0.0,0.0,False,G,1026.0,P,6363,7
Europa,False,55 Cancri e,33.0,False,0.0,38.0,0.0,1.0,3167.0,False,A,64.0,P,6365,1
Earth,False,PSO J318.5-22,16.0,False,0.0,0.0,99.0,0.0,774.0,True,E,424.0,S,6366,1
Mars,False,TRAPPIST-1e,30.0,True,1960.0,0.0,638.0,0.0,0.0,False,F,1215.0,S,6367,1
Mars,False,55 Cancri e,18.0,False,114.0,131.0,927.0,0.0,0.0,True,F,1215.0,S,6367,2
Earth,False,TRAPPIST-1e,26.0,False,360.0,8.0,1.0,329.0,185.0,False,G,1033.0,S,6368,1
Earth,False,PSO J318.5-22,19.0,False,577.0,169.0,0.0,7.0,0.0,True,F,1318.0,P,6369,1
Mars,True,TRAPPIST-1e,28.0,False,0.0,0.0,0.0,0.0,0.0,True,F,1216.0,S,6370,1
Earth,False,TRAPPIST-1e,35.0,False,858.0,10.0,16.0,0.0,0.0,False,G,1027.0,P,6371,1
Europa,False,TRAPPIST-1e,40.0,False,773.0,3729.0,43.0,10.0,0.0,True,B,216.0,P,6372,1
Europa,False,TRAPPIST-1e,26.0,True,0.0,2199.0,0.0,328.0,329.0,False,B,216.0,P,6372,2
Europa,False,55 Cancri e,45.0,False,0.0,3200.0,0.0,415.0,161.0,True,B,216.0,P,6372,3
Europa,True,55 Cancri e,18.0,False,0.0,0.0,0.0,0.0,0.0,True,B,216.0,P,6372,4
Earth,False,55 Cancri e,54.0,False,801.0,5.0,0.0,0.0,0.0,True,F,1319.0,P,6373,1
Unknown,False,TRAPPIST-1e,13.0,False,1144.0,0.0,6.0,0.0,0.0,False,F,1320.0,P,6374,1
Mars,True,55 Cancri e,26.0,False,0.0,0.0,0.0,0.0,0.0,True,F,1217.0,S,6376,1
Earth,True,PSO J318.5-22,16.0,False,0.0,0.0,0.0,0.0,0.0,True,G,1034.0,S,6378,1
Earth,False,TRAPPIST-1e,37.0,False,0.0,959.0,8.0,20.0,169.0,False,F,1322.0,P,6380,1
Earth,True,TRAPPIST-1e,17.0,False,0.0,0.0,0.0,0.0,0.0,True,G,1028.0,P,6380,2
Earth,False,55 Cancri e,16.0,False,2.0,511.0,0.0,0.0,1578.0,False,F,1322.0,P,6380,3
Earth,False,TRAPPIST-1e,18.0,False,358.0,336.0,0.0,0.0,0.0,False,F,1323.0,P,6381,1
Mars,False,PSO J318.5-22,21.0,False,435.0,0.0,422.0,16.0,0.0,False,F,82.0,S,6385,1
Earth,False,TRAPPIST-1e,24.0,False,0.0,0.0,0.0,0.0,826.0,True,G,1029.0,P,6388,1
Earth,True,TRAPPIST-1e,22.0,False,0.0,0.0,0.0,0.0,0.0,True,G,1036.0,S,6390,1
Earth,True,TRAPPIST-1e,41.0,False,0.0,0.0,0.0,0.0,0.0,True,G,1037.0,S,6394,1
Earth,True,TRAPPIST-1e,15.0,False,0.0,0.0,0.0,0.0,0.0,True,G,1037.0,S,6394,2
Earth,True,TRAPPIST-1e,36.0,False,0.0,0.0,0.0,0.0,0.0,True,G,1037.0,S,6394,3
Earth,False,55 Cancri e,23.0,False,0.0,0.0,478.0,4560.0,0.0,False,G,1037.0,S,6394,4
Earth,False,TRAPPIST-1e,31.0,False,0.0,243.0,0.0,0.0,0.0,False,E,427.0,S,6396,1
Earth,False,TRAPPIST-1e,19.0,False,114.0,3.0,622.0,0.0,0.0,False,F,1223.0,S,6397,1
Earth,True,55 Cancri e,23.0,False,0.0,0.0,0.0,0.0,0.0,True,G,1030.0,P,6398,1
Earth,False,TRAPPIST-1e,47.0,False,0.0,106.0,2915.0,0.0,1200.0,False,G,1031.0,P,6399,1
Europa,False,55 Cancri e,40.0,False,0.0,1677.0,0.0,109.0,320.0,True,A,76.0,S,6400,1
Europa,False,55 Cancri e,34.0,True,0.0,618.0,0.0,0.0,10888.0,False,A,76.0,S,6400,2
Earth,False,TRAPPIST-1e,2.0,False,0.0,0.0,0.0,0.0,0.0,False,G,1032.0,P,6402,1
Earth,True,TRAPPIST-1e,8.0,False,0.0,0.0,0.0,0.0,0.0,False,G,1032.0,P,6402,2
Earth,True,TRAPPIST-1e,0.0,False,0.0,0.0,0.0,0.0,0.0,True,G,1032.0,P,6402,3
Earth,False,PSO J318.5-22,18.0,False,0.0,0.0,1720.0,1.0,0.0,True,G,1032.0,P,6402,4
Unknown,False,TRAPPIST-1e,11.0,False,0.0,0.0,0.0,0.0,0.0,False,G,1032.0,P,6402,5
Earth,False,TRAPPIST-1e,18.0,False,0.0,20.0,790.0,0.0,0.0,True,G,1038.0,S,6404,1
Unknown,False,PSO J318.5-22,19.0,False,54.0,0.0,0.0,42.0,986.0,False,F,1224.0,S,6405,1
Earth,False,Unknown,2.0,False,0.0,0.0,0.0,0.0,0.0,True,F,82.0,S,6405,2
Earth,True,TRAPPIST-1e,25.0,False,0.0,0.0,0.0,0.0,0.0,True,G,1039.0,S,6405,3
Earth,False,55 Cancri e,0.0,False,0.0,0.0,0.0,0.0,0.0,True,G,1039.0,S,6405,4
Europa,True,55 Cancri e,27.0,False,0.0,0.0,0.0,0.0,0.0,True,F,82.0,S,6406,1
Europa,True,55 Cancri e,34.0,False,0.0,0.0,0.0,0.0,0.0,True,B,249.0,S,6406,2
Earth,True,TRAPPIST-1e,19.0,False,0.0,0.0,0.0,0.0,0.0,True,G,1033.0,P,6407,1
Earth,False,PSO J318.5-22,22.0,False,431.0,40.0,0.0,10.0,0.0,False,G,1034.0,P,6408,1
Earth,False,TRAPPIST-1e,22.0,False,0.0,0.0,165.0,14.0,629.0,False,G,1035.0,P,6409,1
Earth,False,PSO J318.5-22,52.0,False,0.0,652.0,9.0,0.0,0.0,False,F,1328.0,P,6411,1
Earth,False,TRAPPIST-1e,30.0,False,59.0,0.0,0.0,0.0,1611.0,False,E,407.0,P,6412,1
Europa,False,TRAPPIST-1e,65.0,False,0.0,1420.0,0.0,85.0,827.0,False,A,77.0,S,6413,1
Earth,False,TRAPPIST-1e,31.0,False,294.0,480.0,31.0,3.0,0.0,True,G,1040.0,S,6414,1
Mars,True,TRAPPIST-1e,51.0,False,0.0,0.0,0.0,0.0,0.0,True,F,1225.0,S,6415,1
Earth,False,TRAPPIST-1e,21.0,False,365.0,52.0,0.0,0.0,288.0,True,F,82.0,S,6416,1
Earth,False,TRAPPIST-1e,27.0,False,93.0,0.0,0.0,0.0,772.0,False,F,1329.0,P,6418,1
Earth,False,TRAPPIST-1e,31.0,False,0.0,0.0,873.0,0.0,0.0,True,E,428.0,S,6419,1
Europa,True,55 Cancri e,28.0,False,0.0,0.0,0.0,0.0,0.0,True,C,197.0,P,6421,1
Europa,False,TRAPPIST-1e,29.0,False,0.0,577.0,0.0,5568.0,432.0,False,F,82.0,S,6421,2
Mars,False,TRAPPIST-1e,23.0,False,1533.0,0.0,858.0,297.0,0.0,False,F,1330.0,P,6422,1
Mars,True,TRAPPIST-1e,11.0,False,0.0,0.0,0.0,0.0,0.0,True,F,1330.0,P,6422,2
Mars,False,TRAPPIST-1e,23.0,False,1233.0,0.0,527.0,0.0,0.0,False,F,1330.0,P,6422,3
Mars,False,TRAPPIST-1e,34.0,False,801.0,0.0,246.0,1.0,0.0,False,E,408.0,P,6422,4
Earth,False,TRAPPIST-1e,20.0,False,0.0,0.0,151.0,508.0,0.0,False,F,1331.0,P,6424,1
Europa,True,55 Cancri e,20.0,False,0.0,0.0,0.0,0.0,0.0,True,C,198.0,P,6428,1
Europa,True,TRAPPIST-1e,16.0,False,0.0,0.0,0.0,0.0,0.0,True,C,198.0,P,6428,2
Earth,True,TRAPPIST-1e,18.0,False,0.0,0.0,0.0,0.0,0.0,False,G,1037.0,P,6430,1
Earth,False,55 Cancri e,20.0,False,24.0,56.0,1.0,0.0,468.0,False,F,1334.0,P,6431,1
Earth,True,PSO J318.5-22,20.0,False,0.0,0.0,0.0,0.0,0.0,True,G,1038.0,P,6431,2
Earth,False,55 Cancri e,27.0,False,30.0,0.0,763.0,0.0,57.0,False,G,1038.0,P,6431,3
Europa,False,55 Cancri e,55.0,False,114.0,222.0,0.0,2575.0,2919.0,False,D,202.0,P,6432,1
Mars,False,55 Cancri e,53.0,False,83.0,0.0,1590.0,60.0,0.0,True,D,193.0,S,6433,1
Mars,True,TRAPPIST-1e,37.0,False,0.0,0.0,0.0,0.0,0.0,True,D,193.0,S,6433,2
Earth,True,PSO J318.5-22,55.0,False,0.0,0.0,0.0,0.0,0.0,True,G,1039.0,P,6434,1
Earth,False,TRAPPIST-1e,24.0,False,552.0,1.0,0.0,231.0,0.0,True,G,1043.0,S,6436,1
Earth,False,55 Cancri e,24.0,False,14.0,0.0,1.0,528.0,109.0,True,F,1228.0,S,6437,1
Earth,True,PSO J318.5-22,49.0,False,0.0,0.0,0.0,0.0,0.0,True,G,1044.0,S,6439,1
Earth,False,TRAPPIST-1e,17.0,False,0.0,0.0,0.0,1806.0,0.0,False,G,1045.0,S,6442,1
Earth,False,TRAPPIST-1e,39.0,False,0.0,0.0,710.0,56.0,1.0,True,G,1046.0,S,6443,1
Earth,True,55 Cancri e,5.0,False,0.0,0.0,0.0,0.0,0.0,True,G,1046.0,S,6443,2
Earth,False,TRAPPIST-1e,10.0,False,0.0,0.0,0.0,0.0,0.0,True,G,1046.0,S,6443,3
Earth,True,TRAPPIST-1e,1.0,False,0.0,0.0,0.0,0.0,0.0,True,G,1046.0,S,6443,4
Earth,False,TRAPPIST-1e,16.0,False,45.0,0.0,622.0,0.0,564.0,False,F,1229.0,S,6443,5
Earth,False,TRAPPIST-1e,51.0,False,0.0,10.0,388.0,1380.0,0.0,False,G,1046.0,S,6443,6
Earth,True,TRAPPIST-1e,5.0,False,0.0,0.0,0.0,0.0,0.0,True,G,1046.0,S,6443,7
Earth,False,TRAPPIST-1e,19.0,False,0.0,0.0,0.0,0.0,0.0,False,G,1041.0,P,6444,1
Earth,True,TRAPPIST-1e,0.0,False,0.0,0.0,0.0,0.0,0.0,True,G,1041.0,P,6444,2
Earth,False,TRAPPIST-1e,20.0,False,810.0,0.0,0.0,0.0,0.0,False,G,1047.0,S,6446,1
Earth,True,TRAPPIST-1e,0.0,False,0.0,0.0,0.0,0.0,0.0,True,G,1047.0,S,6446,2
Earth,True,TRAPPIST-1e,1.0,False,0.0,0.0,0.0,0.0,0.0,True,G,1047.0,S,6446,3
Earth,True,PSO J318.5-22,38.0,False,0.0,0.0,0.0,0.0,0.0,True,G,1043.0,P,6447,1
Earth,False,TRAPPIST-1e,40.0,False,0.0,0.0,433.0,343.0,0.0,False,F,1230.0,S,6448,1
Mars,False,TRAPPIST-1e,18.0,False,0.0,0.0,0.0,0.0,0.0,False,E,430.0,S,6449,1
Mars,False,TRAPPIST-1e,36.0,False,636.0,0.0,168.0,1795.0,0.0,False,F,1231.0,S,6449,2
Europa,False,TRAPPIST-1e,23.0,False,0.0,596.0,57.0,259.0,4666.0,False,C,200.0,P,6450,1
Europa,True,55 Cancri e,42.0,False,0.0,0.0,0.0,0.0,0.0,True,C,200.0,P,6450,2
Mars,False,Unknown,37.0,False,610.0,0.0,410.0,148.0,14.0,False,F,82.0,S,6451,1
Earth,False,TRAPPIST-1e,24.0,False,0.0,854.0,11.0,0.0,0.0,True,F,1336.0,P,6452,1
Earth,False,TRAPPIST-1e,12.0,False,0.0,0.0,0.0,0.0,0.0,True,G,1044.0,P,6452,2
Earth,True,TRAPPIST-1e,2.0,False,0.0,0.0,0.0,0.0,0.0,True,G,1044.0,P,6452,3
Earth,False,PSO J318.5-22,28.0,False,0.0,7.0,17.0,0.0,1724.0,False,G,1045.0,P,6453,1
Earth,True,TRAPPIST-1e,44.0,False,0.0,0.0,0.0,0.0,0.0,True,G,1046.0,P,6454,1
Europa,False,TRAPPIST-1e,26.0,False,0.0,3818.0,0.0,1877.0,136.0,False,D,203.0,P,6455,1
Earth,False,TRAPPIST-1e,36.0,False,32.0,3.0,657.0,58.0,41.0,False,E,410.0,P,6456,1
Earth,False,55 Cancri e,28.0,False,0.0,728.0,0.0,0.0,82.0,True,F,1337.0,P,6457,1
Mars,False,TRAPPIST-1e,14.0,False,0.0,0.0,0.0,0.0,0.0,False,E,431.0,S,6458,1
Earth,True,TRAPPIST-1e,14.0,False,0.0,0.0,0.0,0.0,0.0,False,G,1047.0,P,6459,1
Earth,False,TRAPPIST-1e,28.0,False,0.0,602.0,0.0,115.0,0.0,True,F,1232.0,S,6461,1
Mars,True,TRAPPIST-1e,27.0,False,0.0,0.0,0.0,0.0,0.0,True,F,1233.0,S,6462,1
Mars,False,TRAPPIST-1e,21.0,False,899.0,1.0,1686.0,13.0,0.0,True,F,1233.0,S,6462,2
Earth,False,TRAPPIST-1e,24.0,False,1256.0,2.0,8.0,1530.0,0.0,False,F,1234.0,S,6463,1
Earth,False,PSO J318.5-22,18.0,False,22.0,0.0,20.0,596.0,5.0,False,F,1338.0,P,6464,1
Mars,True,TRAPPIST-1e,24.0,False,0.0,0.0,0.0,0.0,0.0,True,F,1339.0,P,6468,1
Mars,True,TRAPPIST-1e,8.0,False,0.0,0.0,0.0,0.0,0.0,True,F,1339.0,P,6468,2
Mars,True,TRAPPIST-1e,36.0,False,0.0,0.0,0.0,0.0,0.0,False,E,411.0,P,6468,3
Mars,False,TRAPPIST-1e,32.0,True,1179.0,0.0,4.0,0.0,0.0,False,D,204.0,P,6468,4
Earth,False,TRAPPIST-1e,19.0,False,14.0,614.0,0.0,160.0,0.0,False,E,432.0,S,6470,1
Earth,False,TRAPPIST-1e,12.0,False,0.0,0.0,0.0,0.0,0.0,True,G,1050.0,S,6471,1
Europa,True,TRAPPIST-1e,21.0,False,0.0,0.0,0.0,0.0,0.0,True,B,250.0,S,6472,1
Europa,True,55 Cancri e,13.0,False,0.0,0.0,0.0,0.0,0.0,True,B,250.0,S,6472,2
Mars,True,TRAPPIST-1e,20.0,False,0.0,0.0,0.0,0.0,0.0,True,F,1236.0,S,6473,1
Mars,True,TRAPPIST-1e,35.0,False,0.0,0.0,0.0,0.0,0.0,True,F,1340.0,P,6475,1
Europa,False,55 Cancri e,23.0,False,0.0,44.0,0.0,3452.0,83.0,False,D,196.0,S,6477,1
Europa,False,55 Cancri e,17.0,False,0.0,311.0,6.0,4236.0,557.0,False,D,196.0,S,6477,2
Mars,False,TRAPPIST-1e,29.0,False,1290.0,0.0,6.0,1.0,0.0,False,E,412.0,P,6478,1
Earth,False,TRAPPIST-1e,27.0,False,352.0,14.0,1.0,407.0,15.0,False,E,433.0,S,6480,1
Earth,False,TRAPPIST-1e,22.0,False,89.0,0.0,795.0,0.0,3.0,True,G,1052.0,S,6481,1
Mars,False,55 Cancri e,26.0,False,414.0,239.0,681.0,352.0,0.0,False,F,1237.0,S,6482,1
Mars,True,TRAPPIST-1e,1.0,False,0.0,0.0,0.0,0.0,0.0,True,F,1237.0,S,6482,2
Mars,True,TRAPPIST-1e,7.0,False,0.0,0.0,0.0,0.0,0.0,True,F,1237.0,S,6482,3
Earth,False,55 Cancri e,78.0,False,0.0,213.0,202.0,288.0,0.0,True,F,1238.0,S,6485,1
Earth,False,TRAPPIST-1e,24.0,False,0.0,0.0,53.0,652.0,0.0,True,G,1053.0,S,6485,2
Earth,False,TRAPPIST-1e,26.0,False,0.0,0.0,0.0,22.0,1030.0,False,F,1343.0,P,6487,1
Europa,False,TRAPPIST-1e,50.0,False,0.0,1663.0,336.0,1855.0,4.0,False,A,79.0,S,6488,1
Earth,True,TRAPPIST-1e,16.0,False,0.0,0.0,0.0,0.0,0.0,False,G,1049.0,P,6489,1
Europa,True,55 Cancri e,57.0,False,0.0,0.0,0.0,0.0,0.0,True,C,201.0,P,6490,1
Europa,False,55 Cancri e,29.0,False,0.0,889.0,0.0,4921.0,290.0,False,C,201.0,P,6490,2
Europa,False,55 Cancri e,27.0,False,0.0,6924.0,849.0,149.0,1166.0,True,C,201.0,P,6490,3
Unknown,False,TRAPPIST-1e,42.0,False,0.0,1972.0,0.0,108.0,5.0,True,C,201.0,P,6490,4
Earth,True,PSO J318.5-22,28.0,False,0.0,0.0,0.0,0.0,0.0,True,G,1055.0,S,6492,1
Earth,True,PSO J318.5-22,18.0,False,0.0,0.0,0.0,0.0,0.0,True,G,1050.0,P,6493,1
Mars,False,TRAPPIST-1e,38.0,False,1192.0,5.0,1864.0,4287.0,0.0,False,F,1344.0,P,6494,1
Earth,False,TRAPPIST-1e,32.0,False,1.0,0.0,0.0,1.0,785.0,False,E,413.0,P,6500,1
Earth,False,TRAPPIST-1e,21.0,False,0.0,31.0,2076.0,77.0,0.0,True,F,1240.0,S,6501,1
Earth,False,TRAPPIST-1e,6.0,False,0.0,0.0,0.0,0.0,0.0,True,G,1058.0,S,6502,1
Earth,False,TRAPPIST-1e,27.0,False,0.0,1.0,20.0,0.0,1363.0,False,F,1347.0,P,6503,1
Earth,False,PSO J318.5-22,32.0,False,397.0,0.0,7.0,182.0,5.0,False,F,1242.0,S,6508,1
Earth,False,PSO J318.5-22,23.0,False,601.0,0.0,113.0,0.0,39.0,True,F,1243.0,S,6509,1
Europa,False,TRAPPIST-1e,29.0,False,0.0,6.0,0.0,0.0,5531.0,False,D,205.0,P,6510,1
Earth,False,TRAPPIST-1e,22.0,False,151.0,6.0,26.0,0.0,533.0,False,F,1348.0,P,6511,1
Earth,True,TRAPPIST-1e,31.0,False,0.0,0.0,0.0,0.0,0.0,False,G,1055.0,P,6511,2
Earth,True,55 Cancri e,0.0,False,0.0,0.0,0.0,0.0,0.0,True,G,1055.0,P,6511,3
Europa,False,TRAPPIST-1e,2.0,False,0.0,0.0,0.0,0.0,0.0,True,A,80.0,S,6512,1
Unknown,True,TRAPPIST-1e,28.82793046746535,False,0.0,0.0,0.0,0.0,0.0,True,A,80.0,S,6512,2
Europa,False,TRAPPIST-1e,28.0,False,0.0,3527.0,1.0,2929.0,2236.0,False,A,80.0,S,6512,3
Mars,False,TRAPPIST-1e,20.0,False,57.0,0.0,1185.0,0.0,0.0,False,F,1244.0,S,6513,1
Europa,False,55 Cancri e,28.0,True,19.0,22.0,2974.0,3603.0,158.0,False,B,251.0,S,6514,1
Europa,False,TRAPPIST-1e,42.0,False,0.0,6244.0,0.0,10912.0,4.0,False,B,251.0,S,6514,2
Earth,False,PSO J318.5-22,32.0,False,388.0,0.0,0.0,439.0,0.0,False,F,1350.0,P,6517,1
Earth,False,Unknown,19.0,False,0.0,4.0,0.0,1785.0,3.0,False,G,1060.0,S,6520,1
Earth,False,55 Cancri e,20.0,False,0.0,0.0,715.0,2.0,0.0,True,F,1245.0,S,6522,1
Earth,True,PSO J318.5-22,20.0,False,0.0,0.0,0.0,0.0,0.0,True,F,1246.0,S,6523,1
Earth,False,TRAPPIST-1e,21.0,False,0.0,20.0,1540.0,80.0,512.0,False,F,1248.0,S,6525,1
Earth,True,PSO J318.5-22,32.0,False,0.0,0.0,0.0,0.0,0.0,True,G,1061.0,S,6525,2
Earth,True,TRAPPIST-1e,16.0,False,0.0,0.0,0.0,0.0,0.0,True,G,1061.0,S,6525,3
Earth,True,TRAPPIST-1e,21.0,False,0.0,0.0,0.0,0.0,0.0,True,G,1056.0,P,6526,1
Earth,False,55 Cancri e,12.0,False,0.0,0.0,0.0,0.0,0.0,False,G,1056.0,P,6526,2
Earth,True,PSO J318.5-22,21.0,False,0.0,0.0,0.0,0.0,0.0,True,G,1063.0,S,6529,1
Mars,False,TRAPPIST-1e,31.0,False,127.0,76.0,976.0,118.0,0.0,False,E,436.0,S,6530,1
Earth,True,55 Cancri e,18.0,False,0.0,0.0,0.0,0.0,0.0,True,G,1064.0,S,6531,1
Mars,False,TRAPPIST-1e,35.0,False,771.0,0.0,183.0,0.0,0.0,False,E,415.0,P,6535,1
Europa,False,TRAPPIST-1e,44.0,False,0.0,819.0,835.0,266.0,4056.0,False,C,242.0,S,6539,1
Earth,False,TRAPPIST-1e,13.0,False,0.0,671.0,0.0,8.0,0.0,True,G,1059.0,P,6540,1
Earth,False,TRAPPIST-1e,21.0,False,0.0,717.0,0.0,0.0,0.0,False,F,1356.0,P,6541,1
Europa,False,TRAPPIST-1e,37.0,False,0.0,4616.0,339.0,2008.0,175.0,True,C,243.0,S,6544,1
Earth,False,TRAPPIST-1e,28.82793046746535,False,0.0,1362.0,0.0,1267.0,0.0,True,F,1250.0,S,6545,1
Earth,False,TRAPPIST-1e,34.0,False,228.0,0.0,150.0,15.0,1.0,False,G,1060.0,P,6546,1
Mars,False,55 Cancri e,21.0,False,861.0,0.0,310.0,0.0,0.0,False,F,1358.0,P,6547,1
Earth,False,TRAPPIST-1e,38.0,False,395.0,1035.0,0.0,0.0,4.0,True,G,1065.0,S,6548,1
Mars,False,TRAPPIST-1e,31.0,False,1979.0,0.0,2.0,112.0,0.0,False,F,1251.0,S,6549,1
Mars,False,TRAPPIST-1e,61.0,False,1143.0,0.0,580.0,0.0,0.0,False,D,198.0,S,6549,2
Unknown,False,TRAPPIST-1e,20.0,False,0.0,564.0,25.0,158.0,62.0,False,G,1061.0,P,6552,1
Earth,False,PSO J318.5-22,39.0,False,0.0,0.0,0.0,0.0,744.0,False,F,1360.0,P,6553,1
Mars,True,TRAPPIST-1e,29.0,False,0.0,0.0,0.0,0.0,0.0,True,F,1362.0,P,6556,1
Mars,True,55 Cancri e,68.0,False,0.0,0.0,0.0,0.0,0.0,True,F,1362.0,P,6556,2
Europa,False,55 Cancri e,38.0,False,0.0,201.0,0.0,1308.0,4085.0,False,E,417.0,P,6557,1
Earth,False,TRAPPIST-1e,31.0,False,3.0,0.0,0.0,747.0,43.0,True,F,1363.0,P,6558,1
Earth,False,TRAPPIST-1e,41.0,False,699.0,0.0,0.0,2.0,31.0,True,F,1253.0,S,6560,1
Europa,False,TRAPPIST-1e,29.0,False,19.0,4900.0,6.0,6324.0,2056.0,False,B,253.0,S,6561,1
Unknown,False,TRAPPIST-1e,25.0,False,0.0,0.0,0.0,0.0,0.0,True,B,253.0,S,6561,2
Earth,False,TRAPPIST-1e,27.0,False,0.0,0.0,23.0,30.0,815.0,False,F,1364.0,P,6562,1
Earth,False,TRAPPIST-1e,21.0,False,0.0,0.0,845.0,4.0,470.0,True,F,1254.0,S,6563,1
Earth,False,TRAPPIST-1e,30.0,False,0.0,123.0,0.0,1.0,784.0,False,G,1067.0,S,6563,2
Mars,False,TRAPPIST-1e,40.0,False,2081.0,1.0,0.0,0.0,25.0,False,E,437.0,S,6565,1
Mars,False,TRAPPIST-1e,59.0,False,126.0,0.0,127.0,11.0,1393.0,False,F,1255.0,S,6565,2
Earth,True,TRAPPIST-1e,35.0,False,0.0,0.0,0.0,0.0,0.0,False,G,1063.0,P,6567,1
Earth,False,TRAPPIST-1e,41.0,False,18.0,0.0,35.0,0.0,845.0,False,F,1365.0,P,6567,2
Earth,False,55 Cancri e,36.0,False,695.0,0.0,0.0,0.0,0.0,False,F,1366.0,P,6568,1
Earth,True,55 Cancri e,58.0,False,0.0,0.0,0.0,0.0,0.0,True,G,1064.0,P,6569,1
Earth,False,TRAPPIST-1e,27.0,False,0.0,0.0,0.0,908.0,0.0,False,G,1068.0,S,6570,1
Earth,False,TRAPPIST-1e,24.0,False,0.0,4.0,336.0,304.0,0.0,False,F,1256.0,S,6572,1
Earth,False,TRAPPIST-1e,50.0,False,0.0,896.0,1.0,0.0,5.0,True,F,1257.0,S,6573,1
Europa,False,TRAPPIST-1e,22.0,False,0.0,335.0,0.0,818.0,3014.0,False,A,65.0,P,6574,1
Mars,True,TRAPPIST-1e,26.0,False,0.0,0.0,0.0,0.0,0.0,False,E,438.0,S,6578,1
Mars,True,TRAPPIST-1e,16.0,False,0.0,0.0,0.0,0.0,0.0,True,F,1259.0,S,6578,2
Earth,False,TRAPPIST-1e,56.0,False,0.0,605.0,0.0,179.0,0.0,False,G,1066.0,P,6580,1
Europa,False,55 Cancri e,25.0,False,0.0,1538.0,97.0,530.0,35.0,False,A,66.0,P,6582,1
Europa,False,TRAPPIST-1e,13.0,False,0.0,100.0,12253.0,6.0,80.0,True,B,254.0,S,6583,1
Europa,False,55 Cancri e,53.0,False,0.0,2606.0,0.0,1170.0,0.0,True,B,254.0,S,6583,2
Earth,True,TRAPPIST-1e,21.0,False,0.0,0.0,0.0,0.0,0.0,True,G,1071.0,S,6585,1
Earth,False,TRAPPIST-1e,18.0,False,289.0,1809.0,3.0,2.0,2.0,True,F,1260.0,S,6585,2
Earth,False,TRAPPIST-1e,38.0,False,115.0,125.0,0.0,202.0,0.0,True,G,1073.0,S,6588,1
Earth,True,TRAPPIST-1e,20.0,False,0.0,0.0,0.0,0.0,0.0,True,G,1073.0,S,6588,2
Europa,True,TRAPPIST-1e,24.0,False,0.0,0.0,0.0,0.0,0.0,False,B,217.0,P,6590,1
Europa,False,TRAPPIST-1e,56.0,False,0.0,13561.0,0.0,2.0,4088.0,True,B,217.0,P,6590,2
Earth,False,TRAPPIST-1e,47.0,False,285.0,600.0,3.0,0.0,640.0,False,F,1261.0,S,6591,1
Mars,True,TRAPPIST-1e,21.0,False,0.0,0.0,0.0,0.0,0.0,True,F,1262.0,S,6592,1
Earth,False,PSO J318.5-22,28.82793046746535,False,0.0,67.0,661.0,0.0,0.0,True,F,1370.0,P,6593,1
Earth,False,TRAPPIST-1e,26.0,False,0.0,666.0,0.0,0.0,58.0,False,F,1370.0,P,6593,2
Earth,True,55 Cancri e,34.0,False,0.0,0.0,0.0,0.0,0.0,True,G,1067.0,P,6594,1
Earth,False,TRAPPIST-1e,35.0,False,102.0,780.0,6.0,0.0,0.0,True,G,1074.0,S,6595,1
Mars,True,TRAPPIST-1e,35.0,False,0.0,0.0,0.0,0.0,0.0,True,F,1263.0,S,6598,1
Europa,True,TRAPPIST-1e,49.0,False,0.0,0.0,0.0,0.0,0.0,True,C,245.0,S,6599,1
Earth,False,TRAPPIST-1e,24.0,False,2.0,0.0,0.0,52.0,638.0,False,F,1372.0,P,6601,1
Earth,False,TRAPPIST-1e,62.0,False,94.0,267.0,2341.0,94.0,0.0,True,F,1265.0,S,6602,1
Mars,False,TRAPPIST-1e,25.0,False,68.0,0.0,3700.0,0.0,0.0,True,D,208.0,P,6603,1
Europa,True,55 Cancri e,42.0,False,0.0,0.0,0.0,0.0,0.0,True,C,205.0,P,6604,1
Earth,False,PSO J318.5-22,25.0,False,166.0,0.0,520.0,0.0,0.0,False,F,1266.0,S,6606,1
Earth,False,TRAPPIST-1e,21.0,False,588.0,0.0,17.0,0.0,1548.0,False,F,1374.0,P,6608,1
Mars,True,TRAPPIST-1e,17.0,False,0.0,0.0,0.0,0.0,0.0,False,E,420.0,P,6609,1
Earth,False,55 Cancri e,41.0,False,635.0,0.0,7.0,0.0,0.0,True,E,421.0,P,6611,1
Earth,True,TRAPPIST-1e,50.0,False,0.0,0.0,0.0,0.0,0.0,False,G,1069.0,P,6611,2
Earth,False,PSO J318.5-22,20.0,False,0.0,90.0,561.0,2.0,0.0,True,F,1375.0,P,6611,3
Earth,True,TRAPPIST-1e,15.0,False,0.0,0.0,0.0,0.0,0.0,True,G,1078.0,S,6613,1
Mars,True,TRAPPIST-1e,29.0,False,0.0,0.0,0.0,0.0,0.0,True,F,1268.0,S,6614,1
Earth,False,TRAPPIST-1e,20.0,False,2532.0,1.0,0.0,59.0,10.0,True,F,1377.0,P,6616,1
Europa,False,TRAPPIST-1e,35.0,False,345.0,4514.0,0.0,0.0,421.0,True,C,246.0,S,6618,1
Earth,False,PSO J318.5-22,22.0,False,0.0,115.0,273.0,0.0,218.0,True,G,1079.0,S,6620,1
Earth,False,55 Cancri e,43.0,False,0.0,0.0,642.0,0.0,8.0,True,F,1378.0,P,6621,1
Earth,False,55 Cancri e,54.0,False,752.0,0.0,44.0,14.0,0.0,False,G,1070.0,P,6622,1
Earth,True,TRAPPIST-1e,15.0,False,0.0,0.0,0.0,0.0,0.0,True,G,1070.0,P,6622,2
Unknown,True,55 Cancri e,38.0,False,0.0,0.0,0.0,0.0,0.0,True,B,218.0,P,6623,1
Earth,False,TRAPPIST-1e,44.0,False,1175.0,0.0,13.0,642.0,498.0,False,G,1071.0,P,6624,1
Earth,True,PSO J318.5-22,34.0,False,0.0,0.0,0.0,0.0,0.0,True,G,1072.0,P,6625,1
Earth,False,55 Cancri e,15.0,False,3.0,854.0,23.0,0.0,0.0,False,F,1379.0,P,6625,2
Earth,True,TRAPPIST-1e,24.0,False,0.0,0.0,0.0,0.0,0.0,False,G,1073.0,P,6626,1
Earth,False,TRAPPIST-1e,29.0,False,0.0,0.0,272.0,394.0,50.0,False,F,1381.0,P,6628,1
Earth,False,TRAPPIST-1e,19.0,False,0.0,1044.0,0.0,2.0,4.0,True,F,1270.0,S,6630,1
Europa,False,TRAPPIST-1e,27.0,False,0.0,1891.0,0.0,2167.0,0.0,False,C,208.0,P,6631,1
Europa,False,TRAPPIST-1e,26.0,False,0.0,0.0,0.0,0.0,0.0,True,B,255.0,S,6633,1
Europa,True,55 Cancri e,46.0,False,0.0,0.0,0.0,0.0,0.0,True,B,219.0,P,6634,1
Unknown,True,TRAPPIST-1e,64.0,False,0.0,0.0,0.0,0.0,0.0,True,F,82.0,S,6634,2
Europa,False,TRAPPIST-1e,17.0,False,0.0,1339.0,26.0,244.0,15.0,False,C,209.0,P,6635,1
Europa,False,55 Cancri e,45.0,False,0.0,313.0,1791.0,414.0,1675.0,False,C,209.0,P,6635,2
Mars,False,TRAPPIST-1e,27.0,False,1228.0,0.0,0.0,0.0,0.0,False,F,1271.0,S,6637,1
Earth,True,TRAPPIST-1e,29.0,False,0.0,0.0,0.0,0.0,0.0,False,G,1074.0,P,6638,1
Earth,True,PSO J318.5-22,18.0,False,0.0,0.0,0.0,0.0,0.0,True,G,1075.0,P,6639,1
Europa,True,TRAPPIST-1e,26.0,False,0.0,0.0,0.0,0.0,0.0,True,C,247.0,S,6641,1
Europa,True,55 Cancri e,39.0,False,0.0,0.0,0.0,0.0,0.0,True,C,247.0,S,6641,2
Earth,True,TRAPPIST-1e,59.0,False,0.0,0.0,0.0,0.0,0.0,True,G,1081.0,S,6642,1
Earth,False,TRAPPIST-1e,20.0,False,0.0,6.0,24.0,0.0,672.0,False,F,1272.0,S,6643,1
Earth,True,55 Cancri e,17.0,False,0.0,0.0,0.0,0.0,0.0,True,G,1083.0,S,6645,1
Earth,True,TRAPPIST-1e,47.0,False,0.0,0.0,0.0,0.0,0.0,True,G,1084.0,S,6646,1
Earth,False,PSO J318.5-22,29.0,False,2.0,3.0,1501.0,26.0,0.0,True,F,1273.0,S,6647,1
Earth,False,TRAPPIST-1e,16.0,False,0.0,0.0,265.0,0.0,0.0,False,F,1274.0,S,6649,1
Earth,False,TRAPPIST-1e,48.0,False,12.0,0.0,0.0,0.0,796.0,False,G,1077.0,P,6650,1
Earth,False,PSO J318.5-22,39.0,False,0.0,69.0,29.0,424.0,18.0,False,F,82.0,S,6652,1
Earth,True,55 Cancri e,28.0,False,0.0,0.0,0.0,0.0,0.0,True,G,1086.0,S,6654,1
Earth,True,55 Cancri e,12.0,False,0.0,0.0,0.0,0.0,0.0,True,G,1086.0,S,6654,2
Earth,True,TRAPPIST-1e,24.0,False,0.0,0.0,0.0,0.0,0.0,True,G,1086.0,S,6654,3
Mars,True,TRAPPIST-1e,30.0,False,0.0,0.0,0.0,0.0,0.0,True,E,422.0,P,6655,1
Europa,True,TRAPPIST-1e,34.0,False,0.0,0.0,0.0,0.0,0.0,True,B,221.0,P,6656,1
Mars,False,TRAPPIST-1e,37.0,False,0.0,0.0,0.0,0.0,0.0,True,F,1383.0,P,6659,1
Earth,False,TRAPPIST-1e,47.0,False,590.0,0.0,47.0,3.0,53.0,False,F,1384.0,P,6660,1
Earth,False,TRAPPIST-1e,0.0,False,0.0,0.0,0.0,0.0,0.0,False,G,1087.0,S,6662,1
Earth,False,TRAPPIST-1e,23.0,False,0.0,0.0,0.0,0.0,0.0,True,G,1087.0,S,6662,2
Earth,True,55 Cancri e,0.0,False,0.0,0.0,0.0,0.0,0.0,True,G,1087.0,S,6662,3
Earth,False,TRAPPIST-1e,20.0,False,402.0,25.0,9.0,373.0,0.0,False,G,1079.0,P,6663,1
Earth,False,TRAPPIST-1e,35.0,False,90.0,0.0,655.0,43.0,16.0,False,F,1385.0,P,6663,2
Earth,False,TRAPPIST-1e,18.0,False,0.0,0.0,827.0,0.0,0.0,True,G,1088.0,S,6664,1
Europa,True,55 Cancri e,17.0,False,0.0,0.0,0.0,0.0,0.0,True,B,222.0,P,6665,1
Europa,False,TRAPPIST-1e,18.0,False,4.0,1337.0,0.0,0.0,182.0,False,B,222.0,P,6665,2
Europa,False,TRAPPIST-1e,53.0,False,0.0,0.0,0.0,0.0,0.0,True,B,222.0,P,6665,3
Europa,False,55 Cancri e,35.0,False,0.0,2504.0,0.0,0.0,5496.0,False,B,222.0,P,6665,4
Europa,True,TRAPPIST-1e,48.0,False,0.0,0.0,0.0,0.0,0.0,True,C,248.0,S,6667,1
Earth,False,TRAPPIST-1e,68.0,False,0.0,0.0,649.0,0.0,239.0,True,G,1089.0,S,6668,1
Earth,False,TRAPPIST-1e,27.0,False,17.0,65.0,74.0,1548.0,18.0,False,G,1089.0,S,6668,2
Earth,False,55 Cancri e,28.0,False,32.0,0.0,304.0,291.0,2.0,True,E,423.0,P,6669,1
Earth,False,TRAPPIST-1e,37.0,False,864.0,35.0,0.0,0.0,0.0,False,F,1278.0,S,6670,1
Mars,True,TRAPPIST-1e,35.0,False,0.0,0.0,0.0,0.0,0.0,True,F,1279.0,S,6671,1
Mars,False,TRAPPIST-1e,31.0,False,1002.0,0.0,0.0,0.0,0.0,True,F,1279.0,S,6671,2
Mars,False,55 Cancri e,14.0,False,1880.0,0.0,15.0,0.0,0.0,False,E,440.0,S,6671,3
Mars,False,TRAPPIST-1e,1.0,False,0.0,0.0,0.0,0.0,0.0,True,F,1387.0,P,6672,1
Mars,False,55 Cancri e,4.0,False,0.0,0.0,0.0,0.0,0.0,True,F,1387.0,P,6672,2
Mars,False,PSO J318.5-22,30.0,False,77.0,71.0,1147.0,0.0,0.0,False,E,424.0,P,6672,3
Mars,True,TRAPPIST-1e,11.0,False,0.0,0.0,0.0,0.0,0.0,True,F,1387.0,P,6672,4
Earth,False,TRAPPIST-1e,45.0,False,1595.0,0.0,0.0,0.0,13.0,False,E,425.0,P,6673,1
Europa,False,TRAPPIST-1e,29.0,False,0.0,841.0,0.0,1733.0,11.0,False,E,426.0,P,6674,1
Europa,True,TRAPPIST-1e,32.0,False,0.0,0.0,0.0,0.0,0.0,True,E,426.0,P,6674,2
Europa,False,55 Cancri e,15.0,False,0.0,0.0,0.0,0.0,0.0,True,E,426.0,P,6674,3
Europa,True,TRAPPIST-1e,25.0,False,0.0,0.0,0.0,0.0,0.0,True,E,426.0,P,6674,4
Europa,False,TRAPPIST-1e,25.0,False,0.0,4.0,0.0,1525.0,475.0,False,E,426.0,P,6674,5
Earth,False,TRAPPIST-1e,60.0,False,707.0,24.0,0.0,0.0,170.0,False,F,1388.0,P,6675,1
Earth,False,PSO J318.5-22,24.0,False,61.0,0.0,0.0,0.0,1495.0,False,E,427.0,P,6675,2
Europa,True,TRAPPIST-1e,35.0,False,0.0,0.0,0.0,0.0,0.0,True,D,200.0,S,6676,1
Earth,False,TRAPPIST-1e,36.0,False,0.0,361.0,512.0,34.0,0.0,True,G,1082.0,P,6680,1
Earth,False,55 Cancri e,22.0,False,0.0,833.0,381.0,0.0,12.0,True,F,1280.0,S,6681,1
Earth,True,PSO J318.5-22,32.0,False,0.0,0.0,0.0,0.0,0.0,True,G,1083.0,P,6683,1
Europa,False,TRAPPIST-1e,57.0,False,0.0,218.0,0.0,8522.0,0.0,False,C,210.0,P,6684,1
Europa,False,TRAPPIST-1e,30.0,False,0.0,0.0,335.0,143.0,764.0,True,C,210.0,P,6684,2
Europa,False,TRAPPIST-1e,46.0,False,0.0,370.0,0.0,2395.0,1638.0,False,C,210.0,P,6684,3
Earth,False,TRAPPIST-1e,28.0,False,62.0,202.0,542.0,0.0,0.0,True,F,1390.0,P,6691,1
Europa,True,55 Cancri e,26.0,False,0.0,0.0,0.0,0.0,0.0,True,B,256.0,S,6692,1
Earth,False,TRAPPIST-1e,55.0,False,0.0,0.0,719.0,274.0,0.0,False,E,428.0,P,6693,1
Earth,True,TRAPPIST-1e,66.0,False,0.0,0.0,0.0,0.0,0.0,True,G,1084.0,P,6694,1
Earth,False,Unknown,20.0,False,0.0,1.0,34.0,0.0,774.0,False,G,1085.0,P,6697,1
Earth,False,PSO J318.5-22,31.0,False,239.0,321.0,0.0,0.0,124.0,False,F,1393.0,P,6698,1
Mars,False,TRAPPIST-1e,13.0,False,0.0,0.0,0.0,0.0,0.0,False,E,429.0,P,6699,1
Earth,True,TRAPPIST-1e,50.0,False,0.0,0.0,0.0,0.0,0.0,True,G,1087.0,P,6702,1
Europa,True,TRAPPIST-1e,21.0,False,0.0,0.0,0.0,0.0,0.0,True,B,224.0,P,6706,1
Europa,True,TRAPPIST-1e,25.0,False,0.0,0.0,0.0,0.0,0.0,True,B,224.0,P,6706,2
Earth,True,TRAPPIST-1e,46.0,False,0.0,0.0,0.0,0.0,0.0,True,G,1091.0,S,6707,1
Europa,False,TRAPPIST-1e,0.0,False,0.0,0.0,0.0,0.0,0.0,True,A,67.0,P,6708,1
Europa,False,TRAPPIST-1e,2.0,False,0.0,0.0,0.0,0.0,0.0,True,A,67.0,P,6708,2
Europa,False,TRAPPIST-1e,36.0,False,994.0,526.0,0.0,7.0,1279.0,False,A,67.0,P,6708,3
Europa,True,55 Cancri e,19.0,False,0.0,0.0,0.0,0.0,0.0,True,A,67.0,P,6708,4
Europa,True,55 Cancri e,35.0,False,0.0,0.0,0.0,0.0,0.0,True,A,67.0,P,6708,5
Europa,True,55 Cancri e,41.0,True,0.0,0.0,0.0,0.0,0.0,True,A,67.0,P,6708,6
Earth,True,TRAPPIST-1e,22.0,False,0.0,0.0,0.0,0.0,0.0,True,G,1092.0,S,6709,1
Mars,False,TRAPPIST-1e,25.0,True,0.0,280.0,714.0,0.0,0.0,False,D,210.0,P,6711,1
Earth,False,55 Cancri e,24.0,False,700.0,0.0,0.0,0.0,0.0,False,F,1395.0,P,6713,1
Earth,False,TRAPPIST-1e,37.0,False,18.0,238.0,0.0,528.0,0.0,False,G,1088.0,P,6718,1
Earth,True,TRAPPIST-1e,5.0,False,0.0,0.0,0.0,0.0,0.0,False,G,1088.0,P,6718,2
Earth,True,TRAPPIST-1e,28.82793046746535,False,0.0,0.0,0.0,0.0,0.0,True,G,1088.0,P,6718,3
Mars,True,TRAPPIST-1e,41.0,False,0.0,0.0,0.0,0.0,0.0,True,F,1396.0,P,6719,1
Europa,False,TRAPPIST-1e,44.0,False,0.0,0.0,0.0,0.0,0.0,True,A,81.0,S,6720,1
Earth,False,TRAPPIST-1e,23.0,False,0.0,0.0,0.0,0.0,0.0,True,G,1095.0,S,6721,1
Europa,True,55 Cancri e,28.0,False,0.0,0.0,0.0,0.0,0.0,True,E,445.0,S,6722,1
Europa,False,55 Cancri e,27.0,False,0.0,33.0,9.0,1847.0,2035.0,False,E,445.0,S,6722,2
Europa,True,55 Cancri e,40.0,False,0.0,0.0,0.0,0.0,0.0,True,E,445.0,S,6722,3
Europa,True,55 Cancri e,27.0,False,0.0,0.0,0.0,0.0,0.0,True,C,213.0,P,6724,1
Europa,True,55 Cancri e,17.0,False,0.0,0.0,0.0,0.0,0.0,True,C,213.0,P,6724,2
Europa,False,TRAPPIST-1e,32.0,False,0.0,390.0,60.0,5015.0,211.0,False,C,214.0,P,6725,1
Earth,False,TRAPPIST-1e,29.0,False,68.0,74.0,713.0,37.0,15.0,True,G,1089.0,P,6726,1
Earth,False,TRAPPIST-1e,29.0,False,0.0,316.0,0.0,0.0,338.0,True,G,1090.0,P,6727,1
Europa,False,TRAPPIST-1e,41.0,False,0.0,371.0,0.0,1701.0,21.0,False,A,82.0,S,6729,1
Europa,True,55 Cancri e,48.0,False,0.0,0.0,0.0,0.0,0.0,True,A,82.0,S,6729,2
Europa,False,TRAPPIST-1e,27.0,False,2664.0,15.0,0.0,109.0,2.0,False,A,82.0,S,6729,3
Earth,False,TRAPPIST-1e,14.0,False,0.0,6.0,791.0,49.0,0.0,True,G,1096.0,S,6730,1
Earth,False,TRAPPIST-1e,32.0,False,3135.0,2.0,0.0,0.0,0.0,False,F,1397.0,P,6731,1
Europa,False,55 Cancri e,47.0,False,0.0,2699.0,0.0,671.0,8.0,True,C,249.0,S,6734,1
Europa,True,55 Cancri e,14.0,False,0.0,0.0,0.0,0.0,0.0,True,C,249.0,S,6734,2
Europa,True,55 Cancri e,37.0,True,0.0,0.0,0.0,0.0,0.0,True,C,249.0,S,6734,3
Europa,True,55 Cancri e,33.0,False,0.0,0.0,0.0,0.0,0.0,True,C,249.0,S,6734,4
Mars,False,Unknown,33.0,False,1373.0,0.0,23.0,920.0,6.0,True,D,203.0,S,6736,1
Earth,False,TRAPPIST-1e,44.0,False,0.0,714.0,174.0,0.0,0.0,True,G,1097.0,S,6739,1
Earth,False,TRAPPIST-1e,37.0,False,0.0,1190.0,4.0,455.0,71.0,True,G,1098.0,S,6741,1
Earth,False,PSO J318.5-22,18.0,False,103.0,0.0,181.0,1611.0,22.0,False,F,1286.0,S,6741,2
Earth,False,TRAPPIST-1e,33.0,False,1288.0,2.0,0.0,0.0,1.0,True,F,1287.0,S,6742,1
Mars,False,TRAPPIST-1e,21.0,False,1244.0,0.0,1119.0,0.0,3.0,False,F,1399.0,P,6744,1
Mars,False,TRAPPIST-1e,38.0,False,1717.0,16.0,39.0,0.0,48.0,False,F,1399.0,P,6744,2
Mars,False,55 Cancri e,16.0,False,1337.0,0.0,2614.0,0.0,0.0,False,D,212.0,P,6744,3
Mars,True,TRAPPIST-1e,58.0,False,0.0,0.0,0.0,0.0,0.0,False,E,431.0,P,6744,4
Mars,False,TRAPPIST-1e,41.0,False,1203.0,756.0,140.0,0.0,0.0,False,E,431.0,P,6744,5
Earth,False,PSO J318.5-22,28.0,False,545.0,0.0,501.0,0.0,0.0,False,F,1400.0,P,6745,1
Earth,True,TRAPPIST-1e,28.0,False,0.0,0.0,0.0,0.0,0.0,True,G,1092.0,P,6746,1
Europa,True,TRAPPIST-1e,31.0,False,0.0,0.0,0.0,0.0,0.0,True,C,215.0,P,6747,1
Mars,True,TRAPPIST-1e,27.0,False,0.0,0.0,0.0,0.0,0.0,True,F,1289.0,S,6748,1
Mars,False,TRAPPIST-1e,7.0,False,0.0,0.0,0.0,0.0,0.0,True,F,1289.0,S,6748,2
Mars,False,TRAPPIST-1e,25.0,False,1610.0,29.0,6.0,0.0,0.0,False,F,1289.0,S,6748,3
Mars,False,TRAPPIST-1e,34.0,False,470.0,0.0,0.0,45.0,539.0,False,D,205.0,S,6748,4
Earth,False,TRAPPIST-1e,21.0,False,0.0,13.0,813.0,0.0,0.0,True,G,1093.0,P,6749,1
Earth,False,TRAPPIST-1e,29.0,False,0.0,95.0,424.0,1.0,364.0,False,G,1094.0,P,6750,1
Mars,True,TRAPPIST-1e,23.0,False,0.0,0.0,0.0,0.0,0.0,True,F,1290.0,S,6751,1
Mars,True,TRAPPIST-1e,31.0,False,0.0,0.0,0.0,0.0,0.0,False,E,446.0,S,6751,2
Europa,True,TRAPPIST-1e,50.0,False,0.0,0.0,0.0,0.0,0.0,True,B,226.0,P,6753,1
Europa,False,TRAPPIST-1e,25.0,False,0.0,0.0,0.0,0.0,0.0,False,B,226.0,P,6753,2
Europa,False,TRAPPIST-1e,25.0,True,0.0,4209.0,0.0,2.0,896.0,True,C,250.0,S,6754,1
Earth,False,TRAPPIST-1e,23.0,False,0.0,0.0,12.0,726.0,19.0,False,F,1402.0,P,6756,1
Earth,False,PSO J318.5-22,46.0,False,0.0,0.0,743.0,4.0,6.0,True,G,1095.0,P,6756,2
Earth,False,TRAPPIST-1e,0.0,False,0.0,0.0,0.0,0.0,0.0,True,G,1095.0,P,6756,3
Mars,False,TRAPPIST-1e,53.0,False,1964.0,0.0,635.0,0.0,0.0,False,F,1292.0,S,6757,1
Earth,False,55 Cancri e,25.0,False,76.0,600.0,0.0,0.0,25.0,False,F,1403.0,P,6758,1
Mars,False,PSO J318.5-22,30.0,False,51.0,0.0,1373.0,0.0,5.0,True,F,1404.0,P,6760,1
Mars,True,TRAPPIST-1e,18.0,False,0.0,0.0,0.0,0.0,0.0,True,F,1405.0,P,6761,1
Mars,False,TRAPPIST-1e,20.0,False,0.0,0.0,0.0,0.0,0.0,False,E,432.0,P,6761,2
Earth,False,55 Cancri e,54.0,False,0.0,704.0,0.0,0.0,0.0,False,F,1293.0,S,6762,1
Earth,False,TRAPPIST-1e,20.0,False,0.0,97.0,725.0,26.0,104.0,True,G,1097.0,P,6763,1
Mars,False,TRAPPIST-1e,32.0,False,2937.0,60.0,696.0,0.0,0.0,False,F,1294.0,S,6764,1
Mars,False,TRAPPIST-1e,31.0,False,76.0,0.0,2398.0,102.0,23.0,True,F,1294.0,S,6764,2
Mars,True,TRAPPIST-1e,55.0,False,0.0,0.0,0.0,0.0,0.0,True,F,1295.0,S,6765,1
Earth,False,PSO J318.5-22,16.0,False,399.0,0.0,3.0,0.0,137.0,False,G,1098.0,P,6766,1
Earth,True,TRAPPIST-1e,0.0,False,0.0,0.0,0.0,0.0,0.0,True,G,1098.0,P,6766,2
Earth,True,TRAPPIST-1e,3.0,False,0.0,0.0,0.0,0.0,0.0,True,G,1098.0,P,6766,3
Earth,False,TRAPPIST-1e,33.0,False,47.0,0.0,0.0,0.0,3047.0,False,F,1407.0,P,6773,1
Earth,True,TRAPPIST-1e,45.0,False,0.0,0.0,0.0,0.0,0.0,True,G,1100.0,P,6774,1
Earth,True,TRAPPIST-1e,6.0,False,0.0,0.0,0.0,0.0,0.0,False,G,1100.0,P,6774,2
Earth,False,TRAPPIST-1e,33.0,False,0.0,0.0,704.0,0.0,0.0,False,F,1408.0,P,6774,3
Earth,True,55 Cancri e,14.0,False,0.0,0.0,0.0,0.0,0.0,True,G,1101.0,S,6775,1
Earth,False,55 Cancri e,24.0,False,1.0,0.0,0.0,691.0,0.0,False,F,1409.0,P,6776,1
Earth,False,TRAPPIST-1e,47.0,False,0.0,758.0,0.0,0.0,1417.0,False,F,1299.0,S,6778,1
Europa,False,TRAPPIST-1e,37.0,False,0.0,7920.0,270.0,1.0,322.0,True,B,258.0,S,6779,1
Europa,True,55 Cancri e,14.0,False,0.0,0.0,0.0,0.0,0.0,True,B,258.0,S,6779,2
Europa,True,TRAPPIST-1e,44.0,False,0.0,0.0,0.0,0.0,0.0,True,B,258.0,S,6779,3
Europa,False,TRAPPIST-1e,11.0,False,0.0,0.0,0.0,0.0,0.0,True,B,258.0,S,6779,4
Europa,True,55 Cancri e,15.0,False,0.0,0.0,0.0,0.0,0.0,True,C,251.0,S,6780,1
Europa,False,TRAPPIST-1e,39.0,False,2167.0,30.0,1472.0,0.0,0.0,True,C,251.0,S,6780,2
Earth,False,PSO J318.5-22,15.0,False,0.0,0.0,533.0,72.0,0.0,False,F,1300.0,S,6782,1
Earth,False,55 Cancri e,60.0,False,0.0,0.0,0.0,8.0,698.0,False,G,1102.0,S,6784,1
Earth,False,TRAPPIST-1e,49.0,False,0.0,366.0,0.0,0.0,401.0,True,G,1102.0,S,6784,2
Earth,False,PSO J318.5-22,23.0,False,8.0,173.0,0.0,1052.0,0.0,False,F,1410.0,P,6786,1
Earth,False,TRAPPIST-1e,9.0,False,0.0,0.0,0.0,0.0,0.0,True,F,1411.0,P,6787,1
Earth,False,TRAPPIST-1e,0.0,False,0.0,0.0,0.0,0.0,0.0,False,F,1411.0,P,6787,2
Earth,False,TRAPPIST-1e,17.0,False,108.0,4.0,1898.0,13.0,0.0,False,F,1411.0,P,6787,3
Earth,True,PSO J318.5-22,42.0,False,0.0,0.0,0.0,0.0,0.0,True,F,1411.0,P,6787,4
Earth,True,TRAPPIST-1e,16.0,False,0.0,0.0,0.0,0.0,0.0,True,F,1411.0,P,6787,5
Earth,False,55 Cancri e,0.0,False,0.0,0.0,0.0,0.0,0.0,True,F,1411.0,P,6787,6
Earth,False,TRAPPIST-1e,26.0,False,113.0,38.0,0.0,0.0,630.0,False,F,1411.0,P,6787,7
Earth,False,TRAPPIST-1e,56.0,False,2.0,736.0,0.0,71.0,0.0,False,G,1103.0,P,6788,1
Mars,False,55 Cancri e,26.0,False,866.0,0.0,0.0,0.0,0.0,True,D,213.0,P,6789,1
Mars,False,TRAPPIST-1e,41.0,False,145.0,0.0,2383.0,30.0,40.0,True,F,1412.0,P,6792,1
Mars,False,TRAPPIST-1e,27.0,False,20.0,0.0,1000.0,36.0,0.0,True,D,206.0,S,6794,1
Earth,False,TRAPPIST-1e,31.0,False,470.0,0.0,0.0,182.0,52.0,False,G,1104.0,P,6796,1
Earth,False,TRAPPIST-1e,40.0,False,3.0,0.0,61.0,0.0,742.0,True,F,1414.0,P,6798,1
Europa,True,55 Cancri e,40.0,False,0.0,0.0,0.0,0.0,0.0,True,C,252.0,S,6799,1
Earth,True,TRAPPIST-1e,15.0,False,0.0,0.0,0.0,0.0,0.0,True,G,1105.0,P,6800,1
Europa,False,TRAPPIST-1e,50.0,True,0.0,7293.0,136.0,97.0,440.0,True,B,259.0,S,6801,1
Europa,False,55 Cancri e,42.0,False,1751.0,516.0,0.0,12.0,672.0,False,A,68.0,P,6802,1
Europa,False,TRAPPIST-1e,50.0,False,52.0,996.0,0.0,700.0,1.0,False,E,449.0,S,6805,1
Earth,False,TRAPPIST-1e,39.0,False,14.0,583.0,310.0,0.0,0.0,True,G,1104.0,S,6806,1
Earth,False,TRAPPIST-1e,27.0,False,0.0,0.0,192.0,38.0,599.0,False,F,1416.0,P,6808,1
Mars,True,TRAPPIST-1e,20.0,False,0.0,0.0,0.0,0.0,0.0,True,E,450.0,S,6810,1
Mars,False,TRAPPIST-1e,30.0,False,768.0,11.0,2010.0,0.0,0.0,True,E,450.0,S,6810,2
Mars,True,TRAPPIST-1e,16.0,False,0.0,0.0,0.0,0.0,0.0,True,F,82.0,S,6810,3
Unknown,True,TRAPPIST-1e,36.0,False,0.0,0.0,0.0,0.0,0.0,True,E,450.0,S,6810,4
Mars,True,55 Cancri e,68.0,False,0.0,0.0,0.0,0.0,0.0,True,E,450.0,S,6810,5
Earth,False,55 Cancri e,22.0,False,38.0,19.0,348.0,217.0,115.0,False,F,1417.0,P,6813,1
Mars,False,55 Cancri e,36.0,False,1339.0,6.0,7810.0,0.0,0.0,True,E,451.0,S,6814,1
Earth,True,55 Cancri e,3.0,False,0.0,0.0,0.0,0.0,0.0,False,G,1108.0,P,6816,1
Earth,False,TRAPPIST-1e,28.0,False,944.0,0.0,0.0,0.0,75.0,False,G,1108.0,P,6816,2
Earth,True,PSO J318.5-22,32.0,False,0.0,0.0,0.0,0.0,0.0,True,G,1108.0,P,6816,3
Earth,False,TRAPPIST-1e,10.0,False,0.0,0.0,0.0,0.0,0.0,True,G,1108.0,P,6816,4
Earth,True,55 Cancri e,0.0,False,0.0,0.0,0.0,0.0,0.0,False,G,1108.0,P,6816,5
Earth,True,TRAPPIST-1e,9.0,False,0.0,0.0,0.0,0.0,0.0,True,G,1108.0,P,6816,6
Earth,False,TRAPPIST-1e,37.0,False,21.0,54.0,5.0,178.0,431.0,False,F,1304.0,S,6817,1
Earth,False,TRAPPIST-1e,31.0,False,32.0,2667.0,0.0,0.0,9.0,True,F,1418.0,P,6818,1
Earth,False,TRAPPIST-1e,31.0,False,0.0,0.0,0.0,1490.0,0.0,False,F,1419.0,P,6820,1
Earth,False,TRAPPIST-1e,43.0,False,142.0,1208.0,0.0,0.0,204.0,False,F,1420.0,P,6821,1
Earth,False,TRAPPIST-1e,15.0,False,0.0,532.0,29.0,0.0,163.0,False,F,1305.0,S,6822,1
Earth,False,TRAPPIST-1e,58.0,False,0.0,0.0,0.0,444.0,0.0,True,G,1108.0,S,6824,1
Mars,True,Unknown,30.0,False,0.0,0.0,0.0,0.0,0.0,True,F,1306.0,S,6825,1
Mars,False,TRAPPIST-1e,24.0,False,3481.0,0.0,1236.0,2.0,256.0,False,F,1306.0,S,6825,2
Earth,False,TRAPPIST-1e,49.0,False,0.0,69.0,92.0,1600.0,15.0,False,G,1109.0,S,6826,1
Europa,False,55 Cancri e,73.0,False,181.0,1.0,840.0,2618.0,1949.0,False,A,84.0,S,6827,1
Europa,True,TRAPPIST-1e,14.0,False,0.0,0.0,0.0,0.0,0.0,True,A,84.0,S,6827,2
Europa,True,TRAPPIST-1e,50.0,False,0.0,0.0,0.0,0.0,0.0,True,A,84.0,S,6827,3
Europa,False,TRAPPIST-1e,12.0,False,0.0,0.0,0.0,0.0,0.0,True,A,84.0,S,6827,4
Earth,True,TRAPPIST-1e,2.0,False,0.0,0.0,0.0,0.0,0.0,True,G,1109.0,P,6829,1
Earth,False,TRAPPIST-1e,49.0,False,355.0,449.0,8.0,0.0,0.0,False,G,1109.0,P,6829,2
Earth,True,TRAPPIST-1e,32.0,False,0.0,0.0,0.0,0.0,0.0,False,G,1109.0,P,6829,3
Earth,True,TRAPPIST-1e,28.82793046746535,False,0.0,0.0,0.0,0.0,0.0,False,G,1111.0,P,6831,1
Mars,True,TRAPPIST-1e,33.0,False,0.0,0.0,0.0,0.0,0.0,True,F,1421.0,P,6832,1
Earth,False,Unknown,23.0,False,7.0,0.0,0.0,716.0,800.0,True,E,452.0,S,6833,1
Earth,True,TRAPPIST-1e,23.0,False,0.0,0.0,0.0,0.0,0.0,True,G,1111.0,S,6834,1
Mars,True,TRAPPIST-1e,43.0,False,0.0,0.0,0.0,0.0,0.0,True,E,435.0,P,6837,1
Earth,False,TRAPPIST-1e,36.0,False,1912.0,0.0,0.0,2.0,0.0,False,F,1307.0,S,6839,1
Mars,True,TRAPPIST-1e,26.0,False,0.0,0.0,0.0,0.0,0.0,True,F,1422.0,P,6840,1
Mars,True,55 Cancri e,29.0,False,0.0,0.0,0.0,0.0,0.0,True,E,454.0,S,6841,1
Europa,True,TRAPPIST-1e,21.0,False,0.0,0.0,0.0,0.0,0.0,True,B,260.0,S,6843,1
Europa,True,55 Cancri e,30.0,False,0.0,0.0,0.0,0.0,0.0,True,B,260.0,S,6843,2
Mars,False,55 Cancri e,23.0,False,71.0,0.0,1376.0,0.0,890.0,False,E,455.0,S,6844,1
Europa,True,TRAPPIST-1e,13.0,False,0.0,0.0,0.0,0.0,0.0,True,D,214.0,P,6848,1
Earth,False,TRAPPIST-1e,22.0,False,735.0,138.0,0.0,0.0,0.0,False,F,1424.0,P,6850,1
Earth,True,PSO J318.5-22,25.0,False,0.0,0.0,0.0,0.0,0.0,False,G,1113.0,P,6850,2
Earth,False,TRAPPIST-1e,52.0,False,2.0,46.0,800.0,0.0,773.0,False,E,436.0,P,6850,3
Earth,False,TRAPPIST-1e,22.0,False,0.0,752.0,18.0,0.0,18.0,True,E,456.0,S,6851,1
Europa,False,55 Cancri e,31.0,False,0.0,1604.0,4058.0,4094.0,124.0,False,C,218.0,P,6853,1
Mars,False,TRAPPIST-1e,23.0,False,3211.0,4.0,243.0,0.0,0.0,False,E,437.0,P,6854,1
Earth,False,PSO J318.5-22,35.0,False,22.0,0.0,1179.0,0.0,33.0,False,F,1310.0,S,6857,1
Europa,True,TRAPPIST-1e,26.0,False,0.0,0.0,0.0,0.0,0.0,True,B,229.0,P,6858,1
Europa,True,TRAPPIST-1e,14.0,False,0.0,0.0,0.0,0.0,0.0,True,B,229.0,P,6858,2
Europa,False,55 Cancri e,39.0,False,0.0,60.0,0.0,310.0,4674.0,False,B,229.0,P,6858,3
Europa,False,Unknown,8.0,False,0.0,0.0,0.0,0.0,0.0,True,B,229.0,P,6858,4
Earth,True,PSO J318.5-22,29.0,False,0.0,0.0,0.0,0.0,0.0,True,G,1113.0,S,6859,1
Earth,True,PSO J318.5-22,15.0,False,0.0,0.0,0.0,0.0,0.0,True,G,1114.0,S,6861,1
Earth,True,TRAPPIST-1e,48.0,False,0.0,0.0,0.0,0.0,0.0,True,G,1115.0,S,6862,1
Earth,False,TRAPPIST-1e,9.0,False,0.0,0.0,0.0,0.0,0.0,False,G,1115.0,S,6862,2
Earth,False,TRAPPIST-1e,25.0,False,0.0,10.0,909.0,0.0,17.0,False,F,1311.0,S,6863,1
Europa,True,TRAPPIST-1e,13.0,False,0.0,0.0,0.0,0.0,0.0,True,A,71.0,P,6864,1
Europa,True,55 Cancri e,25.0,False,0.0,0.0,0.0,0.0,0.0,True,A,71.0,P,6864,2
Europa,False,TRAPPIST-1e,27.0,False,69.0,2878.0,0.0,4232.0,3798.0,False,D,208.0,S,6865,1
Europa,True,TRAPPIST-1e,32.0,False,0.0,0.0,0.0,0.0,0.0,True,D,208.0,S,6865,2
Europa,False,55 Cancri e,20.0,False,0.0,17958.0,99.0,14.0,57.0,True,C,253.0,S,6866,1
Europa,False,55 Cancri e,40.0,False,6103.0,7570.0,860.0,13117.0,192.0,False,C,253.0,S,6866,2
Earth,False,TRAPPIST-1e,18.0,False,0.0,18.0,73.0,2134.0,25.0,False,F,1427.0,P,6868,1
Earth,False,TRAPPIST-1e,21.0,False,0.0,0.0,901.0,3.0,0.0,False,F,1428.0,P,6869,1
Earth,False,TRAPPIST-1e,38.0,False,190.0,1.0,616.0,0.0,0.0,True,G,1116.0,S,6871,1
Europa,False,55 Cancri e,62.0,False,362.0,1049.0,46.0,104.0,829.0,True,A,72.0,P,6873,1
Earth,True,TRAPPIST-1e,23.0,False,0.0,0.0,0.0,0.0,0.0,True,G,1119.0,S,6879,1
Mars,False,TRAPPIST-1e,48.0,True,2191.0,0.0,172.0,1.0,0.0,False,F,1315.0,S,6880,1
Mars,True,TRAPPIST-1e,27.0,False,0.0,0.0,0.0,0.0,0.0,False,E,457.0,S,6880,2
Mars,True,55 Cancri e,32.0,False,0.0,0.0,0.0,0.0,0.0,True,F,1430.0,P,6882,1
Mars,False,TRAPPIST-1e,53.0,False,0.0,0.0,0.0,0.0,0.0,False,E,438.0,P,6882,2
Earth,False,TRAPPIST-1e,26.0,False,0.0,0.0,1.0,0.0,398.0,True,G,1120.0,S,6883,1
Mars,True,TRAPPIST-1e,46.0,False,0.0,0.0,0.0,0.0,0.0,True,F,1316.0,S,6885,1
Earth,False,TRAPPIST-1e,32.0,False,0.0,326.0,31.0,5.0,545.0,False,G,1122.0,S,6887,1
Earth,False,Unknown,40.0,False,862.0,0.0,0.0,0.0,59.0,False,F,1317.0,S,6889,1
Mars,False,TRAPPIST-1e,27.0,False,725.0,0.0,1660.0,0.0,0.0,True,D,215.0,P,6891,1
Earth,False,TRAPPIST-1e,28.0,False,0.0,669.0,0.0,1.0,2.0,True,F,1318.0,S,6892,1
Europa,True,TRAPPIST-1e,29.0,False,0.0,0.0,0.0,0.0,0.0,True,B,261.0,S,6893,1
Mars,True,TRAPPIST-1e,37.0,False,0.0,0.0,0.0,0.0,0.0,True,F,1319.0,S,6894,1
Mars,False,TRAPPIST-1e,0.0,False,0.0,0.0,0.0,0.0,0.0,True,F,1319.0,S,6894,2
Mars,False,TRAPPIST-1e,12.0,False,0.0,0.0,0.0,0.0,0.0,True,F,1319.0,S,6894,3
Europa,False,TRAPPIST-1e,25.0,False,0.0,4612.0,0.0,2585.0,1919.0,False,C,220.0,P,6895,1
Mars,False,TRAPPIST-1e,28.82793046746535,False,473.0,0.0,575.0,0.0,0.0,False,E,459.0,S,6896,1
Mars,False,TRAPPIST-1e,3.0,False,0.0,0.0,0.0,0.0,0.0,True,F,1320.0,S,6896,2
Mars,False,TRAPPIST-1e,9.0,False,0.0,0.0,0.0,0.0,0.0,True,F,1320.0,S,6896,3
Europa,False,55 Cancri e,27.0,False,146.0,3786.0,490.0,0.0,18.0,True,F,82.0,S,6898,1
Europa,False,TRAPPIST-1e,59.0,False,0.0,0.0,0.0,0.0,0.0,True,A,73.0,P,6899,1
Europa,False,TRAPPIST-1e,24.0,False,0.0,0.0,0.0,0.0,0.0,False,A,73.0,P,6899,2
Earth,True,TRAPPIST-1e,16.0,False,0.0,0.0,0.0,0.0,0.0,True,G,1123.0,S,6900,1
Mars,False,TRAPPIST-1e,16.0,False,501.0,974.0,1164.0,0.0,0.0,False,F,1321.0,S,6901,1
Europa,True,TRAPPIST-1e,46.0,False,0.0,0.0,0.0,0.0,0.0,True,D,217.0,P,6902,1
Earth,False,PSO J318.5-22,25.0,False,0.0,1428.0,0.0,1483.0,0.0,False,F,1431.0,P,6903,1
Earth,False,TRAPPIST-1e,39.0,False,130.0,741.0,0.0,0.0,0.0,False,F,1322.0,S,6905,1
Earth,False,TRAPPIST-1e,15.0,False,0.0,0.0,0.0,938.0,44.0,False,E,460.0,S,6905,2
Earth,False,55 Cancri e,16.0,False,43.0,3.0,750.0,0.0,0.0,True,F,1322.0,S,6905,3
Mars,False,TRAPPIST-1e,35.0,False,1719.0,4389.0,1015.0,0.0,14.0,True,F,1432.0,P,6906,1
Mars,False,55 Cancri e,43.0,False,528.0,13.0,1583.0,11.0,0.0,False,E,440.0,P,6906,2
Mars,True,TRAPPIST-1e,7.0,False,0.0,0.0,0.0,0.0,0.0,True,F,1432.0,P,6906,3
Earth,True,TRAPPIST-1e,29.0,False,0.0,0.0,0.0,0.0,0.0,True,G,1117.0,P,6907,1
Europa,False,TRAPPIST-1e,60.0,False,0.0,960.0,46.0,854.0,17074.0,False,C,254.0,S,6908,1
Earth,False,TRAPPIST-1e,49.0,False,173.0,0.0,18.0,580.0,1.0,False,G,1124.0,S,6910,1
Mars,False,TRAPPIST-1e,50.0,False,118.0,0.0,1041.0,0.0,0.0,True,F,1323.0,S,6911,1
Europa,False,TRAPPIST-1e,40.0,False,0.0,120.0,0.0,2814.0,318.0,False,C,221.0,P,6912,1
Mars,True,TRAPPIST-1e,49.0,False,0.0,0.0,0.0,0.0,0.0,True,F,1324.0,S,6913,1
Mars,False,Unknown,18.0,False,1988.0,0.0,95.0,0.0,0.0,False,E,461.0,S,6913,2
Mars,True,TRAPPIST-1e,29.0,False,0.0,0.0,0.0,0.0,0.0,True,F,1325.0,S,6915,1
Mars,False,TRAPPIST-1e,56.0,True,995.0,0.0,177.0,0.0,739.0,False,F,1433.0,P,6917,1
Earth,True,PSO J318.5-22,29.0,False,0.0,0.0,0.0,0.0,0.0,True,G,1126.0,S,6918,1
Earth,False,TRAPPIST-1e,29.0,False,0.0,10.0,0.0,5.0,975.0,False,E,462.0,S,6920,1
Europa,False,TRAPPIST-1e,22.0,False,0.0,1914.0,2090.0,100.0,0.0,True,C,255.0,S,6921,1
Europa,True,55 Cancri e,24.0,False,0.0,0.0,0.0,0.0,0.0,True,C,255.0,S,6921,2
Europa,False,TRAPPIST-1e,23.0,False,69.0,6101.0,0.0,0.0,214.0,True,C,255.0,S,6921,3
Europa,False,TRAPPIST-1e,28.0,True,0.0,14076.0,0.0,928.0,372.0,True,C,255.0,S,6921,4
Europa,True,55 Cancri e,19.0,False,0.0,0.0,0.0,0.0,0.0,True,C,255.0,S,6921,5
Europa,False,TRAPPIST-1e,32.0,False,0.0,89.0,0.0,8330.0,1.0,False,C,255.0,S,6921,6
Earth,False,TRAPPIST-1e,37.0,False,0.0,0.0,0.0,0.0,0.0,True,G,1127.0,S,6924,1
Earth,False,TRAPPIST-1e,26.0,False,0.0,0.0,677.0,1.0,108.0,False,G,1120.0,P,6925,1
Unknown,False,TRAPPIST-1e,43.0,False,1944.0,17.0,657.0,0.0,0.0,True,F,1435.0,P,6926,1
Earth,False,TRAPPIST-1e,25.0,False,439.0,0.0,0.0,557.0,0.0,False,E,463.0,S,6928,1
Earth,False,TRAPPIST-1e,11.0,False,0.0,0.0,0.0,0.0,0.0,False,G,1128.0,S,6928,2
Earth,False,TRAPPIST-1e,4.0,False,0.0,0.0,0.0,0.0,0.0,True,G,1122.0,P,6929,1
Earth,True,TRAPPIST-1e,32.0,False,0.0,0.0,0.0,0.0,0.0,True,G,1122.0,P,6929,2
Earth,False,TRAPPIST-1e,15.0,False,9.0,776.0,4.0,0.0,2.0,True,E,441.0,P,6929,3
Earth,True,TRAPPIST-1e,17.0,False,0.0,0.0,0.0,0.0,0.0,True,G,1129.0,S,6930,1
Europa,True,55 Cancri e,37.0,False,0.0,0.0,0.0,0.0,0.0,True,C,222.0,P,6931,1
Earth,False,TRAPPIST-1e,20.0,False,559.0,0.0,83.0,112.0,0.0,True,G,1130.0,S,6932,1
Mars,False,TRAPPIST-1e,47.0,False,160.0,0.0,1232.0,36.0,0.0,True,F,1436.0,P,6934,1
Mars,False,55 Cancri e,16.0,False,1228.0,0.0,450.0,446.0,0.0,False,E,443.0,P,6934,2
Earth,True,TRAPPIST-1e,8.0,False,0.0,0.0,0.0,0.0,0.0,True,G,1131.0,S,6937,1
Earth,False,TRAPPIST-1e,22.0,False,245.0,0.0,0.0,661.0,1.0,False,G,1124.0,P,6939,1
Mars,False,TRAPPIST-1e,39.0,False,9.0,0.0,687.0,0.0,0.0,True,F,1326.0,S,6940,1
Europa,True,55 Cancri e,57.0,False,0.0,0.0,0.0,0.0,0.0,True,B,262.0,S,6943,1
Europa,True,TRAPPIST-1e,29.0,False,0.0,0.0,0.0,0.0,0.0,True,C,223.0,P,6944,1
Europa,True,55 Cancri e,28.82793046746535,False,0.0,0.0,0.0,0.0,0.0,True,B,263.0,S,6945,1
Earth,False,TRAPPIST-1e,70.0,False,28.0,0.0,0.0,672.0,104.0,False,F,1439.0,P,6946,1
Europa,True,TRAPPIST-1e,13.0,False,0.0,0.0,0.0,0.0,0.0,True,B,264.0,S,6947,1
Europa,False,TRAPPIST-1e,49.0,False,0.0,1757.0,0.0,797.0,567.0,True,B,264.0,S,6947,2
Earth,False,55 Cancri e,25.0,False,0.0,12.0,851.0,19.0,103.0,False,E,464.0,S,6949,1
Europa,True,55 Cancri e,19.0,False,0.0,0.0,0.0,0.0,0.0,True,B,265.0,S,6950,1
Europa,True,55 Cancri e,15.0,False,0.0,0.0,0.0,0.0,0.0,True,B,265.0,S,6950,2
Europa,False,TRAPPIST-1e,37.0,False,26.0,2898.0,9.0,0.0,40.0,True,D,219.0,P,6951,1
Europa,True,TRAPPIST-1e,28.82793046746535,False,0.0,0.0,0.0,0.0,0.0,True,D,219.0,P,6951,2
Mars,False,TRAPPIST-1e,28.0,False,1998.0,0.0,13.0,87.0,0.0,False,E,445.0,P,6954,1
Unknown,False,TRAPPIST-1e,22.0,False,969.0,47.0,23.0,134.0,0.0,False,E,445.0,P,6954,2
Europa,False,TRAPPIST-1e,26.0,False,135.0,2080.0,7.0,34.0,84.0,True,B,266.0,S,6957,1
Earth,False,PSO J318.5-22,25.0,False,60.0,0.0,0.0,0.0,777.0,False,G,1135.0,S,6960,1
Earth,False,TRAPPIST-1e,19.0,False,0.0,0.0,0.0,804.0,5.0,False,G,1136.0,S,6962,1
Mars,False,TRAPPIST-1e,20.0,False,3839.0,57.0,1967.0,4.0,2.0,False,F,1328.0,S,6963,1
Earth,False,55 Cancri e,35.0,False,0.0,71.0,631.0,0.0,0.0,False,F,1444.0,P,6964,1
Earth,False,TRAPPIST-1e,37.0,False,951.0,0.0,0.0,80.0,0.0,False,F,1446.0,P,6966,1
Europa,False,55 Cancri e,37.0,False,0.0,9965.0,0.0,5697.0,676.0,False,C,256.0,S,6967,1
Earth,False,TRAPPIST-1e,13.0,False,0.0,114.0,682.0,0.0,7.0,False,F,1447.0,P,6968,1
Earth,False,PSO J318.5-22,20.0,False,0.0,0.0,0.0,0.0,1318.0,False,F,1447.0,P,6968,2
Mars,False,TRAPPIST-1e,65.0,False,3358.0,1.0,12.0,0.0,0.0,False,F,82.0,S,6970,1
Mars,False,Unknown,29.0,False,456.0,230.0,363.0,0.0,0.0,False,E,465.0,S,6970,2
Europa,False,TRAPPIST-1e,0.0,False,0.0,0.0,0.0,0.0,0.0,True,C,225.0,P,6971,1
Europa,False,TRAPPIST-1e,4.0,False,0.0,0.0,0.0,0.0,0.0,True,C,225.0,P,6971,2
Europa,True,TRAPPIST-1e,19.0,False,0.0,0.0,0.0,0.0,0.0,True,C,225.0,P,6971,3
Europa,True,55 Cancri e,17.0,False,0.0,0.0,0.0,0.0,0.0,True,C,225.0,P,6971,4
Europa,False,55 Cancri e,28.0,False,0.0,4173.0,0.0,33.0,420.0,True,C,225.0,P,6971,5
Europa,False,55 Cancri e,28.0,False,0.0,160.0,0.0,1538.0,1426.0,False,C,225.0,P,6971,6
Unknown,False,TRAPPIST-1e,21.0,False,0.0,0.0,0.0,43.0,667.0,False,G,1126.0,P,6972,1
Earth,False,PSO J318.5-22,45.0,False,1.0,15.0,44.0,0.0,1541.0,False,E,466.0,S,6973,1
Earth,False,TRAPPIST-1e,21.0,False,27.0,0.0,782.0,0.0,0.0,True,G,1127.0,P,6976,1
Earth,True,PSO J318.5-22,20.0,False,0.0,0.0,0.0,0.0,0.0,True,G,1137.0,S,6977,1
Earth,False,TRAPPIST-1e,38.0,False,0.0,806.0,3.0,0.0,0.0,True,G,1137.0,S,6977,2
Earth,False,55 Cancri e,24.0,False,0.0,893.0,0.0,4.0,8.0,True,E,446.0,P,6978,1
Earth,False,TRAPPIST-1e,22.0,False,712.0,6.0,70.0,0.0,0.0,False,E,447.0,P,6979,1
Unknown,False,TRAPPIST-1e,44.0,False,3.0,0.0,33.0,769.0,0.0,True,F,1331.0,S,6980,1
Earth,False,PSO J318.5-22,41.0,False,0.0,0.0,0.0,0.0,628.0,False,F,1332.0,S,6981,1
Earth,True,TRAPPIST-1e,21.0,False,0.0,0.0,0.0,0.0,0.0,True,G,1128.0,P,6982,1
Mars,False,TRAPPIST-1e,26.0,False,1967.0,0.0,116.0,0.0,0.0,False,F,1450.0,P,6984,1
Mars,True,TRAPPIST-1e,54.0,False,0.0,0.0,0.0,0.0,0.0,True,F,1450.0,P,6984,2
Mars,False,TRAPPIST-1e,19.0,False,1962.0,0.0,1.0,641.0,0.0,False,F,1450.0,P,6984,3
Unknown,False,TRAPPIST-1e,32.0,False,0.0,243.0,0.0,0.0,776.0,False,G,1138.0,S,6985,1
Earth,True,TRAPPIST-1e,28.82793046746535,False,0.0,0.0,0.0,0.0,0.0,True,G,1139.0,S,6987,1
Europa,False,TRAPPIST-1e,26.0,False,554.0,1307.0,32.0,93.0,1553.0,False,C,226.0,P,6988,1
Europa,False,TRAPPIST-1e,28.0,False,0.0,4340.0,0.0,186.0,0.0,True,C,226.0,P,6988,2
Earth,False,PSO J318.5-22,21.0,False,1.0,22.0,0.0,649.0,2.0,False,F,82.0,S,6990,1
Europa,False,55 Cancri e,38.0,False,0.0,692.0,0.0,3587.0,0.0,False,B,233.0,P,6991,1
Europa,True,TRAPPIST-1e,43.0,False,0.0,0.0,0.0,0.0,0.0,True,B,233.0,P,6991,2
Unknown,False,Unknown,12.0,False,0.0,0.0,0.0,0.0,0.0,False,G,1131.0,P,6992,1
Earth,True,TRAPPIST-1e,25.0,False,0.0,0.0,0.0,0.0,0.0,False,G,1131.0,P,6992,2
Earth,True,TRAPPIST-1e,27.0,False,0.0,0.0,0.0,0.0,0.0,True,G,1131.0,P,6992,3
Europa,True,TRAPPIST-1e,22.0,False,0.0,0.0,0.0,0.0,0.0,True,B,267.0,S,6994,1
Europa,False,TRAPPIST-1e,20.0,False,0.0,275.0,1690.0,580.0,5499.0,False,B,267.0,S,6994,2
Earth,False,55 Cancri e,24.0,False,0.0,58.0,618.0,0.0,41.0,False,F,1334.0,S,6995,1
Earth,False,55 Cancri e,34.0,False,0.0,442.0,175.0,79.0,3.0,False,F,1452.0,P,6996,1
Mars,False,TRAPPIST-1e,42.0,False,1058.0,0.0,0.0,0.0,0.0,False,D,220.0,P,6997,1
Mars,False,TRAPPIST-1e,24.0,False,2261.0,0.0,95.0,10.0,0.0,False,F,1453.0,P,6997,2
Earth,False,TRAPPIST-1e,28.0,False,0.0,0.0,285.0,136.0,337.0,False,F,1454.0,P,6998,1
Mars,False,TRAPPIST-1e,29.0,False,907.0,0.0,0.0,142.0,0.0,False,E,449.0,P,6999,1
Europa,True,TRAPPIST-1e,31.0,False,0.0,0.0,0.0,0.0,0.0,True,D,213.0,S,7001,1
Earth,False,TRAPPIST-1e,29.0,False,888.0,0.0,1.0,0.0,0.0,False,G,1141.0,S,7002,1
Earth,False,55 Cancri e,14.0,False,0.0,1.0,400.0,297.0,0.0,False,F,1337.0,S,7004,1
Earth,False,55 Cancri e,16.0,False,0.0,17.0,1211.0,0.0,25.0,True,F,1338.0,S,7005,1
Unknown,True,PSO J318.5-22,16.0,False,0.0,0.0,0.0,0.0,0.0,True,G,1142.0,S,7006,1
Europa,False,TRAPPIST-1e,27.0,False,0.0,2897.0,659.0,485.0,11.0,True,E,450.0,P,7007,1
Europa,False,TRAPPIST-1e,28.82793046746535,False,0.0,996.0,0.0,726.0,813.0,False,E,450.0,P,7007,2
Earth,False,TRAPPIST-1e,23.0,False,779.0,7.0,9.0,9.0,0.0,False,F,1339.0,S,7008,1
Earth,False,Unknown,16.0,False,418.0,195.0,100.0,88.0,90.0,False,G,1143.0,S,7010,1
Earth,False,TRAPPIST-1e,30.0,False,0.0,6.0,0.0,0.0,1435.0,True,F,1340.0,S,7010,2
Earth,False,TRAPPIST-1e,24.0,False,468.0,0.0,163.0,0.0,0.0,False,F,1455.0,P,7011,1
Earth,True,TRAPPIST-1e,36.0,False,0.0,0.0,0.0,0.0,0.0,True,G,1144.0,S,7013,1
Europa,False,55 Cancri e,25.0,False,0.0,3512.0,20.0,24.0,1459.0,True,C,257.0,S,7014,1
Europa,True,TRAPPIST-1e,29.0,False,0.0,0.0,0.0,0.0,0.0,True,C,227.0,P,7015,1
Earth,True,PSO J318.5-22,21.0,False,0.0,0.0,0.0,0.0,0.0,False,G,1132.0,P,7016,1
Earth,True,TRAPPIST-1e,26.0,False,0.0,0.0,0.0,0.0,0.0,True,G,1133.0,P,7017,1
Mars,False,TRAPPIST-1e,30.0,False,0.0,0.0,0.0,0.0,0.0,False,E,467.0,S,7018,1
Earth,False,TRAPPIST-1e,31.0,False,0.0,0.0,717.0,0.0,0.0,False,F,1457.0,P,7019,1
Earth,False,TRAPPIST-1e,20.0,False,0.0,750.0,957.0,0.0,722.0,False,F,1457.0,P,7019,2
Earth,True,TRAPPIST-1e,28.82793046746535,False,0.0,0.0,0.0,0.0,0.0,True,G,1145.0,S,7020,1
Earth,True,55 Cancri e,33.0,False,0.0,0.0,0.0,0.0,0.0,True,G,1146.0,S,7021,1
Europa,False,TRAPPIST-1e,35.0,False,0.0,5552.0,6.0,8.0,226.0,True,D,215.0,S,7022,1
Europa,False,TRAPPIST-1e,46.0,False,0.0,664.0,0.0,2.0,2177.0,False,D,215.0,S,7022,2
Earth,True,TRAPPIST-1e,63.0,False,0.0,0.0,0.0,0.0,0.0,True,G,1147.0,S,7025,1
Europa,False,55 Cancri e,37.0,False,0.0,1678.0,0.0,36.0,3128.0,False,A,86.0,S,7026,1
Earth,False,TRAPPIST-1e,23.0,False,26.0,266.0,404.0,0.0,0.0,True,E,451.0,P,7027,1
Earth,False,55 Cancri e,5.0,False,0.0,0.0,0.0,0.0,0.0,True,G,1148.0,S,7028,1
Earth,True,TRAPPIST-1e,16.0,False,0.0,0.0,0.0,0.0,0.0,True,G,1148.0,S,7028,2
Earth,False,TRAPPIST-1e,20.0,False,0.0,0.0,2330.0,120.0,0.0,True,F,1458.0,P,7029,1
Earth,True,PSO J318.5-22,49.0,False,0.0,0.0,0.0,0.0,0.0,False,F,1458.0,P,7029,2
Earth,False,TRAPPIST-1e,3.0,False,0.0,0.0,0.0,0.0,0.0,True,G,1135.0,P,7031,1
Earth,False,TRAPPIST-1e,41.0,False,0.0,176.0,414.0,133.0,0.0,False,F,1459.0,P,7032,1
Mars,False,TRAPPIST-1e,28.82793046746535,False,1216.0,0.0,30.0,43.0,0.0,False,F,1341.0,S,7034,1
Earth,True,TRAPPIST-1e,14.0,False,0.0,0.0,0.0,0.0,0.0,True,G,1136.0,P,7036,1
Mars,False,TRAPPIST-1e,26.0,False,782.0,0.0,0.0,2503.0,1.0,False,D,216.0,S,7037,1
Earth,True,TRAPPIST-1e,51.0,False,0.0,0.0,0.0,0.0,0.0,False,G,1137.0,P,7038,1
Earth,False,PSO J318.5-22,36.0,False,56.0,0.0,81.0,0.0,468.0,False,F,1461.0,P,7039,1
Earth,True,TRAPPIST-1e,16.0,False,0.0,0.0,0.0,0.0,0.0,True,G,1150.0,S,7040,1
Mars,True,TRAPPIST-1e,18.0,False,0.0,0.0,0.0,0.0,0.0,True,F,1343.0,S,7041,1
Earth,True,PSO J318.5-22,48.0,False,0.0,0.0,0.0,0.0,0.0,False,G,1138.0,P,7042,1
Mars,False,TRAPPIST-1e,24.0,False,235.0,0.0,1642.0,1042.0,229.0,False,D,221.0,P,7044,1
Mars,False,55 Cancri e,19.0,False,1043.0,0.0,138.0,0.0,0.0,False,D,222.0,P,7045,1
Earth,True,55 Cancri e,21.0,False,0.0,0.0,0.0,0.0,0.0,True,G,1152.0,S,7047,1
Earth,False,TRAPPIST-1e,24.0,False,332.0,9.0,356.0,0.0,0.0,False,F,1462.0,P,7048,1
Earth,True,TRAPPIST-1e,21.0,False,0.0,0.0,0.0,0.0,0.0,True,G,1153.0,S,7049,1
Earth,False,TRAPPIST-1e,13.0,False,0.0,999.0,0.0,0.0,4.0,True,F,1344.0,S,7050,1
Mars,False,TRAPPIST-1e,39.0,False,42.0,0.0,352.0,1.0,369.0,False,D,223.0,P,7051,1
Europa,False,55 Cancri e,27.0,False,0.0,0.0,0.0,0.0,0.0,True,E,469.0,S,7052,1
Earth,False,PSO J318.5-22,23.0,False,64.0,4.0,0.0,1125.0,0.0,False,F,1463.0,P,7053,1
Europa,False,55 Cancri e,43.0,False,0.0,2093.0,0.0,3409.0,30.0,False,D,217.0,S,7056,1
Mars,False,TRAPPIST-1e,19.0,False,3332.0,878.0,926.0,781.0,0.0,False,F,1346.0,S,7057,1
Mars,True,55 Cancri e,30.0,False,0.0,0.0,0.0,0.0,0.0,True,F,1347.0,S,7058,1
Earth,True,TRAPPIST-1e,52.0,False,0.0,0.0,0.0,0.0,0.0,True,G,1154.0,S,7059,1
Earth,False,TRAPPIST-1e,35.0,False,2224.0,0.0,105.0,1.0,0.0,False,G,1155.0,S,7060,1
Earth,False,TRAPPIST-1e,16.0,False,4.0,1666.0,0.0,35.0,40.0,True,G,1156.0,S,7061,1
Earth,False,TRAPPIST-1e,21.0,False,0.0,13.0,0.0,720.0,170.0,False,F,1464.0,P,7062,1
Earth,False,PSO J318.5-22,45.0,False,0.0,0.0,0.0,0.0,595.0,False,F,1350.0,S,7068,1
Earth,False,TRAPPIST-1e,22.0,False,0.0,125.0,0.0,663.0,0.0,False,E,472.0,S,7069,1
Earth,True,55 Cancri e,28.82793046746535,False,0.0,0.0,0.0,0.0,0.0,False,G,1159.0,S,7069,2
Earth,False,TRAPPIST-1e,0.0,False,0.0,0.0,0.0,0.0,0.0,True,G,1159.0,S,7069,3
Earth,False,PSO J318.5-22,63.0,False,526.0,2.0,0.0,0.0,0.0,False,G,1160.0,S,7071,1
Earth,False,PSO J318.5-22,56.0,False,1.0,2.0,0.0,102.0,0.0,False,F,1351.0,S,7072,1
Earth,True,TRAPPIST-1e,40.0,False,0.0,0.0,0.0,0.0,0.0,True,G,1161.0,S,7073,1
Earth,True,TRAPPIST-1e,1.0,False,0.0,0.0,0.0,0.0,0.0,True,G,1162.0,S,7074,1
Earth,False,TRAPPIST-1e,24.0,False,0.0,0.0,3.0,797.0,5.0,False,F,1352.0,S,7074,2
Earth,False,TRAPPIST-1e,36.0,False,21.0,0.0,844.0,0.0,0.0,False,F,1353.0,S,7077,1
Earth,False,TRAPPIST-1e,13.0,False,244.0,0.0,100.0,423.0,14.0,False,G,1163.0,S,7078,1
Earth,False,55 Cancri e,13.0,False,0.0,722.0,0.0,37.0,8.0,False,F,1354.0,S,7079,1
Earth,True,55 Cancri e,37.0,False,0.0,0.0,0.0,0.0,0.0,True,G,1140.0,P,7080,1
Earth,False,TRAPPIST-1e,44.0,False,143.0,47.0,0.0,717.0,87.0,False,E,473.0,S,7082,1
Europa,True,TRAPPIST-1e,32.0,False,0.0,0.0,0.0,0.0,0.0,True,C,259.0,S,7083,1
Europa,False,55 Cancri e,57.0,False,0.0,0.0,0.0,0.0,0.0,True,C,259.0,S,7083,2
Earth,False,55 Cancri e,26.0,False,0.0,158.0,0.0,0.0,912.0,False,F,1355.0,S,7084,1
Mars,False,TRAPPIST-1e,62.0,False,453.0,1.0,1911.0,0.0,0.0,False,F,1466.0,P,7085,1
Mars,True,55 Cancri e,2.0,False,0.0,0.0,0.0,0.0,0.0,True,F,1466.0,P,7085,2
Mars,True,TRAPPIST-1e,1.0,False,0.0,0.0,0.0,0.0,0.0,True,F,1466.0,P,7085,3
Earth,False,TRAPPIST-1e,24.0,False,590.0,0.0,1.0,168.0,16.0,False,F,1467.0,P,7086,1
Earth,True,TRAPPIST-1e,1.0,False,0.0,0.0,0.0,0.0,0.0,True,G,1141.0,P,7087,1
Earth,False,TRAPPIST-1e,63.0,False,0.0,742.0,0.0,125.0,3.0,False,F,1468.0,P,7088,1
Europa,False,TRAPPIST-1e,20.0,False,1040.0,2487.0,0.0,174.0,182.0,True,D,218.0,S,7089,1
Earth,False,TRAPPIST-1e,15.0,False,0.0,610.0,267.0,0.0,0.0,False,F,1469.0,P,7090,1
Earth,True,TRAPPIST-1e,32.0,False,0.0,0.0,0.0,0.0,0.0,True,G,1142.0,P,7091,1
Earth,False,TRAPPIST-1e,24.0,False,61.0,397.0,185.0,1.0,0.0,True,F,1470.0,P,7092,1
Earth,True,TRAPPIST-1e,32.0,False,0.0,0.0,0.0,0.0,0.0,False,G,1143.0,P,7093,1
Europa,False,TRAPPIST-1e,36.0,False,10.0,2478.0,2080.0,19.0,328.0,True,E,454.0,P,7094,1
Earth,True,PSO J318.5-22,13.0,False,0.0,0.0,0.0,0.0,0.0,True,G,1144.0,P,7095,1
Europa,True,TRAPPIST-1e,29.0,False,0.0,0.0,0.0,0.0,0.0,True,C,260.0,S,7096,1
Europa,False,TRAPPIST-1e,27.0,False,0.0,14.0,0.0,0.0,2325.0,False,C,260.0,S,7096,2
Europa,True,TRAPPIST-1e,30.0,False,0.0,0.0,0.0,0.0,0.0,True,C,260.0,S,7096,3
Europa,False,55 Cancri e,27.0,False,0.0,44.0,4761.0,5.0,41.0,True,A,75.0,P,7097,1
Europa,False,TRAPPIST-1e,14.0,False,0.0,3124.0,40.0,219.0,189.0,False,A,75.0,P,7097,2
Europa,False,TRAPPIST-1e,32.0,True,527.0,1863.0,0.0,417.0,2905.0,False,A,75.0,P,7097,3
Europa,False,55 Cancri e,33.0,True,0.0,16.0,12.0,2349.0,12.0,False,A,75.0,P,7097,4
Earth,False,TRAPPIST-1e,35.0,False,3.0,0.0,651.0,0.0,78.0,True,F,1356.0,S,7098,1
Earth,False,55 Cancri e,21.0,False,301.0,0.0,19.0,0.0,0.0,False,F,1471.0,P,7099,1
Unknown,False,TRAPPIST-1e,57.0,False,906.0,22.0,0.0,8293.0,391.0,False,C,228.0,P,7104,1
Europa,False,TRAPPIST-1e,42.0,False,159.0,4387.0,2.0,3.0,485.0,True,C,228.0,P,7104,2
Unknown,False,55 Cancri e,20.0,False,0.0,6.0,552.0,20.0,0.0,True,F,1473.0,P,7105,1
Mars,True,TRAPPIST-1e,18.0,False,0.0,0.0,0.0,0.0,0.0,True,F,1357.0,S,7106,1
Europa,False,55 Cancri e,49.0,False,0.0,7683.0,0.0,13016.0,0.0,False,B,268.0,S,7109,1
Earth,False,PSO J318.5-22,23.0,False,0.0,3.0,0.0,0.0,546.0,False,F,1358.0,S,7110,1
Mars,False,TRAPPIST-1e,24.0,False,1058.0,0.0,0.0,280.0,0.0,False,F,1359.0,S,7111,1
Earth,False,TRAPPIST-1e,24.0,False,0.0,0.0,0.0,0.0,757.0,False,F,1361.0,S,7113,1
Earth,False,55 Cancri e,23.0,False,9.0,1.0,0.0,492.0,109.0,True,F,1361.0,S,7113,2
Earth,False,TRAPPIST-1e,24.0,False,0.0,489.0,21.0,0.0,184.0,False,F,1362.0,S,7114,1
Earth,True,PSO J318.5-22,26.0,False,0.0,0.0,0.0,0.0,0.0,False,G,1146.0,P,7116,1
Europa,True,55 Cancri e,28.0,False,0.0,0.0,0.0,0.0,0.0,True,B,236.0,P,7117,1
Earth,False,PSO J318.5-22,17.0,False,0.0,1381.0,2.0,0.0,0.0,False,F,1475.0,P,7118,1
Earth,False,TRAPPIST-1e,20.0,False,415.0,479.0,0.0,1019.0,239.0,False,F,1476.0,P,7119,1
Earth,False,TRAPPIST-1e,22.0,False,0.0,0.0,0.0,0.0,1201.0,False,F,1363.0,S,7120,1
Europa,True,55 Cancri e,23.0,False,0.0,0.0,0.0,0.0,0.0,True,B,269.0,S,7121,1
Europa,True,55 Cancri e,22.0,False,0.0,0.0,0.0,0.0,0.0,True,B,269.0,S,7121,2
Earth,False,Unknown,29.0,False,3.0,0.0,664.0,683.0,34.0,False,F,1366.0,S,7126,1
Europa,False,TRAPPIST-1e,28.82793046746535,False,0.0,4155.0,0.0,1368.0,42.0,False,B,237.0,P,7127,1
Europa,True,TRAPPIST-1e,31.0,False,0.0,0.0,0.0,0.0,0.0,True,B,237.0,P,7127,2
Europa,False,55 Cancri e,37.0,False,1.0,4462.0,1.0,9206.0,3.0,False,B,238.0,P,7128,1
Europa,False,55 Cancri e,44.0,False,0.0,4322.0,3.0,153.0,52.0,True,B,238.0,P,7128,2
Europa,False,55 Cancri e,34.0,False,0.0,2612.0,1.0,131.0,2714.0,False,B,238.0,P,7128,3
Earth,False,55 Cancri e,23.0,False,602.0,0.0,0.0,0.0,24.0,False,G,1165.0,S,7132,1
Earth,False,TRAPPIST-1e,18.0,False,457.0,0.0,11.0,335.0,0.0,False,F,1368.0,S,7133,1
Earth,True,PSO J318.5-22,18.0,False,0.0,0.0,0.0,0.0,0.0,True,G,1148.0,P,7134,1
Earth,False,TRAPPIST-1e,23.0,False,0.0,134.0,482.0,0.0,27.0,False,F,1479.0,P,7137,1
Earth,False,TRAPPIST-1e,18.0,False,0.0,10.0,0.0,0.0,738.0,False,F,1371.0,S,7140,1
Mars,False,TRAPPIST-1e,22.0,False,0.0,0.0,1128.0,0.0,45.0,False,E,474.0,S,7142,1
Mars,False,TRAPPIST-1e,10.0,False,0.0,0.0,0.0,0.0,0.0,True,E,474.0,S,7142,2
Mars,True,TRAPPIST-1e,28.82793046746535,False,0.0,0.0,0.0,0.0,0.0,False,E,474.0,S,7142,3
Mars,False,TRAPPIST-1e,31.0,False,907.0,0.0,437.0,2.0,0.0,False,F,1372.0,S,7143,1
Earth,True,TRAPPIST-1e,48.0,False,0.0,0.0,0.0,0.0,0.0,False,G,1150.0,P,7144,1
Europa,False,55 Cancri e,51.0,True,0.0,287.0,0.0,1442.0,66.0,True,A,87.0,S,7148,1
Mars,True,PSO J318.5-22,25.0,False,0.0,0.0,0.0,0.0,0.0,True,F,1482.0,P,7149,1
Mars,False,TRAPPIST-1e,32.0,False,288.0,0.0,592.0,670.0,40.0,False,E,459.0,P,7151,1
Earth,False,TRAPPIST-1e,8.0,False,0.0,0.0,0.0,0.0,0.0,True,G,1167.0,S,7152,1
Earth,True,PSO J318.5-22,49.0,False,0.0,0.0,0.0,0.0,0.0,True,G,1167.0,S,7152,2
Earth,False,PSO J318.5-22,28.0,False,0.0,0.0,0.0,669.0,16.0,False,F,1375.0,S,7155,1
Mars,False,TRAPPIST-1e,3.0,False,0.0,0.0,0.0,0.0,0.0,True,E,475.0,S,7156,1
Mars,False,TRAPPIST-1e,28.82793046746535,False,0.0,0.0,0.0,0.0,0.0,True,E,475.0,S,7156,2
Mars,True,TRAPPIST-1e,31.0,False,0.0,0.0,0.0,0.0,0.0,True,E,475.0,S,7156,3
Mars,False,TRAPPIST-1e,11.0,False,0.0,0.0,0.0,0.0,0.0,True,E,475.0,S,7156,4
Mars,True,TRAPPIST-1e,27.0,False,0.0,0.0,0.0,0.0,0.0,True,F,82.0,S,7157,1
Mars,False,TRAPPIST-1e,33.0,False,1631.0,0.0,754.0,0.0,0.0,False,D,219.0,S,7157,2
Europa,True,PSO J318.5-22,32.0,False,0.0,0.0,0.0,0.0,0.0,True,C,263.0,S,7159,1
Earth,True,TRAPPIST-1e,20.0,False,0.0,0.0,0.0,0.0,0.0,True,G,1152.0,P,7160,1
Europa,False,TRAPPIST-1e,33.0,False,0.0,3624.0,0.0,1537.0,498.0,False,E,476.0,S,7161,1
Earth,False,TRAPPIST-1e,65.0,False,43.0,21.0,22.0,50.0,731.0,False,F,1485.0,P,7162,1
Mars,True,TRAPPIST-1e,18.0,False,0.0,0.0,0.0,0.0,0.0,True,F,1377.0,S,7165,1
Mars,False,TRAPPIST-1e,19.0,False,862.0,0.0,5.0,2032.0,0.0,False,F,1378.0,S,7166,1
Europa,False,55 Cancri e,33.0,False,0.0,3676.0,0.0,1743.0,1.0,True,B,270.0,S,7167,1
Earth,False,TRAPPIST-1e,28.82793046746535,False,0.0,11.0,793.0,0.0,84.0,True,G,1168.0,S,7168,1
Earth,True,PSO J318.5-22,31.0,False,0.0,0.0,0.0,0.0,0.0,False,G,1154.0,P,7170,1
Earth,True,TRAPPIST-1e,37.0,False,0.0,0.0,0.0,0.0,0.0,True,G,1155.0,P,7171,1
Earth,True,PSO J318.5-22,19.0,False,0.0,0.0,0.0,0.0,0.0,True,G,1156.0,P,7173,1
Earth,False,TRAPPIST-1e,18.0,False,0.0,0.0,773.0,0.0,4.0,False,F,1486.0,P,7175,1
Europa,True,55 Cancri e,47.0,False,0.0,0.0,0.0,0.0,0.0,True,C,232.0,P,7176,1
Europa,False,TRAPPIST-1e,26.0,False,0.0,6050.0,0.0,662.0,920.0,False,C,232.0,P,7176,2
Europa,False,TRAPPIST-1e,25.0,False,0.0,3590.0,0.0,27.0,0.0,True,C,232.0,P,7176,3
Earth,False,TRAPPIST-1e,38.0,False,102.0,12.0,14.0,669.0,0.0,False,F,1380.0,S,7177,1
Earth,False,TRAPPIST-1e,53.0,False,3.0,2251.0,0.0,95.0,12.0,True,E,460.0,P,7179,1
Earth,False,TRAPPIST-1e,38.0,False,0.0,338.0,0.0,453.0,0.0,False,E,478.0,S,7180,1
Mars,True,TRAPPIST-1e,28.0,False,0.0,0.0,0.0,0.0,0.0,True,F,1488.0,P,7181,1
Earth,False,TRAPPIST-1e,46.0,False,438.0,283.0,944.0,0.0,355.0,False,F,82.0,S,7182,1
Earth,False,TRAPPIST-1e,18.0,False,3.0,688.0,0.0,0.0,23.0,True,G,1170.0,S,7184,1
Europa,True,TRAPPIST-1e,14.0,False,0.0,0.0,0.0,0.0,0.0,True,E,461.0,P,7186,1
Europa,False,TRAPPIST-1e,32.0,False,0.0,1369.0,29.0,662.0,22.0,False,E,461.0,P,7186,2
Europa,False,TRAPPIST-1e,44.0,False,0.0,0.0,16.0,72.0,4304.0,False,E,461.0,P,7186,3
Earth,True,PSO J318.5-22,28.0,False,0.0,0.0,0.0,0.0,0.0,True,G,1158.0,P,7187,1
Europa,False,TRAPPIST-1e,2.0,False,0.0,0.0,0.0,0.0,0.0,True,C,233.0,P,7188,1
Europa,False,TRAPPIST-1e,28.0,False,0.0,2896.0,46.0,5248.0,8169.0,False,C,233.0,P,7188,2
Europa,True,TRAPPIST-1e,27.0,True,0.0,0.0,0.0,0.0,0.0,True,C,233.0,P,7188,3
Europa,True,TRAPPIST-1e,29.0,False,0.0,0.0,0.0,0.0,0.0,True,C,234.0,P,7189,1
Earth,True,55 Cancri e,14.0,False,0.0,0.0,0.0,0.0,0.0,True,G,1171.0,S,7190,1
Earth,False,TRAPPIST-1e,14.0,False,0.0,0.0,766.0,0.0,0.0,False,F,1490.0,P,7191,1
Earth,True,TRAPPIST-1e,17.0,False,0.0,0.0,0.0,0.0,0.0,True,G,1172.0,S,7192,1
Earth,False,TRAPPIST-1e,35.0,False,150.0,0.0,96.0,638.0,0.0,True,F,1381.0,S,7193,1
Earth,False,Unknown,36.0,False,0.0,129.0,0.0,177.0,444.0,False,F,1382.0,S,7194,1
Mars,False,TRAPPIST-1e,51.0,False,106.0,1942.0,115.0,0.0,0.0,False,F,1383.0,S,7197,1
Earth,False,TRAPPIST-1e,54.0,False,1.0,0.0,109.0,0.0,1.0,False,G,1174.0,S,7199,1
Europa,False,TRAPPIST-1e,37.0,False,300.0,3434.0,0.0,1.0,171.0,True,C,264.0,S,7200,1
Earth,False,TRAPPIST-1e,37.0,False,541.0,38.0,713.0,316.0,0.0,False,E,462.0,P,7202,1
Earth,False,TRAPPIST-1e,24.0,False,1.0,194.0,0.0,0.0,632.0,True,E,463.0,P,7203,1
Mars,False,TRAPPIST-1e,28.82793046746535,False,1030.0,0.0,158.0,0.0,28.0,False,F,1386.0,S,7205,1
Earth,False,TRAPPIST-1e,38.0,False,622.0,1319.0,42.0,1.0,444.0,False,F,1387.0,S,7206,1
Earth,True,TRAPPIST-1e,28.0,False,0.0,0.0,0.0,0.0,0.0,True,G,1160.0,P,7207,1
Earth,False,TRAPPIST-1e,0.0,False,0.0,0.0,0.0,0.0,0.0,True,G,1161.0,P,7208,1
Earth,False,TRAPPIST-1e,16.0,False,23.0,479.0,0.0,0.0,373.0,False,F,1492.0,P,7208,2
Earth,False,TRAPPIST-1e,25.0,False,0.0,0.0,879.0,0.0,0.0,False,F,1493.0,P,7210,1
Earth,False,55 Cancri e,22.0,False,30.0,0.0,690.0,41.0,0.0,True,F,1389.0,S,7214,1
Mars,True,TRAPPIST-1e,24.0,False,0.0,0.0,0.0,0.0,0.0,True,F,1494.0,P,7215,1
Earth,False,PSO J318.5-22,37.0,False,501.0,0.0,179.0,1.0,0.0,True,E,464.0,P,7216,1
Mars,False,TRAPPIST-1e,21.0,False,21.0,0.0,874.0,226.0,0.0,True,F,1495.0,P,7217,1
Europa,False,Unknown,53.0,False,0.0,0.0,0.0,0.0,0.0,True,B,271.0,S,7218,1
Europa,False,TRAPPIST-1e,0.0,False,0.0,0.0,0.0,0.0,0.0,True,C,235.0,P,7219,1
Europa,True,TRAPPIST-1e,2.0,False,0.0,0.0,0.0,0.0,0.0,False,C,235.0,P,7219,2
Europa,True,TRAPPIST-1e,64.0,False,0.0,0.0,0.0,0.0,0.0,True,C,235.0,P,7219,3
Europa,False,TRAPPIST-1e,24.0,False,0.0,2921.0,5.0,795.0,3155.0,False,F,82.0,S,7219,4
Europa,True,TRAPPIST-1e,40.0,False,0.0,0.0,0.0,0.0,0.0,True,C,235.0,P,7219,5
Europa,False,TRAPPIST-1e,32.0,False,0.0,163.0,0.0,6953.0,50.0,False,C,235.0,P,7219,6
Europa,False,55 Cancri e,54.0,True,0.0,316.0,1.0,2038.0,388.0,False,B,239.0,P,7221,1
Earth,True,TRAPPIST-1e,30.0,False,0.0,0.0,0.0,0.0,0.0,True,G,1175.0,S,7224,1
Europa,False,55 Cancri e,37.0,False,0.0,1379.0,130.0,1488.0,75.0,False,A,77.0,P,7225,1
Mars,False,TRAPPIST-1e,20.0,False,3191.0,0.0,211.0,21.0,117.0,False,E,481.0,S,7226,1
Mars,False,TRAPPIST-1e,22.0,False,741.0,0.0,1028.0,0.0,0.0,False,F,1497.0,P,7227,1
Earth,False,PSO J318.5-22,57.0,False,0.0,1.0,0.0,664.0,19.0,False,F,1391.0,S,7229,1
Earth,True,TRAPPIST-1e,34.0,False,0.0,0.0,0.0,0.0,0.0,True,G,1177.0,S,7230,1
Europa,False,TRAPPIST-1e,51.0,False,0.0,980.0,273.0,2775.0,419.0,False,B,240.0,P,7232,1
Mars,True,TRAPPIST-1e,47.0,False,0.0,0.0,0.0,0.0,0.0,False,E,465.0,P,7233,1
Earth,False,TRAPPIST-1e,22.0,False,593.0,34.0,0.0,0.0,0.0,False,G,1163.0,P,7234,1
Europa,False,Unknown,36.0,False,0.0,1606.0,511.0,89.0,2220.0,False,B,241.0,P,7235,1
Earth,True,TRAPPIST-1e,16.0,False,0.0,0.0,0.0,0.0,0.0,True,F,82.0,S,7236,1
Mars,False,Unknown,60.0,False,180.0,0.0,414.0,1181.0,0.0,False,F,1499.0,P,7238,1
Mars,False,TRAPPIST-1e,39.0,False,197.0,0.0,2401.0,0.0,0.0,True,F,1392.0,S,7240,1
Mars,False,TRAPPIST-1e,18.0,False,49.0,0.0,2885.0,1.0,0.0,True,F,1392.0,S,7240,2
Europa,True,55 Cancri e,30.0,False,0.0,0.0,0.0,0.0,0.0,True,B,273.0,S,7242,1
Mars,False,TRAPPIST-1e,45.0,False,1781.0,0.0,17.0,0.0,23.0,False,F,1395.0,S,7246,1
Earth,False,TRAPPIST-1e,30.0,False,0.0,0.0,0.0,0.0,1150.0,False,F,1396.0,S,7247,1
Unknown,False,TRAPPIST-1e,21.0,False,1046.0,1.0,0.0,1.0,0.0,False,E,482.0,S,7249,1
Mars,False,TRAPPIST-1e,0.0,False,0.0,0.0,0.0,0.0,0.0,True,F,1397.0,S,7249,2
Mars,False,55 Cancri e,51.0,False,40.0,716.0,1907.0,0.0,0.0,True,F,1501.0,P,7250,1
Mars,False,TRAPPIST-1e,22.0,False,100.0,0.0,1050.0,0.0,23.0,False,E,466.0,P,7252,1
Europa,False,TRAPPIST-1e,26.0,False,0.0,896.0,0.0,690.0,1.0,True,D,225.0,P,7253,1
Earth,False,TRAPPIST-1e,10.0,False,0.0,0.0,0.0,0.0,0.0,False,G,1166.0,P,7255,1
Earth,False,TRAPPIST-1e,21.0,False,42.0,606.0,1.0,38.0,100.0,False,E,484.0,S,7256,1
Earth,True,55 Cancri e,14.0,False,0.0,0.0,0.0,0.0,0.0,True,G,1167.0,P,7257,1
Earth,False,TRAPPIST-1e,28.82793046746535,False,0.0,1.0,12.0,0.0,779.0,False,E,467.0,P,7257,2
Earth,False,TRAPPIST-1e,43.0,False,473.0,1390.0,0.0,0.0,0.0,True,F,1502.0,P,7258,1
Earth,False,PSO J318.5-22,22.0,False,28.0,194.0,2.0,0.0,370.0,True,F,1503.0,P,7259,1
Earth,False,TRAPPIST-1e,22.0,False,401.0,0.0,196.0,0.0,126.0,False,F,1398.0,S,7260,1
Earth,True,PSO J318.5-22,23.0,False,0.0,0.0,0.0,0.0,0.0,True,G,1168.0,P,7261,1
Europa,True,TRAPPIST-1e,25.0,False,0.0,0.0,0.0,0.0,0.0,True,C,265.0,S,7267,1
Europa,False,TRAPPIST-1e,35.0,False,0.0,0.0,0.0,0.0,0.0,True,C,265.0,S,7267,2
Earth,False,TRAPPIST-1e,30.0,False,0.0,0.0,0.0,27.0,764.0,False,E,468.0,P,7268,1
Earth,True,TRAPPIST-1e,37.0,False,0.0,0.0,0.0,0.0,0.0,True,G,1170.0,P,7270,1
Earth,False,55 Cancri e,21.0,False,61.0,201.0,222.0,161.0,60.0,False,G,1171.0,P,7271,1
Earth,False,55 Cancri e,36.0,False,207.0,0.0,450.0,94.0,0.0,True,G,1183.0,S,7273,1
Earth,False,TRAPPIST-1e,13.0,False,305.0,582.0,12.0,19.0,0.0,False,F,1506.0,P,7274,1
Earth,False,55 Cancri e,22.0,False,0.0,642.0,0.0,52.0,0.0,False,F,1507.0,P,7276,1
Earth,True,TRAPPIST-1e,36.0,False,0.0,0.0,0.0,0.0,0.0,True,G,1184.0,S,7277,1
Earth,False,TRAPPIST-1e,17.0,False,0.0,188.0,795.0,0.0,0.0,True,E,485.0,S,7278,1
Europa,True,55 Cancri e,38.0,False,0.0,0.0,0.0,0.0,0.0,True,C,236.0,P,7279,1
Mars,False,TRAPPIST-1e,34.0,False,5959.0,0.0,3.0,0.0,0.0,False,F,1508.0,P,7280,1
Mars,False,TRAPPIST-1e,20.0,False,0.0,0.0,0.0,0.0,0.0,True,F,1509.0,P,7283,1
Earth,False,TRAPPIST-1e,17.0,False,0.0,647.0,49.0,74.0,0.0,False,G,1174.0,P,7284,1
Earth,True,PSO J318.5-22,36.0,False,0.0,0.0,0.0,0.0,0.0,True,G,1185.0,S,7285,1
Europa,False,55 Cancri e,52.0,False,360.0,1314.0,8.0,641.0,66.0,True,A,78.0,P,7289,1
Europa,True,55 Cancri e,32.0,False,0.0,0.0,0.0,0.0,0.0,True,D,227.0,P,7290,1
Europa,True,55 Cancri e,35.0,False,0.0,0.0,0.0,0.0,0.0,True,D,227.0,P,7290,2
Europa,True,55 Cancri e,28.82793046746535,False,0.0,0.0,0.0,0.0,0.0,True,D,227.0,P,7290,3
Europa,False,TRAPPIST-1e,36.0,False,83.0,1186.0,0.0,2160.0,736.0,False,D,227.0,P,7290,4
Europa,False,TRAPPIST-1e,36.0,False,31.0,3585.0,31.0,1400.0,0.0,False,D,227.0,P,7290,5
Mars,False,55 Cancri e,21.0,False,0.0,0.0,0.0,1.0,378.0,False,D,220.0,S,7292,1
Mars,False,TRAPPIST-1e,33.0,False,627.0,0.0,171.0,254.0,130.0,False,D,228.0,P,7296,1
Earth,False,TRAPPIST-1e,40.0,False,678.0,0.0,229.0,0.0,0.0,False,G,1188.0,S,7297,1
Earth,False,TRAPPIST-1e,24.0,False,185.0,0.0,478.0,29.0,0.0,True,F,1510.0,P,7298,1
Earth,False,TRAPPIST-1e,35.0,False,0.0,0.0,885.0,0.0,0.0,True,G,1189.0,S,7300,1
Mars,True,TRAPPIST-1e,29.0,False,0.0,0.0,0.0,0.0,0.0,True,F,1511.0,P,7301,1
Mars,False,TRAPPIST-1e,33.0,False,728.0,0.0,285.0,0.0,0.0,False,E,486.0,S,7302,1
Earth,False,TRAPPIST-1e,51.0,False,3.0,33.0,12.0,38.0,896.0,False,E,487.0,S,7303,1
Mars,True,TRAPPIST-1e,10.0,False,0.0,0.0,0.0,0.0,0.0,True,F,1512.0,P,7304,1
Earth,True,TRAPPIST-1e,41.0,False,0.0,0.0,0.0,0.0,0.0,True,G,1190.0,S,7305,1
Earth,False,55 Cancri e,26.0,False,1.0,0.0,0.0,0.0,718.0,True,E,471.0,P,7306,1
Earth,False,TRAPPIST-1e,39.0,False,19.0,102.0,0.0,678.0,0.0,False,F,1405.0,S,7307,1
Mars,False,TRAPPIST-1e,14.0,False,738.0,5.0,297.0,0.0,0.0,False,F,1513.0,P,7309,1
Mars,False,TRAPPIST-1e,28.0,False,1059.0,0.0,6.0,117.0,0.0,False,D,229.0,P,7310,1
Earth,False,TRAPPIST-1e,18.0,False,0.0,949.0,0.0,0.0,0.0,False,F,1514.0,P,7311,1
Mars,False,TRAPPIST-1e,41.0,False,2754.0,398.0,21.0,0.0,0.0,False,D,231.0,P,7313,1
Europa,False,Unknown,33.0,False,0.0,0.0,0.0,0.0,0.0,True,C,237.0,P,7314,1
Earth,False,TRAPPIST-1e,26.0,False,814.0,0.0,29.0,16.0,181.0,False,F,1517.0,P,7320,1
Mars,True,TRAPPIST-1e,31.0,False,0.0,0.0,0.0,0.0,0.0,True,F,1518.0,P,7321,1
Earth,False,TRAPPIST-1e,63.0,False,0.0,0.0,424.0,0.0,2027.0,False,F,1408.0,S,7322,1
Earth,False,TRAPPIST-1e,30.0,False,0.0,0.0,547.0,0.0,423.0,False,F,1409.0,S,7323,1
Europa,False,TRAPPIST-1e,27.0,False,15.0,2886.0,0.0,249.0,71.0,True,C,238.0,P,7324,1
Earth,False,TRAPPIST-1e,47.0,False,2916.0,0.0,14.0,63.0,0.0,False,F,1519.0,P,7326,1
Mars,False,TRAPPIST-1e,37.0,False,1413.0,0.0,584.0,3.0,0.0,True,F,1520.0,P,7327,1
Earth,False,TRAPPIST-1e,14.0,False,399.0,22.0,458.0,506.0,187.0,False,F,1410.0,S,7328,1
Unknown,False,TRAPPIST-1e,27.0,False,0.0,63.0,8.0,129.0,2960.0,False,C,268.0,S,7330,1
Mars,False,TRAPPIST-1e,61.0,False,1711.0,0.0,0.0,0.0,8.0,False,D,232.0,P,7331,1
Earth,False,TRAPPIST-1e,39.0,False,2.0,0.0,0.0,2.0,787.0,False,E,488.0,S,7332,1
Earth,False,TRAPPIST-1e,22.0,False,0.0,0.0,787.0,1.0,0.0,False,E,490.0,S,7334,1
Unknown,False,TRAPPIST-1e,30.0,False,2.0,0.0,5.0,1.0,962.0,False,F,1411.0,S,7336,1
Unknown,False,TRAPPIST-1e,26.0,False,0.0,0.0,902.0,0.0,0.0,False,F,1411.0,S,7336,2
Europa,False,TRAPPIST-1e,25.0,False,0.0,115.0,0.0,1823.0,4041.0,False,A,89.0,S,7337,1
Mars,False,TRAPPIST-1e,42.0,False,1318.0,0.0,1386.0,0.0,0.0,False,D,233.0,P,7338,1
Europa,False,Unknown,33.0,False,0.0,2107.0,0.0,15586.0,473.0,False,E,474.0,P,7339,1
Europa,False,TRAPPIST-1e,60.0,False,0.0,307.0,0.0,484.0,1967.0,False,E,475.0,P,7340,1
Earth,True,55 Cancri e,16.0,False,0.0,0.0,0.0,0.0,0.0,True,G,1191.0,S,7341,1
Earth,False,TRAPPIST-1e,50.0,False,0.0,185.0,0.0,1.0,558.0,True,G,1178.0,P,7342,1
Earth,False,TRAPPIST-1e,22.0,False,0.0,0.0,1.0,95.0,605.0,False,F,1412.0,S,7343,1
Earth,False,PSO J318.5-22,15.0,False,0.0,0.0,9.0,0.0,952.0,False,F,1413.0,S,7344,1
Mars,False,TRAPPIST-1e,27.0,False,0.0,0.0,0.0,0.0,0.0,False,E,476.0,P,7346,1
Earth,False,55 Cancri e,58.0,False,0.0,435.0,2.0,0.0,239.0,False,G,1179.0,P,7347,1
Earth,True,TRAPPIST-1e,48.0,False,0.0,0.0,0.0,0.0,0.0,True,G,1192.0,S,7350,1
Europa,True,55 Cancri e,36.0,False,0.0,0.0,0.0,0.0,0.0,True,D,221.0,S,7351,1
Europa,False,TRAPPIST-1e,60.0,False,0.0,3435.0,0.0,5458.0,10.0,False,C,269.0,S,7353,1
Europa,True,TRAPPIST-1e,46.0,False,0.0,0.0,0.0,0.0,0.0,True,C,269.0,S,7353,2
Europa,False,TRAPPIST-1e,58.0,False,0.0,1386.0,2.0,128.0,2577.0,True,F,82.0,S,7353,3
Earth,True,TRAPPIST-1e,40.0,False,0.0,0.0,0.0,0.0,0.0,False,G,1181.0,P,7356,1
Earth,True,TRAPPIST-1e,3.0,False,0.0,0.0,0.0,0.0,0.0,True,G,1181.0,P,7356,2
Earth,False,55 Cancri e,23.0,False,3.0,0.0,2.0,61.0,634.0,False,F,1522.0,P,7358,1
Earth,False,PSO J318.5-22,21.0,False,0.0,434.0,0.0,75.0,135.0,True,E,492.0,S,7359,1
Earth,True,55 Cancri e,29.0,False,0.0,0.0,0.0,0.0,0.0,True,G,1194.0,S,7360,1
Europa,True,55 Cancri e,23.0,False,0.0,0.0,0.0,0.0,0.0,True,C,239.0,P,7361,1
Europa,True,55 Cancri e,41.0,False,0.0,0.0,0.0,0.0,0.0,True,C,239.0,P,7361,2
Earth,False,TRAPPIST-1e,20.0,False,0.0,802.0,0.0,16.0,0.0,False,G,1183.0,P,7365,1
Earth,False,TRAPPIST-1e,24.0,False,821.0,0.0,0.0,68.0,0.0,False,G,1184.0,P,7366,1
Mars,False,TRAPPIST-1e,21.0,False,2611.0,0.0,103.0,4.0,0.0,False,D,234.0,P,7367,1
Mars,False,TRAPPIST-1e,55.0,False,1236.0,0.0,52.0,0.0,0.0,False,F,1523.0,P,7367,2
Earth,False,TRAPPIST-1e,21.0,False,0.0,70.0,2.0,0.0,486.0,False,F,1525.0,P,7370,1
Earth,True,55 Cancri e,42.0,False,0.0,0.0,0.0,0.0,0.0,True,G,1185.0,P,7371,1
Earth,False,TRAPPIST-1e,40.0,False,2.0,147.0,0.0,1695.0,1147.0,False,F,1526.0,P,7372,1
Mars,True,TRAPPIST-1e,30.0,False,0.0,0.0,0.0,0.0,0.0,True,F,1527.0,P,7374,1
Europa,True,TRAPPIST-1e,26.0,False,0.0,0.0,0.0,0.0,0.0,True,E,477.0,P,7376,1
Earth,True,PSO J318.5-22,43.0,False,0.0,0.0,0.0,0.0,0.0,False,G,1186.0,P,7377,1
Earth,False,TRAPPIST-1e,20.0,False,9.0,0.0,1540.0,0.0,0.0,False,F,1416.0,S,7379,1
Earth,False,PSO J318.5-22,19.0,False,40.0,0.0,77.0,572.0,0.0,False,F,1417.0,S,7385,1
Europa,False,TRAPPIST-1e,40.0,False,0.0,3508.0,761.0,12.0,32.0,True,C,240.0,P,7387,1
Earth,True,PSO J318.5-22,17.0,False,0.0,0.0,0.0,0.0,0.0,True,G,1198.0,S,7388,1
Earth,False,TRAPPIST-1e,62.0,False,240.0,0.0,0.0,586.0,10.0,False,G,1190.0,P,7390,1
Earth,True,TRAPPIST-1e,32.0,False,0.0,0.0,0.0,0.0,0.0,False,G,1191.0,P,7391,1
Earth,True,TRAPPIST-1e,37.0,False,0.0,0.0,0.0,0.0,0.0,False,G,1192.0,P,7392,1
Earth,False,Unknown,40.0,False,0.0,0.0,0.0,7.0,782.0,False,E,478.0,P,7393,1
Earth,False,55 Cancri e,25.0,False,0.0,653.0,21.0,0.0,0.0,False,G,1193.0,P,7394,1
Europa,True,55 Cancri e,17.0,False,0.0,0.0,0.0,0.0,0.0,True,B,277.0,S,7395,1
Europa,True,TRAPPIST-1e,46.0,False,0.0,0.0,0.0,0.0,0.0,True,B,277.0,S,7395,2
Europa,False,TRAPPIST-1e,38.0,False,4.0,5974.0,0.0,3682.0,197.0,False,B,277.0,S,7395,3
Europa,False,55 Cancri e,43.0,True,0.0,486.0,0.0,0.0,2470.0,False,B,277.0,S,7395,4
Europa,False,55 Cancri e,28.0,False,6.0,3392.0,3944.0,987.0,0.0,True,C,271.0,S,7396,1
Europa,True,TRAPPIST-1e,31.0,True,0.0,0.0,0.0,0.0,0.0,True,C,271.0,S,7396,2
Europa,True,PSO J318.5-22,35.0,False,0.0,0.0,0.0,0.0,0.0,True,C,271.0,S,7396,3
Earth,False,TRAPPIST-1e,19.0,False,105.0,271.0,1.0,377.0,17.0,True,F,1531.0,P,7398,1
Earth,False,TRAPPIST-1e,24.0,False,0.0,0.0,217.0,0.0,544.0,False,F,1418.0,S,7399,1
Mars,False,55 Cancri e,20.0,False,0.0,0.0,0.0,0.0,0.0,False,E,479.0,P,7401,1
Europa,False,TRAPPIST-1e,16.0,False,0.0,1417.0,3.0,27.0,186.0,True,C,272.0,S,7402,1
Europa,True,55 Cancri e,45.0,False,0.0,0.0,0.0,0.0,0.0,True,C,272.0,S,7402,2
Earth,False,TRAPPIST-1e,19.0,False,294.0,79.0,536.0,0.0,0.0,False,G,1194.0,P,7403,1
Earth,False,TRAPPIST-1e,23.0,False,0.0,1089.0,311.0,0.0,0.0,True,F,1419.0,S,7405,1
Earth,False,TRAPPIST-1e,19.0,False,0.0,78.0,801.0,0.0,7.0,False,G,1195.0,P,7406,1
Mars,False,TRAPPIST-1e,32.0,False,193.0,0.0,1116.0,0.0,0.0,False,F,1420.0,S,7408,1
Earth,False,TRAPPIST-1e,41.0,False,85.0,804.0,0.0,0.0,0.0,True,G,1201.0,S,7410,1
Earth,False,TRAPPIST-1e,30.0,False,1110.0,0.0,439.0,5.0,0.0,False,F,1533.0,P,7411,1
Europa,False,55 Cancri e,41.0,False,0.0,10049.0,214.0,5287.0,1845.0,False,B,278.0,S,7416,1
Mars,False,TRAPPIST-1e,7.0,False,0.0,0.0,0.0,0.0,0.0,True,F,1534.0,P,7418,1
Earth,False,Unknown,39.0,False,1.0,875.0,0.0,6.0,0.0,True,G,1197.0,P,7419,1
Earth,False,TRAPPIST-1e,47.0,False,0.0,61.0,805.0,0.0,6.0,True,F,1535.0,P,7419,2
Earth,False,TRAPPIST-1e,21.0,False,550.0,0.0,61.0,4.0,5.0,False,G,1204.0,S,7422,1
Earth,True,TRAPPIST-1e,29.0,False,0.0,0.0,0.0,0.0,0.0,True,G,1200.0,P,7425,1
Earth,False,TRAPPIST-1e,19.0,False,879.0,0.0,0.0,10.0,0.0,False,G,1200.0,P,7425,2
Mars,False,TRAPPIST-1e,50.0,False,0.0,0.0,0.0,0.0,0.0,True,F,1423.0,S,7427,1
Europa,False,TRAPPIST-1e,28.0,False,0.0,132.0,4.0,1915.0,0.0,False,A,79.0,P,7428,1
Mars,False,TRAPPIST-1e,38.0,False,1126.0,0.0,23.0,34.0,0.0,False,F,82.0,S,7429,1
Earth,False,PSO J318.5-22,24.0,False,549.0,3.0,201.0,0.0,0.0,False,G,1205.0,S,7430,1
Europa,False,55 Cancri e,31.0,False,0.0,2954.0,0.0,170.0,756.0,False,A,90.0,S,7431,1
Europa,True,TRAPPIST-1e,38.0,False,0.0,0.0,0.0,0.0,0.0,True,E,481.0,P,7432,1
Europa,True,55 Cancri e,26.0,False,0.0,0.0,0.0,0.0,0.0,True,B,244.0,P,7435,1
Earth,False,TRAPPIST-1e,28.0,False,0.0,0.0,0.0,0.0,0.0,False,G,1202.0,P,7436,1
Europa,True,55 Cancri e,45.0,False,0.0,0.0,0.0,0.0,0.0,True,B,279.0,S,7437,1
Europa,True,TRAPPIST-1e,47.0,False,0.0,0.0,0.0,0.0,0.0,True,B,279.0,S,7437,2
Europa,True,TRAPPIST-1e,60.0,False,0.0,0.0,0.0,0.0,0.0,True,B,279.0,S,7437,3
Earth,False,55 Cancri e,42.0,False,0.0,279.0,30.0,409.0,0.0,True,E,483.0,P,7438,1
Earth,False,TRAPPIST-1e,43.0,False,20.0,0.0,726.0,0.0,0.0,False,E,495.0,S,7442,1
Earth,True,PSO J318.5-22,17.0,False,0.0,0.0,0.0,0.0,0.0,False,F,82.0,S,7442,2
Earth,True,TRAPPIST-1e,17.0,False,0.0,0.0,0.0,0.0,0.0,False,G,1203.0,P,7444,1
Earth,True,TRAPPIST-1e,20.0,False,0.0,0.0,0.0,0.0,0.0,False,G,1208.0,S,7445,1
Earth,False,TRAPPIST-1e,18.0,False,960.0,672.0,0.0,0.0,168.0,False,G,1204.0,P,7446,1
Mars,False,TRAPPIST-1e,24.0,False,0.0,0.0,299.0,814.0,0.0,False,F,1539.0,P,7447,1
Earth,False,55 Cancri e,25.0,False,244.0,0.0,40.0,294.0,124.0,False,F,1540.0,P,7448,1
Earth,False,PSO J318.5-22,20.0,False,120.0,321.0,0.0,932.0,175.0,False,F,1541.0,P,7449,1
Earth,False,TRAPPIST-1e,23.0,False,509.0,0.0,193.0,0.0,2.0,False,G,1205.0,P,7450,1
Europa,True,TRAPPIST-1e,48.0,False,0.0,0.0,0.0,0.0,0.0,True,B,281.0,S,7452,1
Europa,False,55 Cancri e,26.0,False,286.0,3387.0,575.0,213.0,548.0,True,B,281.0,S,7452,2
Europa,True,55 Cancri e,36.0,False,0.0,0.0,0.0,0.0,0.0,True,B,281.0,S,7452,3
Europa,True,55 Cancri e,27.0,False,0.0,0.0,0.0,0.0,0.0,True,C,275.0,S,7453,1
Europa,False,55 Cancri e,41.0,False,0.0,1616.0,0.0,758.0,400.0,True,A,80.0,P,7455,1
Earth,True,TRAPPIST-1e,21.0,False,0.0,0.0,0.0,0.0,0.0,True,G,1210.0,S,7456,1
Mars,False,TRAPPIST-1e,71.0,False,1243.0,0.0,5.0,16.0,34.0,False,E,496.0,S,7457,1
Earth,True,TRAPPIST-1e,64.0,False,0.0,0.0,0.0,0.0,0.0,False,G,1211.0,S,7458,1
Europa,False,TRAPPIST-1e,33.0,False,0.0,397.0,0.0,1249.0,845.0,False,B,282.0,S,7459,1
Earth,False,55 Cancri e,24.0,False,786.0,0.0,0.0,309.0,0.0,True,F,1543.0,P,7460,1
Europa,True,TRAPPIST-1e,35.0,False,0.0,0.0,0.0,0.0,0.0,True,D,223.0,S,7461,1
Earth,True,PSO J318.5-22,13.0,False,0.0,0.0,0.0,0.0,0.0,True,G,1206.0,P,7462,1
Earth,True,TRAPPIST-1e,11.0,False,0.0,0.0,0.0,0.0,0.0,True,G,1207.0,P,7464,1
Mars,True,TRAPPIST-1e,28.82793046746535,False,0.0,0.0,0.0,0.0,0.0,True,F,1426.0,S,7472,1
Mars,True,TRAPPIST-1e,43.0,False,0.0,0.0,0.0,0.0,0.0,True,F,1545.0,P,7475,1
Mars,True,TRAPPIST-1e,36.0,False,0.0,0.0,0.0,0.0,0.0,True,F,1545.0,P,7475,2
Earth,False,PSO J318.5-22,22.0,False,27.0,0.0,0.0,663.0,0.0,False,F,1546.0,P,7477,1
Europa,False,Unknown,56.0,False,0.0,5711.0,0.0,0.0,50.0,True,C,276.0,S,7478,1
Mars,True,TRAPPIST-1e,34.0,False,0.0,0.0,0.0,0.0,0.0,True,F,1429.0,S,7479,1
Earth,False,TRAPPIST-1e,46.0,False,0.0,0.0,1.0,0.0,1778.0,False,G,1215.0,S,7481,1
Mars,False,PSO J318.5-22,43.0,False,244.0,0.0,358.0,160.0,800.0,True,E,485.0,P,7483,1
Earth,False,55 Cancri e,25.0,False,0.0,1435.0,0.0,0.0,0.0,True,G,1209.0,P,7484,1
Europa,False,TRAPPIST-1e,26.0,False,36.0,2285.0,0.0,2287.0,159.0,False,F,82.0,S,7485,1
Earth,False,55 Cancri e,14.0,False,0.0,184.0,16.0,1234.0,0.0,False,G,1210.0,P,7486,1
Earth,False,TRAPPIST-1e,63.0,False,174.0,282.0,321.0,8.0,0.0,True,G,1216.0,S,7487,1
Mars,False,TRAPPIST-1e,29.0,False,558.0,0.0,386.0,355.0,0.0,False,E,486.0,P,7488,1
Mars,True,PSO J318.5-22,45.0,False,0.0,0.0,0.0,0.0,0.0,True,E,486.0,P,7488,2
Earth,True,TRAPPIST-1e,15.0,False,0.0,0.0,0.0,0.0,0.0,True,G,1217.0,S,7490,1
Mars,False,TRAPPIST-1e,19.0,False,193.0,0.0,2956.0,0.0,0.0,True,D,224.0,S,7492,1
Earth,False,TRAPPIST-1e,53.0,False,2.0,794.0,425.0,0.0,397.0,False,E,487.0,P,7494,1
Mars,False,TRAPPIST-1e,45.0,False,2.0,36.0,1110.0,9.0,0.0,False,F,1431.0,S,7495,1
Europa,False,55 Cancri e,41.0,False,0.0,2383.0,0.0,2.0,97.0,True,C,278.0,S,7496,1
Mars,False,TRAPPIST-1e,68.0,True,523.0,0.0,859.0,201.0,782.0,False,F,1550.0,P,7498,1
Mars,True,TRAPPIST-1e,5.0,False,0.0,0.0,0.0,0.0,0.0,True,F,1550.0,P,7498,2
Mars,False,TRAPPIST-1e,27.0,True,30.0,0.0,910.0,0.0,0.0,True,F,1550.0,P,7498,3
Earth,False,55 Cancri e,20.0,False,30.0,132.0,1121.0,0.0,0.0,True,F,1551.0,P,7499,1
Unknown,False,TRAPPIST-1e,54.0,True,1770.0,7.0,228.0,0.0,0.0,False,F,1432.0,S,7500,1
Earth,False,TRAPPIST-1e,18.0,False,0.0,0.0,0.0,484.0,320.0,False,F,1433.0,S,7501,1
Europa,False,55 Cancri e,45.0,False,66.0,5974.0,0.0,0.0,625.0,True,C,241.0,P,7502,1
Europa,True,TRAPPIST-1e,26.0,False,0.0,0.0,0.0,0.0,0.0,True,B,283.0,S,7503,1
Europa,False,TRAPPIST-1e,37.0,False,1577.0,11396.0,0.0,1014.0,560.0,True,B,283.0,S,7503,2
Earth,False,TRAPPIST-1e,30.0,False,0.0,2.0,0.0,690.0,86.0,False,F,1552.0,P,7504,1
Mars,False,TRAPPIST-1e,51.0,True,511.0,0.0,291.0,4212.0,0.0,False,F,1553.0,P,7505,1
Mars,True,TRAPPIST-1e,3.0,False,0.0,0.0,0.0,0.0,0.0,True,F,1553.0,P,7505,2
Mars,True,TRAPPIST-1e,3.0,False,0.0,0.0,0.0,0.0,0.0,True,F,1553.0,P,7505,3
Earth,False,TRAPPIST-1e,19.0,False,2110.0,0.0,0.0,0.0,1.0,False,F,1554.0,P,7506,1
Earth,False,TRAPPIST-1e,19.0,False,0.0,789.0,0.0,0.0,0.0,False,E,499.0,S,7507,1
Earth,False,TRAPPIST-1e,6.0,False,0.0,0.0,0.0,0.0,0.0,True,E,499.0,S,7507,2
Earth,False,55 Cancri e,4.0,False,0.0,0.0,0.0,0.0,0.0,True,E,499.0,S,7507,3
Europa,False,TRAPPIST-1e,23.0,False,3580.0,564.0,103.0,0.0,90.0,False,B,284.0,S,7508,1
Earth,False,TRAPPIST-1e,37.0,False,1442.0,4.0,0.0,3.0,0.0,False,F,1434.0,S,7509,1
Mars,False,55 Cancri e,18.0,False,1092.0,0.0,208.0,150.0,0.0,False,F,1435.0,S,7510,1
Earth,False,PSO J318.5-22,29.0,False,5.0,598.0,0.0,0.0,0.0,False,F,1436.0,S,7512,1
Earth,False,TRAPPIST-1e,25.0,False,0.0,779.0,0.0,2.0,6.0,False,E,488.0,P,7513,1
Earth,False,TRAPPIST-1e,52.0,False,0.0,0.0,47.0,2059.0,0.0,False,F,1555.0,P,7514,1
Mars,True,TRAPPIST-1e,24.0,False,0.0,0.0,0.0,0.0,0.0,False,F,1437.0,S,7515,1
Mars,False,TRAPPIST-1e,0.0,False,0.0,0.0,0.0,0.0,0.0,True,F,1437.0,S,7515,2
Earth,False,PSO J318.5-22,25.0,False,15.0,3.0,0.0,635.0,0.0,False,F,1557.0,P,7517,1
Europa,True,TRAPPIST-1e,26.0,False,0.0,0.0,0.0,0.0,0.0,True,B,246.0,P,7518,1
Europa,False,PSO J318.5-22,32.0,True,2502.0,700.0,1104.0,13902.0,484.0,False,B,246.0,P,7518,2
Earth,False,TRAPPIST-1e,58.0,False,1366.0,257.0,0.0,0.0,311.0,False,F,1559.0,P,7520,1
Earth,False,TRAPPIST-1e,44.0,False,657.0,0.0,103.0,0.0,394.0,False,F,1560.0,P,7521,1
Earth,False,TRAPPIST-1e,41.0,False,0.0,0.0,0.0,0.0,908.0,False,G,1214.0,P,7522,1
Earth,False,TRAPPIST-1e,24.0,False,0.0,0.0,643.0,167.0,0.0,True,G,1219.0,S,7523,1
Earth,True,TRAPPIST-1e,41.0,False,0.0,0.0,0.0,0.0,0.0,True,G,1215.0,P,7524,1
Earth,True,PSO J318.5-22,23.0,False,0.0,0.0,0.0,0.0,0.0,True,G,1215.0,P,7524,2
Europa,False,TRAPPIST-1e,27.0,False,390.0,1377.0,0.0,2809.0,4914.0,False,C,279.0,S,7525,1
Europa,True,55 Cancri e,61.0,False,0.0,0.0,0.0,0.0,0.0,True,C,279.0,S,7525,2
Earth,False,TRAPPIST-1e,18.0,False,0.0,732.0,2.0,13.0,47.0,True,F,1561.0,P,7527,1
Earth,True,TRAPPIST-1e,18.0,False,0.0,0.0,0.0,0.0,0.0,True,G,1221.0,S,7529,1
Europa,True,TRAPPIST-1e,28.82793046746535,False,0.0,0.0,0.0,0.0,0.0,True,B,286.0,S,7531,1
Europa,True,55 Cancri e,15.0,False,0.0,0.0,0.0,0.0,0.0,True,B,286.0,S,7531,2
Earth,False,55 Cancri e,12.0,False,0.0,0.0,0.0,0.0,0.0,True,G,1223.0,S,7533,1
Earth,False,PSO J318.5-22,40.0,False,420.0,0.0,345.0,1.0,0.0,False,F,1439.0,S,7534,1
Earth,False,TRAPPIST-1e,19.0,False,122.0,2.0,0.0,480.0,565.0,True,F,1562.0,P,7535,1
Mars,True,TRAPPIST-1e,18.0,False,0.0,0.0,0.0,0.0,0.0,True,F,1440.0,S,7536,1
Europa,False,TRAPPIST-1e,48.0,True,313.0,2864.0,0.0,0.0,12424.0,False,A,81.0,P,7538,1
Europa,False,55 Cancri e,37.0,False,18.0,2669.0,0.0,1229.0,0.0,False,A,81.0,P,7538,2
Earth,False,TRAPPIST-1e,35.0,False,4.0,53.0,0.0,0.0,844.0,False,F,1442.0,S,7542,1
Earth,False,TRAPPIST-1e,29.0,False,0.0,0.0,702.0,0.0,56.0,False,F,1564.0,P,7543,1
Earth,False,TRAPPIST-1e,54.0,False,118.0,0.0,0.0,669.0,0.0,False,E,501.0,S,7544,1
Earth,True,TRAPPIST-1e,28.82793046746535,False,0.0,0.0,0.0,0.0,0.0,False,G,1225.0,S,7545,1
Earth,False,TRAPPIST-1e,22.0,False,0.0,19.0,1468.0,2.0,119.0,True,E,489.0,P,7549,1
Earth,True,PSO J318.5-22,18.0,False,0.0,0.0,0.0,0.0,0.0,True,G,1216.0,P,7550,1
Earth,False,TRAPPIST-1e,26.0,False,0.0,652.0,97.0,43.0,0.0,True,E,490.0,P,7552,1
Earth,False,PSO J318.5-22,19.0,False,10.0,24.0,0.0,0.0,565.0,False,F,1444.0,S,7553,1
Earth,False,TRAPPIST-1e,22.0,False,0.0,0.0,441.0,0.0,423.0,False,F,1569.0,P,7559,1
Europa,False,TRAPPIST-1e,17.0,False,0.0,0.0,0.0,0.0,0.0,True,C,244.0,P,7560,1
Earth,False,TRAPPIST-1e,18.0,False,388.0,182.0,0.0,66.0,140.0,False,F,1445.0,S,7561,1
Mars,True,55 Cancri e,39.0,False,0.0,0.0,0.0,0.0,0.0,True,F,1570.0,P,7563,1
Europa,False,TRAPPIST-1e,37.0,False,2.0,7272.0,0.0,50.0,1282.0,True,B,247.0,P,7565,1
Europa,True,55 Cancri e,17.0,False,0.0,0.0,0.0,0.0,0.0,True,B,247.0,P,7565,2
Europa,False,55 Cancri e,25.0,False,0.0,772.0,0.0,125.0,5913.0,False,B,247.0,P,7565,3
Europa,False,TRAPPIST-1e,9.0,False,0.0,0.0,0.0,0.0,0.0,True,B,247.0,P,7565,4
Earth,True,55 Cancri e,15.0,False,0.0,0.0,0.0,0.0,0.0,False,G,1227.0,S,7567,1
Earth,False,TRAPPIST-1e,19.0,False,380.0,0.0,416.0,0.0,8.0,False,F,1571.0,P,7568,1
Mars,False,TRAPPIST-1e,18.0,False,3591.0,0.0,158.0,0.0,120.0,False,E,493.0,P,7569,1
Mars,False,TRAPPIST-1e,50.0,True,828.0,0.0,572.0,1367.0,0.0,False,D,237.0,P,7569,2
Earth,True,TRAPPIST-1e,14.0,False,0.0,0.0,0.0,0.0,0.0,False,G,1228.0,S,7572,1
Earth,True,PSO J318.5-22,19.0,False,0.0,0.0,0.0,0.0,0.0,False,G,1217.0,P,7573,1
Europa,True,55 Cancri e,33.0,False,0.0,0.0,0.0,0.0,0.0,True,B,287.0,S,7574,1
Europa,False,TRAPPIST-1e,23.0,False,30.0,2237.0,1.0,49.0,52.0,True,D,239.0,P,7576,1
Europa,False,TRAPPIST-1e,39.0,False,2.0,530.0,0.0,0.0,1360.0,False,D,239.0,P,7576,2
Earth,False,PSO J318.5-22,14.0,False,80.0,130.0,0.0,1323.0,0.0,False,E,502.0,S,7577,1
Earth,False,55 Cancri e,14.0,False,653.0,0.0,4.0,0.0,0.0,False,F,1572.0,P,7578,1
Earth,False,PSO J318.5-22,45.0,False,1.0,7.0,56.0,613.0,0.0,True,G,1229.0,S,7579,1
Earth,True,TRAPPIST-1e,22.0,False,0.0,0.0,0.0,0.0,0.0,True,G,1230.0,S,7580,1
Mars,False,TRAPPIST-1e,36.0,False,32.0,355.0,1826.0,9.0,0.0,True,F,1574.0,P,7583,1
Europa,False,Unknown,19.0,False,0.0,0.0,0.0,0.0,0.0,True,B,288.0,S,7584,1
Europa,True,TRAPPIST-1e,59.0,False,0.0,0.0,0.0,0.0,0.0,True,B,288.0,S,7584,2
Unknown,False,TRAPPIST-1e,31.0,False,0.0,1000.0,0.0,19.0,1776.0,False,B,288.0,S,7584,3
Europa,True,55 Cancri e,31.0,False,0.0,0.0,0.0,0.0,0.0,True,C,281.0,S,7585,1
Europa,False,TRAPPIST-1e,39.0,False,8209.0,18.0,432.0,3560.0,54.0,False,C,281.0,S,7585,2
Europa,False,TRAPPIST-1e,28.0,False,0.0,2674.0,1309.0,18.0,11.0,True,C,281.0,S,7585,3
Europa,True,TRAPPIST-1e,19.0,False,0.0,0.0,0.0,0.0,0.0,True,C,281.0,S,7585,4
Europa,False,TRAPPIST-1e,29.0,False,220.0,1130.0,0.0,7.0,951.0,True,C,245.0,P,7586,1
Earth,True,55 Cancri e,0.0,False,0.0,0.0,0.0,0.0,0.0,True,G,1219.0,P,7588,1
Earth,False,55 Cancri e,15.0,False,0.0,714.0,0.0,0.0,0.0,True,G,1219.0,P,7588,2
Earth,False,TRAPPIST-1e,18.0,False,0.0,0.0,0.0,1586.0,0.0,False,F,1450.0,S,7592,1
Europa,True,55 Cancri e,49.0,False,0.0,0.0,0.0,0.0,0.0,True,C,282.0,S,7594,1
Earth,False,TRAPPIST-1e,36.0,False,0.0,7.0,661.0,0.0,93.0,True,F,1451.0,S,7595,1
Europa,True,55 Cancri e,40.0,False,0.0,0.0,0.0,0.0,0.0,True,C,283.0,S,7596,1
Europa,True,TRAPPIST-1e,56.0,False,0.0,0.0,0.0,0.0,0.0,True,C,283.0,S,7596,2
Earth,True,PSO J318.5-22,67.0,False,0.0,0.0,0.0,0.0,0.0,True,G,1231.0,S,7598,1
Earth,False,TRAPPIST-1e,44.0,False,0.0,204.0,135.0,225.0,223.0,False,E,495.0,P,7599,1
Earth,False,TRAPPIST-1e,17.0,False,214.0,552.0,0.0,241.0,0.0,False,G,1232.0,S,7601,1
Mars,True,TRAPPIST-1e,27.0,False,0.0,0.0,0.0,0.0,0.0,True,F,1579.0,P,7604,1
Mars,False,TRAPPIST-1e,23.0,False,463.0,0.0,658.0,0.0,0.0,False,F,1579.0,P,7604,2
Mars,False,55 Cancri e,28.0,False,2484.0,136.0,42.0,0.0,0.0,False,F,1452.0,S,7605,1
Mars,True,TRAPPIST-1e,54.0,False,0.0,0.0,0.0,0.0,0.0,True,F,1453.0,S,7606,1
Mars,True,TRAPPIST-1e,26.0,False,0.0,0.0,0.0,0.0,0.0,True,F,1454.0,S,7608,1
Europa,False,55 Cancri e,40.0,True,0.0,21.0,0.0,1503.0,1392.0,False,A,83.0,P,7609,1
Europa,True,TRAPPIST-1e,39.0,False,0.0,0.0,0.0,0.0,0.0,True,A,83.0,P,7609,2
Europa,True,55 Cancri e,40.0,False,0.0,0.0,0.0,0.0,0.0,True,C,246.0,P,7614,1
Earth,False,PSO J318.5-22,20.0,False,11.0,725.0,0.0,0.0,0.0,True,F,1457.0,S,7616,1
Earth,False,TRAPPIST-1e,18.0,False,761.0,21.0,27.0,0.0,0.0,True,G,1235.0,S,7618,1
Mars,False,Unknown,17.0,False,3651.0,0.0,2228.0,38.0,0.0,False,F,1583.0,P,7620,1
Europa,True,55 Cancri e,35.0,False,0.0,0.0,0.0,0.0,0.0,True,B,250.0,P,7621,1
Earth,False,TRAPPIST-1e,31.0,False,0.0,0.0,185.0,584.0,0.0,False,G,1237.0,S,7622,1
Earth,False,TRAPPIST-1e,40.0,False,0.0,0.0,84.0,798.0,0.0,False,G,1223.0,P,7623,1
Europa,True,PSO J318.5-22,50.0,False,0.0,0.0,0.0,0.0,0.0,True,C,284.0,S,7624,1
Earth,False,TRAPPIST-1e,21.0,False,0.0,0.0,114.0,2.0,683.0,False,F,1458.0,S,7625,1
Earth,False,TRAPPIST-1e,29.0,False,767.0,16.0,9.0,0.0,0.0,False,E,496.0,P,7626,1
Europa,False,55 Cancri e,63.0,False,0.0,5036.0,4.0,519.0,0.0,True,A,92.0,S,7627,1
Mars,False,TRAPPIST-1e,19.0,False,37.0,0.0,1288.0,0.0,0.0,True,F,1584.0,P,7628,1
Mars,False,TRAPPIST-1e,36.0,False,1103.0,3.0,0.0,0.0,659.0,False,D,240.0,P,7628,2
Earth,False,55 Cancri e,48.0,False,0.0,172.0,115.0,1.0,645.0,False,F,1585.0,P,7630,1
Europa,False,TRAPPIST-1e,33.0,False,81.0,1125.0,481.0,505.0,1261.0,False,E,497.0,P,7631,1
Mars,False,TRAPPIST-1e,28.0,False,2703.0,0.0,4.0,1.0,0.0,False,D,226.0,S,7632,1
Unknown,False,TRAPPIST-1e,39.0,False,0.0,0.0,0.0,847.0,1.0,False,G,1224.0,P,7633,1
Earth,True,Unknown,27.0,False,0.0,0.0,0.0,0.0,0.0,True,G,1239.0,S,7634,1
Europa,True,55 Cancri e,58.0,False,0.0,0.0,0.0,0.0,0.0,True,B,289.0,S,7635,1
Europa,True,55 Cancri e,44.0,False,0.0,0.0,0.0,0.0,0.0,True,B,290.0,S,7639,1
Earth,True,TRAPPIST-1e,23.0,False,0.0,0.0,0.0,0.0,0.0,True,G,1226.0,P,7640,1
Earth,False,55 Cancri e,21.0,False,618.0,33.0,1.0,2.0,0.0,True,F,1586.0,P,7641,1
Europa,False,55 Cancri e,53.0,False,8.0,1489.0,0.0,2723.0,7401.0,False,C,247.0,P,7643,1
Europa,True,TRAPPIST-1e,14.0,False,0.0,0.0,0.0,0.0,0.0,True,C,247.0,P,7643,2
Earth,True,PSO J318.5-22,17.0,False,0.0,0.0,0.0,0.0,0.0,True,G,1227.0,P,7644,1
Europa,False,55 Cancri e,25.0,False,0.0,16016.0,1025.0,189.0,1037.0,True,C,285.0,S,7646,1
Europa,False,55 Cancri e,44.0,True,3010.0,26.0,0.0,62.0,904.0,False,C,285.0,S,7646,2
Europa,False,55 Cancri e,24.0,False,145.0,4224.0,0.0,5.0,61.0,True,C,285.0,S,7646,3
Earth,False,TRAPPIST-1e,24.0,False,0.0,7.0,127.0,639.0,37.0,False,G,1240.0,S,7647,1
Earth,True,TRAPPIST-1e,24.0,False,0.0,0.0,0.0,0.0,0.0,True,G,1241.0,S,7649,1
Earth,True,TRAPPIST-1e,0.0,False,0.0,0.0,0.0,0.0,0.0,True,G,1242.0,S,7650,1
Earth,True,55 Cancri e,7.0,False,0.0,0.0,0.0,0.0,0.0,False,G,1242.0,S,7650,2
Earth,True,PSO J318.5-22,3.0,False,0.0,0.0,0.0,0.0,0.0,True,G,1242.0,S,7650,3
Earth,False,TRAPPIST-1e,18.0,False,711.0,12.0,0.0,83.0,0.0,True,F,1461.0,S,7650,4
Earth,True,TRAPPIST-1e,4.0,False,0.0,0.0,0.0,0.0,0.0,False,G,1242.0,S,7650,5
Europa,True,55 Cancri e,40.0,False,0.0,0.0,0.0,0.0,0.0,True,B,292.0,S,7652,1
Earth,True,TRAPPIST-1e,16.0,False,0.0,0.0,0.0,0.0,0.0,False,G,1244.0,S,7656,1
Europa,True,55 Cancri e,25.0,False,0.0,0.0,0.0,0.0,0.0,True,B,294.0,S,7660,1
Earth,True,TRAPPIST-1e,10.0,False,0.0,0.0,0.0,0.0,0.0,True,G,1245.0,S,7661,1
Earth,True,Unknown,40.0,False,0.0,0.0,0.0,0.0,0.0,True,G,1229.0,P,7665,1
Mars,True,TRAPPIST-1e,19.0,False,0.0,0.0,0.0,0.0,0.0,True,F,1591.0,P,7666,1
Europa,True,55 Cancri e,15.0,False,0.0,0.0,0.0,0.0,0.0,True,B,251.0,P,7667,1
Earth,False,TRAPPIST-1e,24.0,False,0.0,636.0,136.0,37.0,0.0,False,G,1230.0,P,7669,1
Mars,True,TRAPPIST-1e,21.0,False,0.0,0.0,0.0,0.0,0.0,True,F,1465.0,S,7670,1
Earth,False,TRAPPIST-1e,29.0,False,0.0,7.0,31.0,700.0,0.0,False,F,1466.0,S,7671,1
Mars,False,TRAPPIST-1e,37.0,True,2771.0,0.0,6.0,1.0,10.0,False,D,227.0,S,7676,1
Earth,True,PSO J318.5-22,49.0,False,0.0,0.0,0.0,0.0,0.0,False,G,1247.0,S,7677,1
Earth,False,TRAPPIST-1e,42.0,False,1132.0,0.0,0.0,77.0,608.0,False,G,1231.0,P,7678,1
Earth,True,TRAPPIST-1e,54.0,False,0.0,0.0,0.0,0.0,0.0,True,G,1231.0,P,7678,2
Earth,True,TRAPPIST-1e,33.0,False,0.0,0.0,0.0,0.0,0.0,False,G,1232.0,P,7679,1
Europa,False,TRAPPIST-1e,27.0,False,0.0,6.0,0.0,7786.0,0.0,False,C,250.0,P,7680,1
Earth,True,TRAPPIST-1e,53.0,False,0.0,0.0,0.0,0.0,0.0,False,G,1248.0,S,7682,1
Earth,False,TRAPPIST-1e,28.0,False,0.0,817.0,58.0,0.0,25.0,True,F,1467.0,S,7683,1
Europa,False,TRAPPIST-1e,24.0,False,812.0,5450.0,0.0,1.0,262.0,True,C,286.0,S,7684,1
Earth,False,PSO J318.5-22,20.0,False,0.0,0.0,8.0,1.0,1175.0,False,F,1596.0,P,7687,1
Earth,False,TRAPPIST-1e,0.0,False,0.0,0.0,0.0,0.0,0.0,False,G,1233.0,P,7688,1
Earth,False,Unknown,24.0,False,0.0,96.0,0.0,597.0,0.0,False,F,1597.0,P,7689,1
Earth,False,TRAPPIST-1e,28.0,False,0.0,0.0,0.0,0.0,0.0,True,G,1234.0,P,7690,1
Mars,True,TRAPPIST-1e,42.0,False,0.0,0.0,0.0,0.0,0.0,True,F,1598.0,P,7691,1
Europa,False,55 Cancri e,32.0,True,0.0,48.0,0.0,3204.0,112.0,False,C,287.0,S,7692,1
Europa,False,TRAPPIST-1e,36.0,False,0.0,2979.0,0.0,68.0,347.0,True,B,252.0,P,7693,1
Europa,False,TRAPPIST-1e,40.0,False,0.0,0.0,0.0,0.0,0.0,True,B,252.0,P,7693,2
Earth,False,TRAPPIST-1e,30.0,False,574.0,0.0,0.0,25.0,2.0,False,F,1599.0,P,7694,1
Mars,False,TRAPPIST-1e,34.0,False,751.0,0.0,185.0,0.0,77.0,False,E,499.0,P,7696,1
Mars,False,TRAPPIST-1e,37.0,False,1000.0,0.0,80.0,40.0,0.0,False,F,1601.0,P,7696,2
Europa,False,TRAPPIST-1e,41.0,False,0.0,0.0,0.0,0.0,0.0,True,B,295.0,S,7697,1
Europa,True,55 Cancri e,25.0,False,0.0,0.0,0.0,0.0,0.0,True,B,295.0,S,7697,2
Mars,False,TRAPPIST-1e,39.0,False,332.0,0.0,728.0,2.0,86.0,True,F,1602.0,P,7698,1
Earth,False,55 Cancri e,0.0,False,0.0,0.0,0.0,0.0,0.0,True,G,1235.0,P,7699,1
Mars,False,TRAPPIST-1e,54.0,False,1144.0,140.0,2.0,2.0,0.0,False,F,1603.0,P,7700,1
Earth,True,TRAPPIST-1e,16.0,False,0.0,0.0,0.0,0.0,0.0,False,G,1236.0,P,7702,1
Earth,False,TRAPPIST-1e,0.0,False,0.0,0.0,0.0,0.0,0.0,True,G,1251.0,S,7703,1
Unknown,True,TRAPPIST-1e,13.0,False,0.0,0.0,0.0,0.0,0.0,True,G,1251.0,S,7703,2
Mars,False,TRAPPIST-1e,46.0,False,5888.0,0.0,13.0,12.0,0.0,False,F,1470.0,S,7705,1
Earth,False,Unknown,23.0,False,40.0,4.0,9.0,318.0,1413.0,False,G,1237.0,P,7707,1
Earth,False,TRAPPIST-1e,18.0,False,110.0,103.0,471.0,11.0,1.0,False,F,1471.0,S,7708,1
Earth,False,PSO J318.5-22,27.0,False,2647.0,0.0,0.0,42.0,32.0,False,F,1604.0,P,7709,1
Earth,True,PSO J318.5-22,24.0,False,0.0,0.0,0.0,0.0,0.0,False,G,1238.0,P,7709,2
Europa,False,TRAPPIST-1e,27.0,False,118.0,1769.0,4127.0,118.0,619.0,True,B,253.0,P,7710,1
Unknown,False,TRAPPIST-1e,24.0,False,0.0,82.0,0.0,1624.0,77.0,False,D,241.0,P,7711,1
Europa,False,TRAPPIST-1e,25.0,True,1.0,4298.0,0.0,0.0,2.0,True,A,93.0,S,7712,1
Europa,True,TRAPPIST-1e,30.0,False,0.0,0.0,0.0,0.0,0.0,True,B,296.0,S,7713,1
Earth,False,TRAPPIST-1e,19.0,False,0.0,28.0,62.0,24.0,1686.0,False,G,1239.0,P,7714,1
Earth,False,55 Cancri e,18.0,False,1.0,5.0,305.0,347.0,0.0,False,F,1605.0,P,7715,1
Europa,True,55 Cancri e,49.0,False,0.0,0.0,0.0,0.0,0.0,True,E,500.0,P,7716,1
Earth,False,TRAPPIST-1e,64.0,False,0.0,0.0,0.0,563.0,344.0,False,G,1240.0,P,7717,1
Mars,True,TRAPPIST-1e,26.0,False,0.0,0.0,0.0,0.0,0.0,True,E,506.0,S,7719,1
Earth,False,55 Cancri e,53.0,False,0.0,0.0,754.0,46.0,0.0,False,F,1606.0,P,7720,1
Mars,False,TRAPPIST-1e,27.0,False,83.0,0.0,2621.0,5.0,0.0,True,D,242.0,P,7721,1
Europa,True,TRAPPIST-1e,27.0,False,0.0,0.0,0.0,0.0,0.0,True,B,254.0,P,7723,1
Mars,False,TRAPPIST-1e,25.0,False,338.0,319.0,32.0,15.0,0.0,False,F,1472.0,S,7724,1
Earth,False,55 Cancri e,33.0,False,0.0,0.0,0.0,436.0,224.0,True,E,507.0,S,7727,1
Europa,False,TRAPPIST-1e,27.0,False,0.0,9.0,0.0,40.0,7621.0,False,C,289.0,S,7728,1
Europa,True,55 Cancri e,20.0,False,0.0,0.0,0.0,0.0,0.0,True,C,251.0,P,7729,1
Europa,True,55 Cancri e,39.0,False,0.0,0.0,0.0,0.0,0.0,True,B,255.0,P,7731,1
Mars,False,TRAPPIST-1e,27.0,False,1730.0,0.0,379.0,5.0,0.0,False,E,502.0,P,7736,1
Mars,True,TRAPPIST-1e,19.0,False,0.0,0.0,0.0,0.0,0.0,True,F,1476.0,S,7738,1
Earth,False,TRAPPIST-1e,22.0,False,60.0,48.0,0.0,0.0,500.0,False,F,1609.0,P,7739,1
Earth,False,TRAPPIST-1e,3.0,False,0.0,0.0,0.0,0.0,0.0,False,G,1252.0,S,7741,1
Earth,False,TRAPPIST-1e,24.0,False,9.0,769.0,9.0,0.0,0.0,False,E,508.0,S,7741,2
Mars,True,TRAPPIST-1e,41.0,False,0.0,0.0,0.0,0.0,0.0,True,F,1477.0,S,7742,1
Mars,True,TRAPPIST-1e,18.0,False,0.0,0.0,0.0,0.0,0.0,True,F,1477.0,S,7742,2
Earth,False,TRAPPIST-1e,63.0,False,0.0,243.0,0.0,777.0,0.0,False,G,1244.0,P,7743,1
Europa,False,TRAPPIST-1e,19.0,False,0.0,4534.0,0.0,617.0,1156.0,False,B,298.0,S,7744,1
Europa,True,TRAPPIST-1e,39.0,False,0.0,0.0,0.0,0.0,0.0,True,B,298.0,S,7744,2
Europa,True,55 Cancri e,28.82793046746535,False,0.0,0.0,0.0,0.0,0.0,True,F,82.0,S,7746,1
Mars,False,TRAPPIST-1e,41.0,False,688.0,31.0,1880.0,0.0,0.0,False,F,1611.0,P,7747,1
Europa,False,TRAPPIST-1e,44.0,False,18.0,1451.0,0.0,279.0,64.0,False,A,94.0,S,7748,1
Europa,False,TRAPPIST-1e,39.0,True,0.0,395.0,0.0,1012.0,1080.0,False,A,94.0,S,7748,2
Mars,True,55 Cancri e,29.0,False,0.0,0.0,0.0,0.0,0.0,True,D,244.0,P,7749,1
Mars,False,TRAPPIST-1e,37.0,False,416.0,56.0,1912.0,0.0,0.0,False,D,244.0,P,7749,2
Europa,True,55 Cancri e,41.0,False,0.0,0.0,0.0,0.0,0.0,True,C,252.0,P,7751,1
Earth,False,PSO J318.5-22,18.0,False,0.0,0.0,0.0,746.0,1.0,False,F,1480.0,S,7752,1
Earth,True,55 Cancri e,28.82793046746535,False,0.0,0.0,0.0,0.0,0.0,False,G,1245.0,P,7753,1
Europa,False,55 Cancri e,55.0,False,1.0,2670.0,34.0,542.0,1339.0,True,B,299.0,S,7754,1
Earth,True,TRAPPIST-1e,21.0,False,0.0,0.0,0.0,0.0,0.0,True,E,503.0,P,7755,1
Europa,True,TRAPPIST-1e,28.0,False,0.0,0.0,0.0,0.0,0.0,True,B,300.0,S,7757,1
Europa,False,TRAPPIST-1e,43.0,False,0.0,8948.0,0.0,153.0,872.0,True,B,300.0,S,7757,2
Earth,False,PSO J318.5-22,32.0,False,0.0,494.0,0.0,0.0,213.0,False,G,1253.0,S,7760,1
Earth,False,TRAPPIST-1e,23.0,False,1.0,0.0,0.0,237.0,553.0,True,F,1612.0,P,7761,1
Earth,True,55 Cancri e,5.0,False,0.0,0.0,0.0,0.0,0.0,True,G,1246.0,P,7761,2
Earth,False,55 Cancri e,14.0,False,325.0,0.0,19.0,506.0,2.0,False,G,1254.0,S,7763,1
Earth,False,TRAPPIST-1e,24.0,False,1405.0,0.0,14.0,2.0,163.0,False,F,1613.0,P,7764,1
Earth,True,PSO J318.5-22,22.0,False,0.0,0.0,0.0,0.0,0.0,True,G,1257.0,S,7767,1
Earth,False,TRAPPIST-1e,14.0,False,0.0,268.0,239.0,127.0,0.0,True,F,1484.0,S,7768,1
Earth,False,TRAPPIST-1e,20.0,False,98.0,499.0,0.0,142.0,52.0,False,E,504.0,P,7769,1
Earth,False,TRAPPIST-1e,17.0,False,527.0,124.0,37.0,290.0,30.0,False,G,1258.0,S,7770,1
Earth,False,55 Cancri e,20.0,False,748.0,0.0,0.0,0.0,487.0,False,F,1485.0,S,7770,2
Earth,False,TRAPPIST-1e,22.0,False,0.0,0.0,692.0,18.0,0.0,True,G,1259.0,S,7771,1
Earth,True,TRAPPIST-1e,15.0,False,0.0,0.0,0.0,0.0,0.0,True,G,1248.0,P,7773,1
Mars,False,55 Cancri e,67.0,False,1146.0,16.0,39.0,0.0,518.0,True,D,245.0,P,7774,1
Europa,False,55 Cancri e,28.0,False,7.0,489.0,0.0,4.0,6027.0,False,C,253.0,P,7775,1
Europa,False,Unknown,57.0,False,0.0,412.0,0.0,5491.0,234.0,False,D,246.0,P,7776,1
Earth,True,PSO J318.5-22,21.0,False,0.0,0.0,0.0,0.0,0.0,True,G,1249.0,P,7777,1
Mars,False,TRAPPIST-1e,34.0,False,1199.0,33.0,346.0,0.0,0.0,False,F,1486.0,S,7778,1
Mars,True,TRAPPIST-1e,17.0,False,0.0,0.0,0.0,0.0,0.0,False,E,510.0,S,7778,2
Earth,False,55 Cancri e,33.0,False,0.0,53.0,615.0,9.0,0.0,True,F,1614.0,P,7780,1
Europa,False,55 Cancri e,33.0,False,0.0,73.0,31.0,8493.0,9065.0,False,C,291.0,S,7782,1
Europa,False,TRAPPIST-1e,28.0,False,0.0,180.0,0.0,778.0,4973.0,False,C,291.0,S,7782,2
Mars,True,TRAPPIST-1e,18.0,False,0.0,0.0,0.0,0.0,0.0,True,F,1487.0,S,7783,1
Mars,True,TRAPPIST-1e,28.0,False,0.0,0.0,0.0,0.0,0.0,True,F,1615.0,P,7784,1
Earth,False,TRAPPIST-1e,13.0,False,406.0,0.0,52.0,0.0,387.0,False,G,1261.0,S,7785,1
Earth,False,TRAPPIST-1e,38.0,False,0.0,0.0,0.0,45.0,3372.0,False,F,1616.0,P,7786,1
Europa,False,55 Cancri e,39.0,False,258.0,1541.0,0.0,0.0,621.0,False,B,301.0,S,7787,1
Europa,True,TRAPPIST-1e,18.0,False,0.0,0.0,0.0,0.0,0.0,True,F,82.0,S,7787,2
Earth,False,PSO J318.5-22,43.0,False,0.0,0.0,110.0,538.0,0.0,False,F,1488.0,S,7788,1
Earth,False,TRAPPIST-1e,32.0,False,0.0,368.0,0.0,304.0,741.0,False,F,1489.0,S,7789,1
Unknown,True,TRAPPIST-1e,29.0,False,0.0,0.0,0.0,0.0,0.0,False,F,1490.0,S,7790,1
Mars,False,55 Cancri e,45.0,False,810.0,0.0,132.0,198.0,0.0,False,F,1490.0,S,7790,2
Mars,True,TRAPPIST-1e,25.0,False,0.0,0.0,0.0,0.0,0.0,True,F,1490.0,S,7790,3
Earth,False,55 Cancri e,64.0,False,19.0,261.0,208.0,0.0,214.0,False,F,1491.0,S,7791,1
Unknown,False,TRAPPIST-1e,18.0,False,0.0,0.0,0.0,0.0,2141.0,False,F,1617.0,P,7793,1
Earth,False,TRAPPIST-1e,44.0,False,358.0,303.0,0.0,0.0,131.0,False,E,506.0,P,7797,1
Earth,True,TRAPPIST-1e,15.0,False,0.0,0.0,0.0,0.0,0.0,True,G,1251.0,P,7800,1
Unknown,False,55 Cancri e,21.0,False,1720.0,2337.0,0.0,1.0,335.0,False,F,82.0,S,7801,1
Mars,False,TRAPPIST-1e,33.0,False,166.0,634.0,419.0,201.0,1178.0,False,F,1620.0,P,7802,1
Earth,False,55 Cancri e,3.0,False,0.0,0.0,0.0,0.0,0.0,False,G,1253.0,P,7803,1
Earth,True,55 Cancri e,19.0,False,0.0,0.0,0.0,0.0,0.0,True,G,1253.0,P,7803,2
Earth,False,TRAPPIST-1e,37.0,False,0.0,0.0,0.0,0.0,0.0,False,G,1254.0,P,7805,1
Earth,False,55 Cancri e,24.0,False,0.0,688.0,0.0,0.0,1.0,False,F,1621.0,P,7806,1
Earth,False,TRAPPIST-1e,26.0,False,0.0,79.0,53.0,0.0,0.0,False,G,1256.0,P,7808,1
Mars,True,TRAPPIST-1e,26.0,False,0.0,0.0,0.0,0.0,0.0,True,F,1493.0,S,7809,1
Mars,True,TRAPPIST-1e,26.0,False,0.0,0.0,0.0,0.0,0.0,True,F,1493.0,S,7809,2
Earth,False,TRAPPIST-1e,22.0,False,769.0,0.0,0.0,1.0,729.0,False,F,1494.0,S,7810,1
Mars,False,TRAPPIST-1e,26.0,False,1333.0,0.0,50.0,0.0,0.0,False,F,1495.0,S,7812,1
Earth,False,TRAPPIST-1e,27.0,False,0.0,55.0,0.0,740.0,85.0,False,F,1622.0,P,7813,1
Earth,False,PSO J318.5-22,27.0,False,0.0,605.0,0.0,0.0,0.0,True,F,1496.0,S,7815,1
Earth,False,PSO J318.5-22,37.0,False,0.0,925.0,0.0,0.0,0.0,True,F,1497.0,S,7816,1
Earth,True,TRAPPIST-1e,22.0,False,0.0,0.0,0.0,0.0,0.0,False,G,1257.0,P,7818,1
Earth,False,55 Cancri e,24.0,False,0.0,0.0,809.0,0.0,0.0,True,G,1258.0,P,7820,1
Unknown,False,TRAPPIST-1e,23.0,False,535.0,3.0,17.0,0.0,214.0,False,G,1264.0,S,7821,1
Earth,False,PSO J318.5-22,18.0,False,0.0,76.0,0.0,993.0,6.0,False,F,1624.0,P,7824,1
Earth,True,TRAPPIST-1e,28.0,False,0.0,0.0,0.0,0.0,0.0,False,G,1266.0,S,7828,1
Earth,True,TRAPPIST-1e,4.0,False,0.0,0.0,0.0,0.0,0.0,True,G,1267.0,S,7829,1
Earth,True,PSO J318.5-22,23.0,False,0.0,0.0,0.0,0.0,0.0,True,G,1268.0,S,7830,1
Earth,True,PSO J318.5-22,2.0,False,0.0,0.0,0.0,0.0,0.0,True,G,1268.0,S,7830,2
Earth,False,TRAPPIST-1e,46.0,False,0.0,0.0,0.0,17.0,655.0,False,G,1268.0,S,7830,3
Unknown,False,TRAPPIST-1e,0.0,False,0.0,0.0,0.0,0.0,0.0,False,G,1268.0,S,7830,4
Mars,False,TRAPPIST-1e,16.0,False,1095.0,0.0,54.0,0.0,0.0,False,F,1626.0,P,7831,1
Mars,False,TRAPPIST-1e,19.0,False,1823.0,36.0,81.0,0.0,0.0,False,D,228.0,S,7832,1
Europa,False,55 Cancri e,34.0,False,0.0,3424.0,6.0,2445.0,1128.0,False,B,305.0,S,7833,1
Europa,False,TRAPPIST-1e,34.0,False,11.0,3299.0,0.0,1013.0,15.0,True,B,305.0,S,7833,2
Earth,False,TRAPPIST-1e,24.0,False,482.0,967.0,349.0,19.0,0.0,False,G,1269.0,S,7834,1
Earth,True,PSO J318.5-22,28.0,False,0.0,0.0,0.0,0.0,0.0,False,G,1270.0,S,7835,1
Europa,True,55 Cancri e,44.0,False,0.0,0.0,0.0,0.0,0.0,True,B,306.0,S,7837,1
Europa,True,TRAPPIST-1e,35.0,False,0.0,0.0,0.0,0.0,0.0,True,B,306.0,S,7837,2
Earth,False,TRAPPIST-1e,20.0,False,0.0,0.0,0.0,0.0,0.0,False,G,1259.0,P,7839,1
Earth,False,PSO J318.5-22,18.0,False,328.0,0.0,0.0,24.0,309.0,False,F,1500.0,S,7840,1
Earth,False,PSO J318.5-22,43.0,False,6.0,25.0,0.0,5250.0,0.0,False,G,1260.0,P,7841,1
Earth,False,PSO J318.5-22,48.0,False,0.0,0.0,501.0,242.0,0.0,False,F,1627.0,P,7841,2
Mars,False,TRAPPIST-1e,46.0,False,52.0,0.0,1185.0,61.0,0.0,True,E,513.0,S,7842,1
Mars,True,TRAPPIST-1e,75.0,False,0.0,0.0,0.0,0.0,0.0,True,F,82.0,S,7843,1
Europa,True,55 Cancri e,24.0,False,0.0,0.0,0.0,0.0,0.0,True,B,307.0,S,7845,1
Earth,False,TRAPPIST-1e,34.0,False,0.0,9.0,617.0,0.0,281.0,False,G,1261.0,P,7847,1
Mars,False,TRAPPIST-1e,29.0,False,1052.0,0.0,635.0,0.0,0.0,False,F,82.0,S,7848,1
Mars,True,TRAPPIST-1e,46.0,False,0.0,0.0,0.0,0.0,0.0,True,F,1501.0,S,7848,2
Earth,False,TRAPPIST-1e,22.0,False,558.0,63.0,0.0,0.0,0.0,False,G,1271.0,S,7849,1
Mars,True,TRAPPIST-1e,42.0,False,0.0,0.0,0.0,0.0,0.0,False,E,514.0,S,7850,1
Mars,True,TRAPPIST-1e,46.0,False,0.0,0.0,0.0,0.0,0.0,True,F,1629.0,P,7851,1
Earth,False,TRAPPIST-1e,15.0,False,0.0,6.0,0.0,981.0,0.0,False,E,508.0,P,7852,1
Unknown,False,TRAPPIST-1e,42.0,False,1227.0,773.0,14.0,0.0,0.0,False,F,1502.0,S,7853,1
Mars,False,TRAPPIST-1e,31.0,False,166.0,0.0,297.0,835.0,0.0,False,E,515.0,S,7853,2
Mars,True,TRAPPIST-1e,9.0,False,0.0,0.0,0.0,0.0,0.0,True,F,1502.0,S,7853,3
Earth,False,TRAPPIST-1e,34.0,False,0.0,0.0,0.0,156.0,620.0,False,F,1503.0,S,7856,1
Earth,False,TRAPPIST-1e,21.0,False,9.0,0.0,0.0,25.0,811.0,False,G,1264.0,P,7858,1
Earth,False,55 Cancri e,16.0,False,0.0,11.0,0.0,863.0,0.0,False,F,1630.0,P,7858,2
Earth,False,TRAPPIST-1e,40.0,False,634.0,60.0,134.0,0.0,0.0,False,F,1630.0,P,7858,3
Unknown,False,TRAPPIST-1e,23.0,False,550.0,0.0,738.0,0.0,0.0,True,F,1504.0,S,7859,1
Earth,True,TRAPPIST-1e,6.0,False,0.0,0.0,0.0,0.0,0.0,False,G,1265.0,P,7861,1
Earth,False,TRAPPIST-1e,17.0,False,99.0,516.0,1967.0,0.0,6.0,True,F,1505.0,S,7863,1
Earth,False,55 Cancri e,37.0,False,19.0,443.0,1769.0,0.0,3.0,True,F,1506.0,S,7864,1
Europa,True,PSO J318.5-22,30.0,False,0.0,0.0,0.0,0.0,0.0,True,C,293.0,S,7865,1
Europa,True,TRAPPIST-1e,32.0,False,0.0,0.0,0.0,0.0,0.0,True,C,293.0,S,7865,2
Europa,True,55 Cancri e,41.0,False,0.0,0.0,0.0,0.0,0.0,True,C,293.0,S,7865,3
Europa,False,55 Cancri e,43.0,False,0.0,16856.0,0.0,4344.0,977.0,False,C,255.0,P,7866,1
Earth,False,55 Cancri e,17.0,False,6256.0,0.0,0.0,1.0,21.0,False,E,517.0,S,7868,1
Europa,True,TRAPPIST-1e,37.0,False,0.0,0.0,0.0,0.0,0.0,True,B,257.0,P,7870,1
Earth,True,TRAPPIST-1e,18.0,False,0.0,0.0,0.0,0.0,0.0,True,F,82.0,S,7871,1
Earth,False,TRAPPIST-1e,1.0,False,0.0,0.0,0.0,0.0,0.0,False,G,1267.0,P,7872,1
Earth,False,TRAPPIST-1e,38.0,False,0.0,0.0,0.0,1714.0,0.0,False,G,1267.0,P,7872,2
Earth,False,TRAPPIST-1e,25.0,False,131.0,124.0,408.0,196.0,9.0,False,F,1633.0,P,7872,3
Earth,False,TRAPPIST-1e,6.0,False,0.0,0.0,0.0,0.0,0.0,False,G,1267.0,P,7872,4
Earth,True,TRAPPIST-1e,1.0,False,0.0,0.0,0.0,0.0,0.0,True,G,1267.0,P,7872,5
Earth,False,PSO J318.5-22,7.0,False,0.0,0.0,0.0,0.0,0.0,True,G,1267.0,P,7872,6
Unknown,False,TRAPPIST-1e,24.0,False,569.0,156.0,0.0,12.0,0.0,False,F,1634.0,P,7873,1
Earth,False,TRAPPIST-1e,19.0,False,0.0,721.0,0.0,25.0,1.0,True,F,1634.0,P,7873,2
Europa,True,55 Cancri e,26.0,False,0.0,0.0,0.0,0.0,0.0,True,B,309.0,S,7875,1
Earth,False,TRAPPIST-1e,49.0,False,0.0,1738.0,0.0,19.0,0.0,False,G,1268.0,P,7877,1
Earth,False,TRAPPIST-1e,18.0,False,0.0,0.0,32.0,0.0,673.0,False,G,1269.0,P,7878,1
Earth,False,TRAPPIST-1e,25.0,False,0.0,478.0,71.0,11.0,162.0,False,G,1270.0,P,7879,1
Earth,False,TRAPPIST-1e,46.0,False,248.0,0.0,0.0,4.0,0.0,False,F,1507.0,S,7881,1
Earth,True,TRAPPIST-1e,33.0,False,0.0,0.0,0.0,0.0,0.0,False,G,1271.0,P,7882,1
Earth,False,TRAPPIST-1e,10.0,False,0.0,0.0,0.0,0.0,0.0,True,G,1271.0,P,7882,2
Earth,True,TRAPPIST-1e,38.0,False,0.0,0.0,0.0,0.0,0.0,True,G,1272.0,P,7883,1
Mars,False,TRAPPIST-1e,23.0,False,1610.0,2.0,465.0,0.0,0.0,False,E,512.0,P,7884,1
Earth,True,TRAPPIST-1e,26.0,False,0.0,0.0,0.0,0.0,0.0,True,G,1273.0,P,7885,1
Earth,False,TRAPPIST-1e,16.0,False,0.0,11.0,0.0,8.0,827.0,False,G,1274.0,P,7886,1
Earth,False,TRAPPIST-1e,29.0,False,37.0,0.0,644.0,0.0,177.0,True,E,518.0,S,7888,1
Europa,True,PSO J318.5-22,35.0,False,0.0,0.0,0.0,0.0,0.0,True,C,256.0,P,7889,1
Earth,False,TRAPPIST-1e,58.0,False,0.0,268.0,0.0,109.0,594.0,False,F,1508.0,S,7890,1
Earth,True,55 Cancri e,17.0,False,0.0,0.0,0.0,0.0,0.0,True,G,1273.0,S,7890,2
Earth,True,TRAPPIST-1e,16.0,False,0.0,0.0,0.0,0.0,0.0,True,F,82.0,S,7890,3
Earth,True,55 Cancri e,2.0,False,0.0,0.0,0.0,0.0,0.0,True,G,1274.0,S,7891,1
Earth,False,TRAPPIST-1e,13.0,False,34.0,1.0,0.0,824.0,29.0,False,F,82.0,S,7891,2
Mars,False,TRAPPIST-1e,18.0,False,196.0,0.0,744.0,0.0,0.0,True,F,1636.0,P,7892,1
Earth,False,55 Cancri e,29.0,False,46.0,68.0,589.0,88.0,0.0,True,E,519.0,S,7894,1
Earth,False,55 Cancri e,21.0,False,102.0,9.0,21.0,464.0,104.0,False,F,1509.0,S,7895,1
Europa,True,55 Cancri e,43.0,False,0.0,0.0,0.0,0.0,0.0,True,C,295.0,S,7897,1
Earth,True,TRAPPIST-1e,69.0,False,0.0,0.0,0.0,0.0,0.0,False,G,1275.0,S,7899,1
Earth,False,TRAPPIST-1e,40.0,False,0.0,0.0,14.0,785.0,10.0,False,G,1275.0,S,7899,2
Earth,True,TRAPPIST-1e,1.0,False,0.0,0.0,0.0,0.0,0.0,True,G,1275.0,S,7899,3
Mars,True,TRAPPIST-1e,36.0,False,0.0,0.0,0.0,0.0,0.0,True,F,1512.0,S,7901,1
Earth,False,TRAPPIST-1e,60.0,False,0.0,0.0,0.0,0.0,0.0,False,G,1276.0,P,7902,1
Earth,True,PSO J318.5-22,17.0,False,0.0,0.0,0.0,0.0,0.0,True,G,1276.0,P,7902,2
Earth,True,TRAPPIST-1e,49.0,False,0.0,0.0,0.0,0.0,0.0,False,G,1276.0,P,7902,3
Earth,False,TRAPPIST-1e,23.0,False,1.0,700.0,0.0,7.0,136.0,False,G,1276.0,P,7902,4
Earth,False,TRAPPIST-1e,39.0,False,472.0,0.0,0.0,173.0,0.0,False,F,1638.0,P,7903,1
Earth,True,TRAPPIST-1e,53.0,False,0.0,0.0,0.0,0.0,0.0,True,F,82.0,S,7904,1
Earth,False,TRAPPIST-1e,26.0,False,485.0,8.0,3958.0,0.0,0.0,True,G,1277.0,P,7904,2
Europa,False,TRAPPIST-1e,31.0,False,0.0,87.0,0.0,2263.0,224.0,False,C,296.0,S,7905,1
Europa,True,TRAPPIST-1e,48.0,False,0.0,0.0,0.0,0.0,0.0,True,C,296.0,S,7905,2
Europa,False,55 Cancri e,26.0,False,1432.0,1283.0,0.0,178.0,5034.0,False,C,296.0,S,7905,3
Mars,True,TRAPPIST-1e,25.0,False,0.0,0.0,0.0,0.0,0.0,True,F,1513.0,S,7907,1
Europa,True,55 Cancri e,25.0,False,0.0,0.0,0.0,0.0,0.0,True,B,310.0,S,7908,1
Earth,False,Unknown,30.0,False,4.0,637.0,0.0,0.0,3.0,False,F,1639.0,P,7910,1
Earth,True,TRAPPIST-1e,28.82793046746535,False,0.0,0.0,0.0,0.0,0.0,True,G,1278.0,S,7913,1
Earth,True,TRAPPIST-1e,23.0,False,0.0,0.0,0.0,0.0,0.0,False,G,1278.0,P,7914,1
Earth,False,TRAPPIST-1e,24.0,False,0.0,80.0,106.0,344.0,0.0,False,G,1278.0,P,7914,2
Earth,False,TRAPPIST-1e,47.0,False,397.0,0.0,321.0,0.0,5.0,True,G,1278.0,P,7914,3
Earth,True,TRAPPIST-1e,37.0,False,0.0,0.0,0.0,0.0,0.0,False,G,1279.0,P,7916,1
Mars,True,TRAPPIST-1e,24.0,False,0.0,0.0,0.0,0.0,0.0,True,F,1640.0,P,7918,1
Earth,False,TRAPPIST-1e,21.0,False,90.0,0.0,817.0,0.0,0.0,False,G,1281.0,P,7919,1
Mars,True,TRAPPIST-1e,42.0,False,0.0,0.0,0.0,0.0,0.0,True,F,1515.0,S,7920,1
Earth,False,TRAPPIST-1e,39.0,False,3030.0,79.0,0.0,0.0,0.0,False,F,1517.0,S,7922,1
Earth,False,TRAPPIST-1e,28.0,False,589.0,57.0,0.0,0.0,0.0,False,F,1642.0,P,7924,1
Earth,False,TRAPPIST-1e,32.0,False,0.0,0.0,0.0,365.0,1216.0,False,E,514.0,P,7926,1
Europa,False,TRAPPIST-1e,31.0,False,0.0,910.0,58.0,1654.0,1217.0,False,B,311.0,S,7929,1
Earth,True,TRAPPIST-1e,13.0,False,0.0,0.0,0.0,0.0,0.0,True,F,82.0,S,7930,1
Earth,False,TRAPPIST-1e,41.0,False,84.0,0.0,6.0,811.0,2.0,True,F,1520.0,S,7935,1
Earth,False,TRAPPIST-1e,21.0,False,7.0,0.0,622.0,0.0,0.0,False,F,1644.0,P,7936,1
Earth,False,TRAPPIST-1e,28.82793046746535,False,0.0,0.0,0.0,0.0,0.0,False,G,1284.0,P,7936,2
Earth,False,TRAPPIST-1e,9.0,False,0.0,0.0,0.0,0.0,0.0,True,G,1284.0,P,7936,3
Europa,False,TRAPPIST-1e,36.0,False,0.0,9532.0,0.0,2326.0,461.0,False,D,229.0,S,7937,1
Europa,True,55 Cancri e,30.0,False,0.0,0.0,0.0,0.0,0.0,True,D,229.0,S,7937,2
Earth,False,TRAPPIST-1e,27.0,False,0.0,593.0,0.0,259.0,0.0,False,G,1281.0,S,7939,1
Earth,False,TRAPPIST-1e,40.0,False,580.0,0.0,447.0,6.0,0.0,False,F,1521.0,S,7940,1
Europa,False,TRAPPIST-1e,41.0,False,0.0,116.0,10705.0,9181.0,10.0,False,C,257.0,P,7941,1
Europa,True,55 Cancri e,16.0,False,0.0,0.0,0.0,0.0,0.0,True,B,258.0,P,7943,1
Europa,False,PSO J318.5-22,36.0,True,2.0,6504.0,0.0,98.0,4.0,True,B,258.0,P,7943,2
Europa,False,TRAPPIST-1e,15.0,False,31.0,804.0,1.0,4732.0,2577.0,False,D,230.0,S,7944,1
Europa,True,TRAPPIST-1e,39.0,False,0.0,0.0,0.0,0.0,0.0,True,D,230.0,S,7944,2
Mars,True,TRAPPIST-1e,21.0,False,0.0,0.0,0.0,0.0,0.0,True,F,1522.0,S,7945,1
Earth,False,PSO J318.5-22,24.0,False,0.0,0.0,604.0,0.0,91.0,True,F,1645.0,P,7946,1
Mars,False,TRAPPIST-1e,28.0,False,1811.0,1.0,57.0,0.0,0.0,False,F,1646.0,P,7947,1
Earth,False,TRAPPIST-1e,47.0,False,0.0,14.0,0.0,2330.0,0.0,False,G,1283.0,S,7949,1
Unknown,False,TRAPPIST-1e,55.0,False,0.0,1620.0,159.0,0.0,0.0,False,G,1287.0,P,7950,1
Earth,True,TRAPPIST-1e,28.82793046746535,False,0.0,0.0,0.0,0.0,0.0,True,G,1287.0,P,7950,2
Earth,False,55 Cancri e,22.0,False,10.0,0.0,624.0,0.0,85.0,True,E,516.0,P,7950,3
Earth,True,TRAPPIST-1e,26.0,False,0.0,0.0,0.0,0.0,0.0,True,G,1287.0,P,7950,4
Mars,False,Unknown,62.0,False,100.0,0.0,38.0,1211.0,0.0,False,F,1523.0,S,7952,1
Mars,False,TRAPPIST-1e,53.0,False,868.0,0.0,686.0,520.0,24.0,False,E,524.0,S,7952,2
Earth,False,55 Cancri e,29.0,False,30.0,0.0,0.0,0.0,780.0,False,G,1284.0,S,7954,1
Earth,False,TRAPPIST-1e,21.0,False,640.0,0.0,144.0,104.0,0.0,False,G,1288.0,P,7955,1
Earth,True,PSO J318.5-22,18.0,False,0.0,0.0,0.0,0.0,0.0,True,G,1285.0,S,7957,1
Mars,True,TRAPPIST-1e,34.0,False,0.0,0.0,0.0,0.0,0.0,True,E,525.0,S,7958,1
Earth,False,TRAPPIST-1e,19.0,False,1.0,7.0,0.0,689.0,0.0,False,F,1648.0,P,7960,1
Earth,False,TRAPPIST-1e,14.0,False,0.0,360.0,0.0,25.0,1340.0,False,G,1290.0,P,7962,1
Earth,False,TRAPPIST-1e,21.0,False,691.0,0.0,0.0,0.0,15.0,False,G,1288.0,S,7967,1
Mars,False,TRAPPIST-1e,55.0,False,376.0,0.0,858.0,0.0,31.0,True,D,232.0,S,7968,1
Europa,False,55 Cancri e,18.0,False,0.0,3492.0,0.0,506.0,8.0,True,C,258.0,P,7970,1
Europa,True,55 Cancri e,33.0,False,0.0,0.0,0.0,0.0,0.0,True,B,260.0,P,7972,1
Europa,False,TRAPPIST-1e,35.0,False,0.0,246.0,25.0,42.0,3730.0,False,B,260.0,P,7972,2
Unknown,True,TRAPPIST-1e,31.0,False,0.0,0.0,0.0,0.0,0.0,True,C,297.0,S,7973,1
Europa,False,TRAPPIST-1e,27.0,False,0.0,2318.0,1127.0,2423.0,115.0,False,C,259.0,P,7974,1
Europa,False,TRAPPIST-1e,28.82793046746535,False,0.0,36.0,89.0,948.0,927.0,False,C,259.0,P,7974,2
Earth,True,PSO J318.5-22,13.0,False,0.0,0.0,0.0,0.0,0.0,True,G,1289.0,S,7976,1
Earth,False,TRAPPIST-1e,24.0,False,24.0,174.0,0.0,509.0,15.0,False,F,1652.0,P,7981,1
Earth,False,TRAPPIST-1e,22.0,False,31.0,0.0,1.0,25.0,757.0,False,G,1293.0,P,7981,2
Europa,True,TRAPPIST-1e,32.0,False,0.0,0.0,0.0,0.0,0.0,False,B,261.0,P,7982,1
Europa,True,TRAPPIST-1e,18.0,False,0.0,0.0,0.0,0.0,0.0,True,B,261.0,P,7982,2
Europa,True,TRAPPIST-1e,53.0,False,0.0,0.0,0.0,0.0,0.0,True,F,82.0,S,7983,1
Mars,False,TRAPPIST-1e,4.0,False,0.0,0.0,0.0,0.0,0.0,True,F,1653.0,P,7984,1
Mars,True,TRAPPIST-1e,24.0,False,0.0,0.0,0.0,0.0,0.0,True,F,1653.0,P,7984,2
Mars,False,TRAPPIST-1e,23.0,False,649.0,0.0,622.0,0.0,0.0,True,F,1653.0,P,7984,3
Mars,False,TRAPPIST-1e,1.0,False,0.0,0.0,0.0,0.0,0.0,True,F,1653.0,P,7984,4
Earth,False,TRAPPIST-1e,18.0,False,1969.0,0.0,310.0,0.0,0.0,True,F,1654.0,P,7985,1
Mars,False,TRAPPIST-1e,21.0,False,838.0,45.0,455.0,0.0,0.0,False,F,1655.0,P,7986,1
Mars,False,TRAPPIST-1e,40.0,False,3809.0,0.0,21.0,0.0,1.0,False,D,248.0,P,7987,1
Europa,True,TRAPPIST-1e,49.0,False,0.0,0.0,0.0,0.0,0.0,True,B,313.0,S,7988,1
Earth,True,PSO J318.5-22,25.0,False,0.0,0.0,0.0,0.0,0.0,False,G,1290.0,S,7989,1
Earth,True,55 Cancri e,21.0,False,0.0,0.0,0.0,0.0,0.0,True,G,1294.0,P,7990,1
Europa,True,TRAPPIST-1e,40.0,False,0.0,0.0,0.0,0.0,0.0,True,A,96.0,S,7993,1
Europa,True,55 Cancri e,47.0,True,0.0,0.0,0.0,0.0,0.0,True,A,96.0,S,7993,2
Earth,False,PSO J318.5-22,25.0,False,153.0,0.0,0.0,388.0,0.0,False,G,1295.0,P,7994,1
Europa,True,TRAPPIST-1e,36.0,False,0.0,0.0,0.0,0.0,0.0,True,F,82.0,S,7995,1
Earth,False,TRAPPIST-1e,39.0,False,17.0,334.0,708.0,17.0,366.0,False,F,1657.0,P,7996,1
Europa,True,55 Cancri e,26.0,False,0.0,0.0,0.0,0.0,0.0,True,B,262.0,P,7999,1
Earth,False,TRAPPIST-1e,0.0,False,0.0,0.0,0.0,0.0,0.0,True,G,1292.0,S,8000,1
Earth,True,TRAPPIST-1e,14.0,False,0.0,0.0,0.0,0.0,0.0,True,G,1292.0,S,8000,2
Mars,False,TRAPPIST-1e,7.0,False,0.0,0.0,0.0,0.0,0.0,True,F,1659.0,P,8003,1
Mars,True,55 Cancri e,50.0,False,0.0,0.0,0.0,0.0,0.0,True,F,1527.0,S,8004,1
Earth,False,55 Cancri e,22.0,False,0.0,15.0,0.0,548.0,124.0,False,F,1528.0,S,8005,1
Earth,True,PSO J318.5-22,17.0,False,0.0,0.0,0.0,0.0,0.0,True,G,1293.0,S,8005,2
Earth,False,TRAPPIST-1e,35.0,False,676.0,0.0,0.0,0.0,40.0,False,F,1528.0,S,8005,3
Earth,False,TRAPPIST-1e,22.0,False,0.0,1145.0,0.0,0.0,371.0,False,F,1529.0,S,8006,1
Earth,False,TRAPPIST-1e,26.0,False,0.0,0.0,1.0,886.0,0.0,False,G,1296.0,P,8007,1
Earth,False,PSO J318.5-22,24.0,False,0.0,0.0,92.0,1492.0,0.0,True,E,517.0,P,8007,2
Europa,False,TRAPPIST-1e,59.0,False,0.0,2593.0,0.0,98.0,0.0,True,C,300.0,S,8010,1
Mars,True,TRAPPIST-1e,24.0,False,0.0,0.0,0.0,0.0,0.0,True,F,1531.0,S,8012,1
Mars,False,TRAPPIST-1e,17.0,False,0.0,0.0,0.0,0.0,0.0,False,E,530.0,S,8012,2
Mars,True,TRAPPIST-1e,28.0,False,0.0,0.0,0.0,0.0,0.0,True,F,1531.0,S,8012,3
Earth,True,TRAPPIST-1e,38.0,False,0.0,0.0,0.0,0.0,0.0,True,G,1294.0,S,8014,1
Europa,False,TRAPPIST-1e,2.0,False,0.0,0.0,0.0,0.0,0.0,True,B,315.0,S,8015,1
Europa,False,TRAPPIST-1e,36.0,False,0.0,244.0,0.0,5432.0,2302.0,False,B,315.0,S,8015,2
Europa,True,55 Cancri e,32.0,False,0.0,0.0,0.0,0.0,0.0,True,B,315.0,S,8015,3
Earth,False,TRAPPIST-1e,15.0,False,0.0,10.0,0.0,595.0,381.0,False,E,531.0,S,8016,1
Earth,False,TRAPPIST-1e,54.0,False,0.0,0.0,5.0,1268.0,26.0,False,F,1532.0,S,8018,1
Mars,True,TRAPPIST-1e,18.0,False,0.0,0.0,0.0,0.0,0.0,True,F,1660.0,P,8019,1
Earth,False,TRAPPIST-1e,22.0,False,668.0,79.0,0.0,0.0,1.0,False,F,1661.0,P,8020,1
Earth,True,TRAPPIST-1e,23.0,False,0.0,0.0,0.0,0.0,0.0,False,G,1298.0,P,8021,1
Europa,False,TRAPPIST-1e,14.0,False,0.0,4545.0,271.0,199.0,1377.0,True,D,249.0,P,8023,1
Europa,True,TRAPPIST-1e,26.0,False,0.0,0.0,0.0,0.0,0.0,True,D,249.0,P,8023,2
Earth,False,TRAPPIST-1e,73.0,False,16.0,0.0,722.0,2.0,89.0,False,F,1533.0,S,8024,1
Europa,False,TRAPPIST-1e,29.0,False,0.0,0.0,0.0,0.0,0.0,True,B,263.0,P,8025,1
Mars,True,TRAPPIST-1e,29.0,False,0.0,0.0,0.0,0.0,0.0,True,F,1534.0,S,8026,1
Earth,False,TRAPPIST-1e,12.0,False,0.0,0.0,0.0,0.0,0.0,False,G,1297.0,S,8027,1
Earth,False,55 Cancri e,27.0,False,31.0,225.0,331.0,0.0,14.0,False,F,1535.0,S,8027,2
Earth,False,TRAPPIST-1e,31.0,False,779.0,0.0,3.0,57.0,0.0,False,G,1298.0,S,8029,1
Earth,True,PSO J318.5-22,26.0,False,0.0,0.0,0.0,0.0,0.0,False,G,1299.0,S,8030,1
Europa,True,55 Cancri e,35.0,False,0.0,0.0,0.0,0.0,0.0,True,D,250.0,P,8031,1
Europa,True,TRAPPIST-1e,25.0,False,0.0,0.0,0.0,0.0,0.0,True,A,85.0,P,8032,1
Europa,True,Unknown,40.0,False,0.0,0.0,0.0,0.0,0.0,True,A,85.0,P,8032,2
Mars,True,TRAPPIST-1e,18.0,False,0.0,0.0,0.0,0.0,0.0,False,E,532.0,S,8034,1
Mars,False,Unknown,52.0,False,1222.0,2.0,74.0,0.0,0.0,False,E,532.0,S,8034,2
Mars,True,TRAPPIST-1e,35.0,False,0.0,0.0,0.0,0.0,0.0,True,F,1536.0,S,8035,1
Earth,False,TRAPPIST-1e,51.0,False,172.0,350.0,0.0,16.0,1005.0,False,F,1537.0,S,8036,1
Earth,False,TRAPPIST-1e,35.0,False,0.0,0.0,62.0,0.0,891.0,False,F,1537.0,S,8036,2
Earth,False,TRAPPIST-1e,14.0,False,0.0,476.0,249.0,177.0,0.0,False,F,1538.0,S,8037,1
Europa,True,55 Cancri e,28.82793046746535,False,0.0,0.0,0.0,0.0,0.0,True,C,301.0,S,8038,1
Europa,True,55 Cancri e,26.0,False,0.0,0.0,0.0,0.0,0.0,True,C,301.0,S,8038,2
Unknown,True,55 Cancri e,21.0,False,0.0,0.0,0.0,0.0,0.0,False,G,1299.0,P,8042,1
Europa,False,55 Cancri e,45.0,False,5.0,17901.0,0.0,79.0,281.0,True,A,97.0,S,8043,1
Europa,False,TRAPPIST-1e,29.0,False,0.0,1408.0,0.0,408.0,1.0,True,A,97.0,S,8043,2
Europa,False,TRAPPIST-1e,39.0,True,1.0,392.0,64.0,148.0,1367.0,True,A,97.0,S,8043,3
Europa,True,55 Cancri e,37.0,False,0.0,0.0,0.0,0.0,0.0,True,A,97.0,S,8043,4
Earth,True,PSO J318.5-22,22.0,False,0.0,0.0,0.0,0.0,0.0,True,G,1300.0,P,8046,1
Earth,False,TRAPPIST-1e,22.0,False,6.0,21.0,0.0,782.0,0.0,False,G,1301.0,P,8049,1
Earth,False,PSO J318.5-22,30.0,False,0.0,34.0,143.0,275.0,0.0,False,G,1300.0,S,8050,1
Earth,True,TRAPPIST-1e,1.0,False,0.0,0.0,0.0,0.0,0.0,True,F,82.0,S,8050,2
Earth,True,PSO J318.5-22,0.0,False,0.0,0.0,0.0,0.0,0.0,True,G,1300.0,S,8050,3
Earth,False,TRAPPIST-1e,9.0,False,0.0,0.0,0.0,0.0,0.0,False,G,1302.0,S,8052,1
Earth,False,PSO J318.5-22,18.0,False,0.0,0.0,0.0,1.0,335.0,False,G,1302.0,S,8052,2
Mars,False,TRAPPIST-1e,29.0,False,1544.0,1.0,206.0,0.0,0.0,False,F,1663.0,P,8053,1
Mars,False,55 Cancri e,52.0,False,0.0,0.0,262.0,1425.0,571.0,False,F,1540.0,S,8054,1
Earth,False,TRAPPIST-1e,27.0,False,0.0,0.0,846.0,59.0,0.0,False,E,533.0,S,8055,1
Europa,False,TRAPPIST-1e,54.0,False,0.0,793.0,0.0,87.0,1567.0,False,C,262.0,P,8056,1
Europa,False,TRAPPIST-1e,28.0,False,40.0,9012.0,0.0,111.0,551.0,True,C,262.0,P,8056,2
Europa,True,TRAPPIST-1e,65.0,False,0.0,0.0,0.0,0.0,0.0,True,B,267.0,P,8057,1
Europa,True,55 Cancri e,26.0,False,0.0,0.0,0.0,0.0,0.0,True,B,267.0,P,8057,2
Earth,False,TRAPPIST-1e,29.0,False,12.0,2.0,0.0,432.0,1548.0,False,F,1664.0,P,8058,1
Unknown,False,TRAPPIST-1e,20.0,False,0.0,38.0,0.0,0.0,1779.0,False,G,1302.0,P,8059,1
Mars,False,TRAPPIST-1e,39.0,False,1369.0,259.0,960.0,1.0,29.0,False,F,1541.0,S,8060,1
Mars,True,TRAPPIST-1e,37.0,False,0.0,0.0,0.0,0.0,0.0,True,F,1541.0,S,8060,2
Earth,False,TRAPPIST-1e,20.0,False,0.0,25.0,0.0,11.0,0.0,False,F,1543.0,S,8063,1
Mars,True,TRAPPIST-1e,40.0,False,0.0,0.0,0.0,0.0,0.0,True,F,82.0,S,8064,1
Mars,False,TRAPPIST-1e,0.0,False,0.0,0.0,0.0,0.0,0.0,True,E,534.0,S,8064,2
Mars,True,TRAPPIST-1e,33.0,False,0.0,0.0,0.0,0.0,0.0,False,E,534.0,S,8064,3
Mars,True,TRAPPIST-1e,23.0,False,0.0,0.0,0.0,0.0,0.0,True,F,1544.0,S,8066,1
Earth,False,55 Cancri e,32.0,False,1.0,0.0,0.0,9.0,663.0,False,F,1666.0,P,8067,1
Earth,False,TRAPPIST-1e,20.0,False,0.0,52.0,0.0,110.0,614.0,False,F,1545.0,S,8068,1
Europa,True,55 Cancri e,60.0,False,0.0,0.0,0.0,0.0,0.0,True,D,234.0,S,8069,1
Earth,False,TRAPPIST-1e,53.0,False,0.0,0.0,716.0,0.0,0.0,True,F,1546.0,S,8071,1
Europa,True,TRAPPIST-1e,26.0,False,0.0,0.0,0.0,0.0,0.0,True,D,236.0,S,8072,1
Europa,False,55 Cancri e,35.0,False,0.0,5500.0,0.0,180.0,3173.0,False,D,236.0,S,8072,2
Earth,False,55 Cancri e,19.0,False,355.0,0.0,0.0,0.0,284.0,False,F,1547.0,S,8075,1
Europa,False,55 Cancri e,43.0,False,1.0,2060.0,0.0,1.0,2764.0,False,C,263.0,P,8076,1
Europa,False,55 Cancri e,29.0,False,2686.0,0.0,0.0,2854.0,2553.0,False,C,263.0,P,8076,2
Earth,False,TRAPPIST-1e,20.0,False,721.0,122.0,0.0,0.0,0.0,False,G,1304.0,P,8077,1
Earth,False,TRAPPIST-1e,19.0,False,0.0,0.0,134.0,1931.0,0.0,False,F,1667.0,P,8078,1
Earth,False,PSO J318.5-22,21.0,False,505.0,0.0,0.0,0.0,110.0,True,F,1548.0,S,8079,1
Europa,False,55 Cancri e,39.0,False,2.0,15450.0,336.0,1.0,904.0,True,D,251.0,P,8081,1
Earth,True,TRAPPIST-1e,12.0,False,0.0,0.0,0.0,0.0,0.0,False,G,1305.0,P,8082,1
Earth,False,55 Cancri e,20.0,False,1842.0,0.0,0.0,0.0,0.0,True,F,1668.0,P,8082,2
Earth,False,TRAPPIST-1e,18.0,False,595.0,134.0,7.0,0.0,0.0,False,F,1669.0,P,8083,1
Europa,False,TRAPPIST-1e,31.0,False,0.0,745.0,0.0,6688.0,2161.0,False,C,264.0,P,8084,1
Earth,False,PSO J318.5-22,35.0,False,635.0,3.0,0.0,0.0,25.0,False,F,1549.0,S,8085,1
Earth,True,PSO J318.5-22,44.0,False,0.0,0.0,0.0,0.0,0.0,True,G,1306.0,P,8086,1
Europa,False,TRAPPIST-1e,62.0,False,33.0,3518.0,0.0,394.0,0.0,True,B,268.0,P,8087,1
Mars,False,TRAPPIST-1e,23.0,False,1.0,0.0,11.0,0.0,2336.0,False,E,521.0,P,8088,1
Mars,False,TRAPPIST-1e,23.0,True,3.0,0.0,0.0,1677.0,0.0,False,F,1670.0,P,8088,2
Earth,False,TRAPPIST-1e,19.0,False,0.0,0.0,1761.0,0.0,36.0,True,F,1671.0,P,8089,1
Earth,False,TRAPPIST-1e,29.0,False,18.0,7.0,0.0,0.0,779.0,False,F,1672.0,P,8091,1
Europa,False,TRAPPIST-1e,31.0,False,0.0,4655.0,135.0,2075.0,402.0,True,D,238.0,S,8092,1
Europa,True,55 Cancri e,33.0,True,0.0,0.0,0.0,0.0,0.0,True,D,238.0,S,8092,2
Europa,False,TRAPPIST-1e,41.0,False,0.0,3216.0,0.0,433.0,517.0,False,D,238.0,S,8092,3
Europa,False,TRAPPIST-1e,60.0,False,19.0,7316.0,0.0,0.0,1781.0,True,C,265.0,P,8094,1
Europa,True,TRAPPIST-1e,41.0,False,0.0,0.0,0.0,0.0,0.0,True,B,317.0,S,8097,1
Europa,False,TRAPPIST-1e,69.0,True,0.0,269.0,0.0,190.0,9033.0,False,B,269.0,P,8098,1
Europa,False,55 Cancri e,44.0,False,9.0,2311.0,0.0,633.0,1.0,True,B,269.0,P,8098,2
Europa,True,55 Cancri e,18.0,False,0.0,0.0,0.0,0.0,0.0,True,B,269.0,P,8098,3
Europa,False,55 Cancri e,26.0,False,0.0,11598.0,0.0,3.0,386.0,True,B,269.0,P,8098,4
Earth,False,TRAPPIST-1e,30.0,False,4.0,0.0,442.0,2441.0,0.0,False,F,1674.0,P,8102,1
Mars,False,TRAPPIST-1e,34.0,False,81.0,0.0,492.0,122.0,0.0,False,F,1675.0,P,8103,1
Earth,False,PSO J318.5-22,18.0,False,0.0,0.0,15.0,570.0,84.0,False,F,1677.0,P,8105,1
Earth,True,55 Cancri e,49.0,False,0.0,0.0,0.0,0.0,0.0,True,G,1306.0,S,8106,1
Earth,False,PSO J318.5-22,71.0,False,48.0,43.0,0.0,78.0,534.0,False,F,1678.0,P,8107,1
Earth,False,PSO J318.5-22,19.0,False,150.0,605.0,0.0,0.0,1.0,False,F,1552.0,S,8108,1
Earth,False,PSO J318.5-22,23.0,False,90.0,4.0,0.0,7.0,588.0,False,F,1553.0,S,8112,1
Europa,True,TRAPPIST-1e,31.0,False,0.0,0.0,0.0,0.0,0.0,True,B,318.0,S,8115,1
Europa,True,TRAPPIST-1e,40.0,False,0.0,0.0,0.0,0.0,0.0,True,B,318.0,S,8115,2
Mars,False,55 Cancri e,28.0,False,49.0,0.0,0.0,2.0,1136.0,False,D,252.0,P,8116,1
Europa,True,TRAPPIST-1e,17.0,False,0.0,0.0,0.0,0.0,0.0,True,B,319.0,S,8117,1
Europa,False,TRAPPIST-1e,24.0,False,0.0,809.0,0.0,4928.0,143.0,False,B,319.0,S,8117,2
Europa,True,55 Cancri e,54.0,False,0.0,0.0,0.0,0.0,0.0,True,B,319.0,S,8117,3
Earth,True,TRAPPIST-1e,21.0,False,0.0,0.0,0.0,0.0,0.0,False,G,1310.0,P,8118,1
Earth,True,55 Cancri e,2.0,False,0.0,0.0,0.0,0.0,0.0,False,F,1555.0,S,8119,1
Earth,False,55 Cancri e,20.0,False,6.0,1119.0,0.0,24.0,13.0,True,F,1555.0,S,8119,2
Earth,False,55 Cancri e,20.0,False,97.0,279.0,0.0,301.0,39.0,False,F,1555.0,S,8119,3
Europa,False,55 Cancri e,36.0,False,0.0,4260.0,0.0,0.0,1678.0,True,D,253.0,P,8120,1
Earth,True,TRAPPIST-1e,25.0,False,0.0,0.0,0.0,0.0,0.0,True,G,1311.0,P,8121,1
Europa,False,55 Cancri e,58.0,False,0.0,226.0,0.0,5481.0,0.0,False,C,302.0,S,8122,1
Europa,False,TRAPPIST-1e,37.0,False,79.0,218.0,0.0,442.0,659.0,True,C,302.0,S,8122,2
Europa,False,TRAPPIST-1e,26.0,False,0.0,13.0,0.0,3803.0,3557.0,False,C,302.0,S,8122,3
Earth,True,TRAPPIST-1e,45.0,False,0.0,0.0,0.0,0.0,0.0,False,G,1312.0,P,8123,1
Earth,False,TRAPPIST-1e,44.0,False,0.0,903.0,0.0,0.0,0.0,False,F,1681.0,P,8124,1
Mars,True,TRAPPIST-1e,24.0,False,0.0,0.0,0.0,0.0,0.0,True,F,1682.0,P,8128,1
Earth,True,55 Cancri e,13.0,False,0.0,0.0,0.0,0.0,0.0,True,F,82.0,S,8129,1
Earth,False,TRAPPIST-1e,4.0,False,0.0,0.0,0.0,0.0,0.0,True,G,1313.0,P,8129,2
Earth,False,TRAPPIST-1e,24.0,False,381.0,925.0,342.0,0.0,642.0,False,F,1683.0,P,8129,3
Earth,False,55 Cancri e,27.0,False,3.0,13.0,0.0,0.0,788.0,False,F,1683.0,P,8129,4
Earth,False,TRAPPIST-1e,39.0,False,44.0,1620.0,0.0,6.0,0.0,False,E,522.0,P,8129,5
Earth,True,TRAPPIST-1e,23.0,False,0.0,0.0,0.0,0.0,0.0,False,G,1308.0,S,8130,1
Earth,False,55 Cancri e,4.0,False,0.0,0.0,0.0,0.0,0.0,False,G,1308.0,S,8130,2
Earth,True,TRAPPIST-1e,0.0,False,0.0,0.0,0.0,0.0,0.0,False,G,1308.0,S,8130,3
Mars,True,TRAPPIST-1e,22.0,False,0.0,0.0,0.0,0.0,0.0,True,F,1557.0,S,8131,1
Mars,False,TRAPPIST-1e,27.0,False,831.0,0.0,0.0,867.0,20.0,False,D,254.0,P,8133,1
Europa,True,TRAPPIST-1e,22.0,False,0.0,0.0,0.0,0.0,0.0,True,C,267.0,P,8135,1
Europa,True,55 Cancri e,26.0,False,0.0,0.0,0.0,0.0,0.0,True,C,268.0,P,8136,1
Europa,False,TRAPPIST-1e,60.0,False,0.0,5998.0,0.0,4794.0,8.0,False,C,268.0,P,8136,2
Earth,False,TRAPPIST-1e,18.0,False,0.0,297.0,0.0,588.0,23.0,False,G,1314.0,P,8137,1
Earth,True,55 Cancri e,20.0,False,0.0,0.0,0.0,0.0,0.0,False,G,1315.0,P,8138,1
Earth,False,TRAPPIST-1e,25.0,False,11.0,780.0,0.0,0.0,0.0,True,E,523.0,P,8139,1
Earth,True,PSO J318.5-22,24.0,False,0.0,0.0,0.0,0.0,0.0,True,G,1309.0,S,8140,1
Earth,True,TRAPPIST-1e,38.0,False,0.0,0.0,0.0,0.0,0.0,True,G,1310.0,S,8141,1
Earth,False,TRAPPIST-1e,18.0,False,0.0,17.0,5.0,0.0,712.0,True,F,1558.0,S,8143,1
Europa,True,55 Cancri e,45.0,False,0.0,0.0,0.0,0.0,0.0,True,B,270.0,P,8144,1
Europa,False,TRAPPIST-1e,13.0,False,0.0,3680.0,0.0,1529.0,3854.0,False,B,270.0,P,8144,2
Europa,False,TRAPPIST-1e,28.0,False,0.0,3317.0,77.0,0.0,130.0,True,B,270.0,P,8144,3
Europa,False,TRAPPIST-1e,5.0,False,0.0,0.0,0.0,0.0,0.0,True,B,270.0,P,8144,4
Earth,False,TRAPPIST-1e,20.0,False,0.0,142.0,0.0,3528.0,92.0,False,G,1317.0,P,8147,1
Earth,True,TRAPPIST-1e,2.0,False,0.0,0.0,0.0,0.0,0.0,True,F,82.0,S,8147,2
Earth,False,TRAPPIST-1e,42.0,False,18.0,5.0,470.0,356.0,57.0,False,G,1317.0,P,8147,3
Earth,False,55 Cancri e,0.0,False,0.0,0.0,0.0,0.0,0.0,True,G,1317.0,P,8147,4
Earth,False,TRAPPIST-1e,18.0,False,0.0,508.0,0.0,44.0,257.0,False,G,1318.0,P,8148,1
Earth,True,PSO J318.5-22,26.0,False,0.0,0.0,0.0,0.0,0.0,False,G,1319.0,P,8149,1
Mars,True,55 Cancri e,3.0,False,0.0,0.0,0.0,0.0,0.0,True,E,539.0,S,8150,1
Mars,True,PSO J318.5-22,49.0,False,0.0,0.0,0.0,0.0,0.0,True,E,539.0,S,8150,2
Mars,False,TRAPPIST-1e,19.0,False,691.0,0.0,10.0,561.0,25.0,False,E,539.0,S,8150,3
Earth,True,TRAPPIST-1e,19.0,False,0.0,0.0,0.0,0.0,0.0,False,G,1312.0,S,8152,1
Earth,True,TRAPPIST-1e,15.0,False,0.0,0.0,0.0,0.0,0.0,False,G,1320.0,P,8153,1
Earth,False,PSO J318.5-22,53.0,False,90.0,29.0,102.0,244.0,56.0,False,G,1321.0,P,8156,1
Earth,False,TRAPPIST-1e,0.0,False,0.0,0.0,0.0,0.0,0.0,True,G,1313.0,S,8157,1
Earth,False,55 Cancri e,39.0,False,1663.0,0.0,262.0,229.0,0.0,False,F,1560.0,S,8157,2
Earth,False,TRAPPIST-1e,45.0,False,0.0,0.0,2778.0,1910.0,0.0,False,G,1313.0,S,8157,3
Earth,True,TRAPPIST-1e,10.0,False,0.0,0.0,0.0,0.0,0.0,True,G,1313.0,S,8157,4
Earth,False,55 Cancri e,1.0,False,0.0,0.0,0.0,0.0,0.0,True,G,1313.0,S,8157,5
Earth,False,TRAPPIST-1e,9.0,False,0.0,0.0,0.0,0.0,0.0,True,G,1313.0,S,8157,6
Mars,False,TRAPPIST-1e,40.0,False,953.0,0.0,356.0,0.0,0.0,False,F,1686.0,P,8158,1
Earth,False,Unknown,26.0,False,0.0,0.0,0.0,622.0,8.0,False,F,1687.0,P,8159,1
Earth,False,TRAPPIST-1e,18.0,False,1157.0,28.0,50.0,0.0,0.0,False,F,1688.0,P,8161,1
Europa,False,TRAPPIST-1e,47.0,False,0.0,314.0,0.0,889.0,1090.0,False,E,524.0,P,8162,1
Earth,False,TRAPPIST-1e,31.0,False,0.0,918.0,0.0,0.0,900.0,False,G,1314.0,S,8164,1
Mars,False,TRAPPIST-1e,28.82793046746535,False,279.0,11.0,40.0,718.0,0.0,False,E,525.0,P,8165,1
Earth,True,PSO J318.5-22,23.0,False,0.0,0.0,0.0,0.0,0.0,True,G,1315.0,S,8167,1
Earth,False,55 Cancri e,32.0,False,7.0,723.0,0.0,6.0,13.0,False,F,1561.0,S,8168,1
Earth,False,TRAPPIST-1e,32.0,False,293.0,889.0,1.0,1.0,200.0,False,F,1561.0,S,8168,2
Earth,False,TRAPPIST-1e,21.0,False,644.0,0.0,0.0,0.0,2.0,False,F,1561.0,S,8168,3
Earth,False,TRAPPIST-1e,28.82793046746535,False,4.0,0.0,9.0,20.0,831.0,False,F,1561.0,S,8168,4
Earth,False,TRAPPIST-1e,22.0,False,753.0,0.0,0.0,0.0,0.0,False,G,1316.0,S,8168,5
Earth,False,TRAPPIST-1e,18.0,False,0.0,858.0,2.0,0.0,0.0,True,G,1316.0,S,8168,6
Earth,True,PSO J318.5-22,28.0,False,0.0,0.0,0.0,0.0,0.0,True,G,1316.0,S,8168,7
Earth,True,TRAPPIST-1e,38.0,False,0.0,0.0,0.0,0.0,0.0,True,G,1316.0,S,8168,8
Earth,False,TRAPPIST-1e,46.0,False,0.0,0.0,594.0,154.0,0.0,False,F,1690.0,P,8171,1
Europa,False,TRAPPIST-1e,44.0,False,0.0,3771.0,0.0,521.0,4.0,True,C,304.0,S,8173,1
Europa,True,TRAPPIST-1e,38.0,False,0.0,0.0,0.0,0.0,0.0,True,C,305.0,S,8175,1
Europa,False,55 Cancri e,28.0,False,5.0,8252.0,0.0,181.0,3027.0,False,A,98.0,S,8176,1
Earth,False,TRAPPIST-1e,31.0,False,116.0,0.0,298.0,2.0,227.0,False,G,1317.0,S,8177,1
Earth,True,TRAPPIST-1e,18.0,False,0.0,0.0,0.0,0.0,0.0,True,G,1318.0,S,8178,1
Earth,False,PSO J318.5-22,18.0,False,0.0,220.0,4.0,0.0,532.0,False,F,1564.0,S,8182,1
Earth,False,55 Cancri e,4.0,False,0.0,0.0,0.0,0.0,0.0,True,G,1319.0,S,8186,1
Earth,True,PSO J318.5-22,0.0,False,0.0,0.0,0.0,0.0,0.0,True,G,1319.0,S,8186,2
Earth,False,TRAPPIST-1e,0.0,False,0.0,0.0,0.0,0.0,0.0,False,G,1319.0,S,8186,3
Earth,True,PSO J318.5-22,23.0,False,0.0,0.0,0.0,0.0,0.0,False,G,1319.0,S,8186,4
Europa,False,TRAPPIST-1e,35.0,False,0.0,747.0,0.0,0.0,2478.0,False,C,271.0,P,8189,1
Europa,True,55 Cancri e,43.0,False,0.0,0.0,0.0,0.0,0.0,True,B,320.0,S,8190,1
Earth,False,PSO J318.5-22,18.0,False,0.0,0.0,19.0,751.0,4.0,False,G,1320.0,S,8191,1
Earth,False,TRAPPIST-1e,18.0,False,539.0,2.0,3.0,900.0,0.0,False,F,1566.0,S,8192,1
Earth,False,TRAPPIST-1e,18.0,False,0.0,0.0,662.0,30.0,0.0,True,F,1567.0,S,8194,1
Earth,False,55 Cancri e,49.0,False,598.0,0.0,0.0,118.0,0.0,False,F,1693.0,P,8197,1
Earth,False,TRAPPIST-1e,19.0,False,0.0,0.0,0.0,0.0,0.0,False,G,1329.0,P,8199,1
Earth,True,PSO J318.5-22,22.0,False,0.0,0.0,0.0,0.0,0.0,True,G,1330.0,P,8200,1
Europa,False,TRAPPIST-1e,4.0,False,0.0,0.0,0.0,0.0,0.0,True,C,306.0,S,8202,1
Europa,False,TRAPPIST-1e,0.0,False,0.0,0.0,0.0,0.0,0.0,True,C,306.0,S,8202,2
Unknown,True,TRAPPIST-1e,28.82793046746535,False,0.0,0.0,0.0,0.0,0.0,True,C,306.0,S,8202,3
Europa,False,TRAPPIST-1e,39.0,False,19.0,3603.0,0.0,421.0,517.0,True,C,306.0,S,8202,4
Europa,False,55 Cancri e,36.0,False,0.0,8151.0,5.0,0.0,8182.0,False,C,306.0,S,8202,5
Europa,True,TRAPPIST-1e,53.0,False,0.0,0.0,0.0,0.0,0.0,True,C,306.0,S,8202,6
Europa,False,55 Cancri e,23.0,False,0.0,395.0,0.0,6.0,0.0,False,C,307.0,S,8203,1
Europa,True,TRAPPIST-1e,24.0,False,0.0,0.0,0.0,0.0,0.0,True,C,307.0,S,8203,2
Europa,False,TRAPPIST-1e,25.0,False,0.0,1003.0,1629.0,73.0,748.0,False,E,541.0,S,8204,1
Europa,False,TRAPPIST-1e,30.0,False,209.0,157.0,2566.0,171.0,472.0,False,E,541.0,S,8204,2
Earth,False,TRAPPIST-1e,20.0,False,625.0,0.0,2.0,0.0,0.0,False,G,1331.0,P,8205,1
Mars,True,TRAPPIST-1e,40.0,False,0.0,0.0,0.0,0.0,0.0,True,F,1695.0,P,8207,1
Earth,True,PSO J318.5-22,18.0,False,0.0,0.0,0.0,0.0,0.0,True,G,1322.0,S,8208,1
Earth,False,TRAPPIST-1e,57.0,False,6.0,510.0,372.0,0.0,0.0,True,G,1332.0,P,8209,1
Mars,False,TRAPPIST-1e,47.0,False,1282.0,0.0,5.0,495.0,0.0,False,D,241.0,S,8210,1
Earth,True,55 Cancri e,26.0,False,0.0,0.0,0.0,0.0,0.0,True,G,1323.0,S,8211,1
Earth,False,PSO J318.5-22,29.0,False,487.0,0.0,60.0,12.0,0.0,False,F,1569.0,S,8212,1
Earth,False,TRAPPIST-1e,32.0,False,0.0,2.0,1.0,0.0,881.0,False,G,1333.0,P,8213,1
Europa,True,TRAPPIST-1e,30.0,False,0.0,0.0,0.0,0.0,0.0,True,D,242.0,S,8214,1
Earth,False,TRAPPIST-1e,18.0,False,22.0,0.0,681.0,0.0,1.0,True,G,1334.0,P,8216,1
Earth,False,TRAPPIST-1e,49.0,False,0.0,4.0,50.0,0.0,746.0,False,F,1570.0,S,8217,1
Europa,True,TRAPPIST-1e,33.0,False,0.0,0.0,0.0,0.0,0.0,True,B,272.0,P,8218,1
Earth,False,TRAPPIST-1e,18.0,False,3.0,0.0,3.0,1773.0,0.0,False,G,1335.0,P,8219,1
Europa,False,TRAPPIST-1e,29.0,False,0.0,5157.0,1.0,136.0,32.0,True,A,99.0,S,8220,1
Mars,True,TRAPPIST-1e,34.0,False,0.0,0.0,0.0,0.0,0.0,True,F,1696.0,P,8221,1
Mars,False,TRAPPIST-1e,43.0,False,1054.0,109.0,576.0,645.0,0.0,False,D,257.0,P,8222,1
Mars,False,TRAPPIST-1e,18.0,False,32.0,1255.0,1.0,0.0,0.0,True,F,1697.0,P,8222,2
Earth,True,TRAPPIST-1e,31.0,False,0.0,0.0,0.0,0.0,0.0,False,G,1325.0,S,8224,1
Mars,False,TRAPPIST-1e,15.0,False,85.0,0.0,1130.0,0.0,248.0,False,F,82.0,S,8225,1
Mars,True,TRAPPIST-1e,3.0,False,0.0,0.0,0.0,0.0,0.0,True,F,1572.0,S,8226,1
Mars,True,TRAPPIST-1e,37.0,False,0.0,0.0,0.0,0.0,0.0,True,F,1572.0,S,8226,2
Mars,True,TRAPPIST-1e,1.0,False,0.0,0.0,0.0,0.0,0.0,True,F,1572.0,S,8226,3
Earth,False,TRAPPIST-1e,27.0,False,14.0,1186.0,460.0,12.0,9.0,True,E,527.0,P,8227,1
Earth,True,TRAPPIST-1e,15.0,False,0.0,0.0,0.0,0.0,0.0,True,G,1336.0,P,8229,1
Earth,False,TRAPPIST-1e,33.0,False,201.0,819.0,0.0,0.0,0.0,True,G,1327.0,S,8231,1
Earth,False,TRAPPIST-1e,65.0,False,0.0,0.0,113.0,208.0,587.0,False,G,1327.0,S,8231,2
Earth,False,TRAPPIST-1e,19.0,False,5.0,666.0,0.0,123.0,440.0,False,F,1574.0,S,8232,1
Earth,False,TRAPPIST-1e,30.0,False,0.0,0.0,779.0,0.0,18.0,False,F,1575.0,S,8233,1
Earth,False,TRAPPIST-1e,37.0,False,72.0,0.0,18.0,0.0,809.0,False,F,1575.0,S,8233,2
Earth,False,TRAPPIST-1e,15.0,False,0.0,21.0,22.0,1149.0,249.0,False,F,1576.0,S,8235,1
Earth,False,TRAPPIST-1e,19.0,False,511.0,0.0,0.0,267.0,0.0,False,F,1577.0,S,8237,1
Earth,False,TRAPPIST-1e,20.0,False,749.0,16.0,0.0,0.0,29.0,False,F,1578.0,S,8238,1
Earth,True,55 Cancri e,19.0,False,0.0,0.0,0.0,0.0,0.0,False,G,1328.0,S,8238,2
Earth,False,55 Cancri e,21.0,False,499.0,0.0,193.0,1.0,1.0,False,F,1579.0,S,8239,1
Earth,False,TRAPPIST-1e,20.0,False,2.0,2.0,876.0,8.0,0.0,True,G,1330.0,S,8242,1
Earth,False,TRAPPIST-1e,18.0,False,0.0,44.0,0.0,795.0,69.0,False,G,1331.0,S,8243,1
Earth,False,TRAPPIST-1e,27.0,False,1007.0,0.0,0.0,9.0,0.0,False,G,1337.0,P,8244,1
Europa,False,TRAPPIST-1e,23.0,False,0.0,2984.0,23.0,686.0,173.0,True,D,258.0,P,8247,1
Earth,True,TRAPPIST-1e,25.0,False,0.0,0.0,0.0,0.0,0.0,False,G,1339.0,P,8248,1
Earth,False,PSO J318.5-22,72.0,False,309.0,0.0,0.0,0.0,463.0,False,G,1339.0,P,8248,2
Earth,True,Unknown,35.0,False,0.0,0.0,0.0,0.0,0.0,True,G,1332.0,S,8251,1
Earth,False,55 Cancri e,29.0,False,52.0,0.0,612.0,465.0,79.0,False,F,1699.0,P,8252,1
Earth,False,TRAPPIST-1e,11.0,False,0.0,0.0,0.0,0.0,0.0,False,G,1341.0,P,8252,2
Earth,True,TRAPPIST-1e,7.0,False,0.0,0.0,0.0,0.0,0.0,False,G,1341.0,P,8252,3
Mars,True,TRAPPIST-1e,28.82793046746535,False,0.0,0.0,0.0,0.0,0.0,True,F,1700.0,P,8254,1
Earth,False,TRAPPIST-1e,28.0,False,0.0,1.0,12.0,875.0,0.0,False,G,1333.0,S,8255,1
Mars,False,TRAPPIST-1e,41.0,False,396.0,0.0,653.0,0.0,0.0,False,E,529.0,P,8257,1
Earth,False,TRAPPIST-1e,28.82793046746535,False,0.0,0.0,486.0,324.0,0.0,False,G,1342.0,P,8259,1
Earth,False,55 Cancri e,19.0,False,84.0,4.0,4.0,629.0,0.0,False,F,1582.0,S,8260,1
Earth,False,55 Cancri e,8.0,False,0.0,0.0,0.0,0.0,0.0,True,G,1334.0,S,8260,2
Earth,True,55 Cancri e,4.0,False,0.0,0.0,0.0,0.0,0.0,True,G,1334.0,S,8260,3
Earth,True,PSO J318.5-22,38.0,False,0.0,0.0,0.0,0.0,0.0,False,G,1343.0,P,8261,1
Mars,False,TRAPPIST-1e,21.0,False,32.0,0.0,1008.0,0.0,0.0,True,F,1584.0,S,8264,1
Earth,True,TRAPPIST-1e,18.0,False,0.0,0.0,0.0,0.0,0.0,False,G,1344.0,P,8265,1
Earth,True,TRAPPIST-1e,10.0,False,0.0,0.0,0.0,0.0,0.0,True,G,1345.0,P,8266,1
Mars,False,TRAPPIST-1e,29.0,False,304.0,0.0,48.0,946.0,0.0,False,E,530.0,P,8267,1
Mars,True,TRAPPIST-1e,25.0,False,0.0,0.0,0.0,0.0,0.0,True,F,1701.0,P,8267,2
Europa,True,TRAPPIST-1e,40.0,False,0.0,0.0,0.0,0.0,0.0,True,B,321.0,S,8268,1
Europa,False,TRAPPIST-1e,19.0,False,0.0,3.0,0.0,918.0,2346.0,False,B,321.0,S,8268,2
Mars,False,TRAPPIST-1e,38.0,False,86.0,1144.0,783.0,0.0,0.0,True,F,1702.0,P,8270,1
Earth,False,TRAPPIST-1e,19.0,False,29.0,2633.0,0.0,0.0,124.0,True,F,1586.0,S,8271,1
Mars,False,TRAPPIST-1e,0.0,False,0.0,0.0,0.0,0.0,0.0,True,F,1587.0,S,8272,1
Mars,True,TRAPPIST-1e,4.0,False,0.0,0.0,0.0,0.0,0.0,True,F,1587.0,S,8272,2
Mars,True,TRAPPIST-1e,29.0,False,0.0,0.0,0.0,0.0,0.0,True,F,1587.0,S,8272,3
Earth,False,TRAPPIST-1e,46.0,False,0.0,0.0,0.0,369.0,515.0,False,G,1346.0,P,8273,1
Mars,True,TRAPPIST-1e,32.0,False,0.0,0.0,0.0,0.0,0.0,True,F,1588.0,S,8275,1
Europa,False,TRAPPIST-1e,26.0,False,0.0,0.0,0.0,0.0,0.0,True,C,273.0,P,8276,1
Europa,True,TRAPPIST-1e,23.0,False,0.0,0.0,0.0,0.0,0.0,True,C,273.0,P,8276,2
Earth,True,55 Cancri e,32.0,False,0.0,0.0,0.0,0.0,0.0,True,G,1348.0,P,8277,1
Earth,False,TRAPPIST-1e,31.0,False,0.0,4334.0,55.0,56.0,0.0,True,G,1349.0,P,8279,1
Earth,False,TRAPPIST-1e,34.0,False,0.0,0.0,880.0,22.0,0.0,True,F,1703.0,P,8280,1
Unknown,False,TRAPPIST-1e,45.0,False,0.0,1.0,233.0,453.0,17.0,False,F,1704.0,P,8281,1
Earth,False,TRAPPIST-1e,61.0,False,67.0,0.0,654.0,0.0,86.0,False,G,1336.0,S,8282,1
Mars,False,TRAPPIST-1e,21.0,False,1242.0,0.0,654.0,0.0,0.0,False,E,542.0,S,8287,1
Mars,False,TRAPPIST-1e,28.82793046746535,False,1852.0,0.0,870.0,0.0,7.0,False,D,259.0,P,8288,1
Mars,False,TRAPPIST-1e,15.0,False,1150.0,0.0,175.0,1.0,11.0,False,F,1705.0,P,8288,2
Earth,True,TRAPPIST-1e,14.0,False,0.0,0.0,0.0,0.0,0.0,False,G,1350.0,P,8289,1
Earth,True,TRAPPIST-1e,18.0,False,0.0,0.0,0.0,0.0,0.0,True,G,1339.0,S,8291,1
Europa,True,TRAPPIST-1e,39.0,False,0.0,0.0,0.0,0.0,0.0,True,C,310.0,S,8292,1
Mars,True,TRAPPIST-1e,62.0,False,0.0,0.0,0.0,0.0,0.0,True,E,543.0,S,8294,1
Mars,False,TRAPPIST-1e,40.0,False,1309.0,0.0,0.0,0.0,0.0,False,F,1591.0,S,8295,1
Unknown,False,TRAPPIST-1e,21.0,False,5.0,0.0,0.0,22.0,639.0,False,F,1592.0,S,8297,1
Mars,True,TRAPPIST-1e,12.0,False,0.0,0.0,0.0,0.0,0.0,True,F,1593.0,S,8298,1
Europa,False,Unknown,27.0,False,0.0,0.0,0.0,1866.0,676.0,True,C,274.0,P,8300,1
Europa,False,TRAPPIST-1e,28.0,False,1722.0,5063.0,0.0,87.0,920.0,False,C,275.0,P,8301,1
Earth,False,TRAPPIST-1e,0.0,False,0.0,0.0,0.0,0.0,0.0,True,G,1340.0,S,8302,1
Earth,False,TRAPPIST-1e,17.0,False,4.0,0.0,867.0,0.0,0.0,False,F,1594.0,S,8302,2
Mars,False,55 Cancri e,23.0,False,218.0,0.0,2267.0,497.0,0.0,False,F,1595.0,S,8303,1
Earth,False,TRAPPIST-1e,6.0,False,0.0,0.0,0.0,0.0,0.0,True,G,1351.0,P,8306,1
Earth,True,PSO J318.5-22,29.0,False,0.0,0.0,0.0,0.0,0.0,True,G,1351.0,P,8306,2
Earth,False,Unknown,41.0,False,836.0,0.0,0.0,0.0,49.0,False,G,1351.0,P,8306,3
Europa,False,55 Cancri e,27.0,True,0.0,1337.0,1929.0,0.0,0.0,True,A,100.0,S,8307,1
Europa,True,TRAPPIST-1e,34.0,False,0.0,0.0,0.0,0.0,0.0,True,A,100.0,S,8307,2
Europa,True,55 Cancri e,36.0,False,0.0,0.0,0.0,0.0,0.0,True,E,545.0,S,8310,1
Earth,False,TRAPPIST-1e,30.0,False,467.0,0.0,0.0,0.0,287.0,False,G,1341.0,S,8313,1
Europa,False,TRAPPIST-1e,30.0,False,0.0,640.0,0.0,31.0,6201.0,False,D,245.0,S,8314,1
Unknown,False,55 Cancri e,29.0,True,0.0,2949.0,0.0,2.0,654.0,True,D,245.0,S,8314,2
Earth,False,TRAPPIST-1e,21.0,False,380.0,177.0,161.0,0.0,85.0,False,F,1598.0,S,8315,1
Earth,False,55 Cancri e,21.0,False,532.0,4.0,37.0,1.0,0.0,False,F,1709.0,P,8316,1
Earth,False,55 Cancri e,18.0,False,2.0,83.0,576.0,37.0,0.0,False,F,1710.0,P,8317,1
Mars,True,TRAPPIST-1e,11.0,False,0.0,0.0,0.0,0.0,0.0,True,F,1711.0,P,8318,1
Mars,False,TRAPPIST-1e,65.0,False,1399.0,0.0,0.0,0.0,0.0,False,F,1711.0,P,8318,2
Mars,False,55 Cancri e,25.0,False,149.0,0.0,194.0,731.0,0.0,False,F,1711.0,P,8318,3
Mars,True,55 Cancri e,0.0,False,0.0,0.0,0.0,0.0,0.0,True,F,1711.0,P,8318,4
Earth,False,TRAPPIST-1e,24.0,False,0.0,0.0,729.0,0.0,75.0,False,F,1712.0,P,8319,1
Earth,True,PSO J318.5-22,19.0,False,0.0,0.0,0.0,0.0,0.0,True,G,1352.0,P,8320,1
Earth,False,TRAPPIST-1e,23.0,False,0.0,0.0,0.0,0.0,693.0,False,F,1713.0,P,8321,1
Europa,False,PSO J318.5-22,45.0,True,0.0,49.0,0.0,4864.0,3902.0,False,F,82.0,S,8322,1
Unknown,True,55 Cancri e,52.0,False,0.0,0.0,0.0,0.0,0.0,True,C,312.0,S,8322,2
Earth,False,PSO J318.5-22,55.0,False,0.0,465.0,277.0,48.0,0.0,True,E,546.0,S,8323,1
Earth,True,PSO J318.5-22,24.0,False,0.0,0.0,0.0,0.0,0.0,False,G,1353.0,P,8324,1
Earth,False,TRAPPIST-1e,31.0,False,773.0,0.0,0.0,0.0,1.0,False,G,1354.0,P,8326,1
Earth,True,TRAPPIST-1e,18.0,False,0.0,0.0,0.0,0.0,0.0,False,G,1356.0,P,8328,1
Earth,True,TRAPPIST-1e,22.0,False,0.0,0.0,0.0,0.0,0.0,False,G,1357.0,P,8329,1
Earth,False,TRAPPIST-1e,39.0,False,799.0,0.0,0.0,4.0,0.0,False,F,1600.0,S,8330,1
Earth,True,PSO J318.5-22,19.0,False,0.0,0.0,0.0,0.0,0.0,True,G,1358.0,P,8332,1
Europa,False,55 Cancri e,33.0,False,988.0,0.0,0.0,2274.0,3098.0,False,C,313.0,S,8333,1
Earth,True,PSO J318.5-22,14.0,False,0.0,0.0,0.0,0.0,0.0,True,G,1359.0,P,8334,1
Mars,False,TRAPPIST-1e,30.0,False,697.0,0.0,602.0,0.0,0.0,False,E,531.0,P,8335,1
Mars,True,TRAPPIST-1e,30.0,False,0.0,0.0,0.0,0.0,0.0,True,E,547.0,S,8336,1
Mars,True,TRAPPIST-1e,21.0,False,0.0,0.0,0.0,0.0,0.0,True,F,1716.0,P,8338,1
Mars,False,TRAPPIST-1e,45.0,False,506.0,0.0,2.0,829.0,0.0,False,F,1716.0,P,8338,2
Mars,True,TRAPPIST-1e,17.0,False,0.0,0.0,0.0,0.0,0.0,True,F,1716.0,P,8338,3
Europa,False,TRAPPIST-1e,39.0,False,0.0,261.0,0.0,1831.0,1797.0,False,D,246.0,S,8339,1
Europa,False,TRAPPIST-1e,22.0,False,0.0,3716.0,0.0,1098.0,2065.0,False,D,246.0,S,8339,2
Earth,False,TRAPPIST-1e,37.0,False,477.0,0.0,167.0,0.0,46.0,False,F,1601.0,S,8341,1
Europa,False,TRAPPIST-1e,48.0,False,0.0,0.0,0.0,408.0,293.0,True,E,548.0,S,8342,1
Europa,True,TRAPPIST-1e,33.0,False,0.0,0.0,0.0,0.0,0.0,True,E,548.0,S,8342,2
Europa,False,55 Cancri e,37.0,False,0.0,2215.0,2.0,1294.0,274.0,False,E,548.0,S,8342,3
Earth,False,TRAPPIST-1e,27.0,False,1403.0,169.0,1081.0,0.0,0.0,False,F,1717.0,P,8343,1
Mars,True,TRAPPIST-1e,29.0,False,0.0,0.0,0.0,0.0,0.0,True,D,247.0,S,8344,1
Mars,False,TRAPPIST-1e,38.0,False,30.0,434.0,117.0,372.0,0.0,True,D,247.0,S,8344,2
Mars,True,TRAPPIST-1e,16.0,False,0.0,0.0,0.0,0.0,0.0,True,D,247.0,S,8344,3
Earth,False,PSO J318.5-22,18.0,False,0.0,0.0,1792.0,16.0,248.0,False,F,1602.0,S,8345,1
Earth,False,TRAPPIST-1e,28.82793046746535,False,41.0,23.0,63.0,0.0,647.0,False,F,1718.0,P,8346,1
Mars,True,TRAPPIST-1e,47.0,False,0.0,0.0,0.0,0.0,0.0,True,E,532.0,P,8348,1
Europa,True,TRAPPIST-1e,15.0,False,0.0,0.0,0.0,0.0,0.0,True,B,323.0,S,8354,1
Europa,True,TRAPPIST-1e,13.0,False,0.0,0.0,0.0,0.0,0.0,True,B,323.0,S,8354,2
Earth,True,PSO J318.5-22,19.0,False,0.0,0.0,0.0,0.0,0.0,False,G,1361.0,P,8356,1
Europa,True,TRAPPIST-1e,17.0,False,0.0,0.0,0.0,0.0,0.0,True,B,326.0,S,8360,1
Europa,True,TRAPPIST-1e,31.0,False,0.0,0.0,0.0,0.0,0.0,True,B,326.0,S,8360,2
Earth,False,TRAPPIST-1e,19.0,False,49.0,680.0,0.0,0.0,46.0,True,F,1720.0,P,8362,1
Europa,False,55 Cancri e,25.0,False,0.0,1673.0,0.0,642.0,612.0,False,A,101.0,S,8363,1
Europa,False,TRAPPIST-1e,26.0,False,0.0,690.0,1.0,1030.0,2273.0,False,A,101.0,S,8363,2
Earth,True,55 Cancri e,25.0,False,0.0,0.0,0.0,0.0,0.0,True,G,1363.0,P,8365,1
Earth,False,TRAPPIST-1e,2.0,False,0.0,0.0,0.0,0.0,0.0,False,G,1364.0,P,8366,1
Earth,False,TRAPPIST-1e,7.0,False,0.0,0.0,0.0,0.0,0.0,False,F,82.0,S,8366,2
Earth,True,TRAPPIST-1e,2.0,False,0.0,0.0,0.0,0.0,0.0,True,G,1364.0,P,8366,3
Earth,False,TRAPPIST-1e,19.0,False,0.0,0.0,0.0,0.0,616.0,False,G,1364.0,P,8366,4
Earth,False,TRAPPIST-1e,1.0,False,0.0,0.0,0.0,0.0,0.0,False,G,1364.0,P,8366,5
Earth,True,TRAPPIST-1e,4.0,False,0.0,0.0,0.0,0.0,0.0,True,G,1365.0,P,8368,1
Earth,False,55 Cancri e,49.0,False,336.0,64.0,377.0,0.0,0.0,True,F,1721.0,P,8368,2
Mars,True,TRAPPIST-1e,61.0,False,0.0,0.0,0.0,0.0,0.0,True,F,1604.0,S,8369,1
Mars,False,TRAPPIST-1e,57.0,True,435.0,22.0,1435.0,4.0,0.0,True,E,549.0,S,8369,2
Earth,False,55 Cancri e,52.0,False,0.0,0.0,638.0,115.0,0.0,True,F,1605.0,S,8371,1
Earth,False,TRAPPIST-1e,22.0,False,1.0,2.0,243.0,0.0,484.0,False,F,1606.0,S,8373,1
Europa,True,55 Cancri e,37.0,False,0.0,0.0,0.0,0.0,0.0,True,F,82.0,S,8374,1
Earth,False,PSO J318.5-22,15.0,False,64.0,0.0,0.0,0.0,640.0,True,F,82.0,S,8375,1
Mars,True,TRAPPIST-1e,28.0,False,0.0,0.0,0.0,0.0,0.0,True,F,1607.0,S,8376,1
Mars,False,TRAPPIST-1e,40.0,False,963.0,14.0,320.0,1.0,0.0,False,E,537.0,P,8377,1
Earth,False,TRAPPIST-1e,13.0,False,0.0,0.0,505.0,2810.0,9.0,False,F,1608.0,S,8378,1
Earth,False,TRAPPIST-1e,24.0,False,462.0,0.0,0.0,0.0,240.0,False,F,1609.0,S,8379,1
Earth,True,PSO J318.5-22,25.0,False,0.0,0.0,0.0,0.0,0.0,True,G,1367.0,P,8380,1
Earth,False,TRAPPIST-1e,25.0,False,0.0,0.0,0.0,788.0,3.0,False,E,550.0,S,8381,1
Europa,False,TRAPPIST-1e,43.0,False,0.0,7269.0,0.0,2750.0,2367.0,False,C,277.0,P,8382,1
Earth,True,TRAPPIST-1e,46.0,False,0.0,0.0,0.0,0.0,0.0,False,G,1368.0,P,8383,1
Earth,True,TRAPPIST-1e,3.0,False,0.0,0.0,0.0,0.0,0.0,False,G,1368.0,P,8383,2
Earth,False,TRAPPIST-1e,3.0,False,0.0,0.0,0.0,0.0,0.0,True,G,1368.0,P,8383,3
Earth,True,TRAPPIST-1e,3.0,False,0.0,0.0,0.0,0.0,0.0,True,G,1368.0,P,8383,4
Earth,False,TRAPPIST-1e,8.0,False,0.0,0.0,0.0,0.0,0.0,False,G,1368.0,P,8383,5
Earth,False,TRAPPIST-1e,57.0,False,0.0,839.0,1.0,0.0,2.0,True,G,1368.0,P,8383,6
Earth,False,TRAPPIST-1e,11.0,False,0.0,0.0,0.0,0.0,0.0,False,G,1368.0,P,8383,7
Earth,False,TRAPPIST-1e,20.0,False,0.0,0.0,0.0,1535.0,0.0,False,F,1722.0,P,8384,1
Earth,False,55 Cancri e,27.0,False,0.0,1283.0,0.0,2256.0,0.0,False,G,1369.0,P,8386,1
Earth,False,TRAPPIST-1e,20.0,False,781.0,0.0,33.0,0.0,0.0,True,F,1724.0,P,8388,1
Earth,True,PSO J318.5-22,14.0,False,0.0,0.0,0.0,0.0,0.0,True,G,1370.0,P,8390,1
Earth,False,PSO J318.5-22,24.0,False,86.0,669.0,1.0,0.0,0.0,False,F,1610.0,S,8392,1
Earth,False,TRAPPIST-1e,21.0,False,163.0,146.0,54.0,245.0,95.0,False,F,1725.0,P,8393,1
Europa,False,55 Cancri e,33.0,True,9.0,1365.0,0.0,5577.0,1483.0,False,B,276.0,P,8394,1
Europa,False,TRAPPIST-1e,32.0,False,0.0,13.0,0.0,2148.0,319.0,False,D,260.0,P,8395,1
Earth,False,PSO J318.5-22,22.0,False,2.0,104.0,404.0,0.0,0.0,True,G,1371.0,P,8397,1
Europa,True,TRAPPIST-1e,15.0,False,0.0,0.0,0.0,0.0,0.0,True,B,329.0,S,8398,1
Europa,True,Unknown,41.0,False,0.0,0.0,0.0,0.0,0.0,True,B,329.0,S,8398,2
Europa,True,55 Cancri e,31.0,False,0.0,0.0,0.0,0.0,0.0,True,C,315.0,S,8401,1
Europa,True,55 Cancri e,35.0,False,0.0,0.0,0.0,0.0,0.0,True,C,316.0,S,8403,1
Earth,True,TRAPPIST-1e,48.0,False,0.0,0.0,0.0,0.0,0.0,True,G,1346.0,S,8404,1
Earth,True,TRAPPIST-1e,15.0,False,0.0,0.0,0.0,0.0,0.0,True,G,1346.0,S,8404,2
Earth,False,TRAPPIST-1e,37.0,False,0.0,0.0,1025.0,0.0,0.0,True,G,1372.0,P,8405,1
Mars,False,TRAPPIST-1e,21.0,False,1214.0,179.0,566.0,0.0,619.0,False,D,250.0,S,8406,1
Earth,False,TRAPPIST-1e,34.0,False,44.0,1290.0,51.0,0.0,9.0,False,F,1613.0,S,8407,1
Earth,True,TRAPPIST-1e,19.0,False,0.0,0.0,0.0,0.0,0.0,False,G,1373.0,P,8409,1
Earth,False,TRAPPIST-1e,52.0,False,289.0,302.0,0.0,112.0,0.0,False,F,1615.0,S,8410,1
Earth,False,TRAPPIST-1e,15.0,False,0.0,3137.0,0.0,0.0,0.0,True,F,1726.0,P,8411,1
Earth,False,TRAPPIST-1e,24.0,False,0.0,171.0,591.0,22.0,0.0,False,G,1374.0,P,8414,1
Earth,False,TRAPPIST-1e,45.0,False,0.0,0.0,635.0,2.0,0.0,True,E,553.0,S,8416,1
Europa,True,55 Cancri e,13.0,False,0.0,0.0,0.0,0.0,0.0,True,B,330.0,S,8418,1
Europa,False,TRAPPIST-1e,18.0,False,0.0,0.0,0.0,206.0,2684.0,False,B,330.0,S,8418,2
Earth,False,TRAPPIST-1e,19.0,False,0.0,168.0,481.0,0.0,0.0,True,F,1618.0,S,8419,1
Earth,True,TRAPPIST-1e,20.0,False,0.0,0.0,0.0,0.0,0.0,True,G,1349.0,S,8419,2
Earth,False,TRAPPIST-1e,20.0,False,4210.0,4.0,0.0,58.0,0.0,False,E,554.0,S,8420,1
Earth,False,TRAPPIST-1e,27.0,False,1.0,30.0,739.0,0.0,33.0,True,F,1619.0,S,8421,1
Earth,False,TRAPPIST-1e,22.0,False,0.0,0.0,6.0,0.0,733.0,False,F,1620.0,S,8423,1
Earth,True,PSO J318.5-22,17.0,False,0.0,0.0,0.0,0.0,0.0,False,G,1376.0,P,8427,1
Earth,True,55 Cancri e,23.0,False,0.0,0.0,0.0,0.0,0.0,True,G,1351.0,S,8429,1
Earth,False,TRAPPIST-1e,29.0,False,324.0,0.0,546.0,0.0,0.0,False,F,1621.0,S,8430,1
Europa,True,55 Cancri e,24.0,False,0.0,0.0,0.0,0.0,0.0,True,B,277.0,P,8431,1
Europa,False,55 Cancri e,26.0,False,1.0,4680.0,25.0,564.0,13.0,False,B,277.0,P,8431,2
Earth,True,TRAPPIST-1e,36.0,False,0.0,0.0,0.0,0.0,0.0,False,G,1377.0,P,8432,1
Earth,False,TRAPPIST-1e,25.0,False,341.0,608.0,2.0,2.0,16.0,True,F,1729.0,P,8433,1
Earth,False,PSO J318.5-22,36.0,False,52.0,0.0,132.0,334.0,176.0,False,F,82.0,S,8437,1
Mars,False,TRAPPIST-1e,32.0,False,725.0,0.0,1641.0,0.0,0.0,False,F,1624.0,S,8438,1
Earth,True,55 Cancri e,16.0,False,0.0,0.0,0.0,0.0,0.0,True,G,1352.0,S,8441,1
Mars,False,TRAPPIST-1e,32.0,False,857.0,158.0,0.0,33.0,0.0,False,E,540.0,P,8442,1
Earth,False,TRAPPIST-1e,48.0,False,0.0,1570.0,1.0,0.0,2.0,False,F,1733.0,P,8444,1
Earth,False,TRAPPIST-1e,25.0,False,1.0,0.0,1.0,14.0,1491.0,False,F,1734.0,P,8447,1
Europa,True,55 Cancri e,46.0,False,0.0,0.0,0.0,0.0,0.0,True,B,278.0,P,8448,1
Europa,False,55 Cancri e,32.0,False,0.0,2154.0,0.0,9655.0,859.0,False,C,317.0,S,8449,1
Europa,False,TRAPPIST-1e,50.0,False,0.0,3070.0,0.0,44.0,562.0,True,C,317.0,S,8449,2
Mars,False,55 Cancri e,31.0,False,1997.0,0.0,0.0,0.0,0.0,False,F,1625.0,S,8451,1
Mars,True,TRAPPIST-1e,27.0,False,0.0,0.0,0.0,0.0,0.0,True,F,1625.0,S,8451,2
Europa,False,55 Cancri e,52.0,True,0.0,831.0,1536.0,0.0,7953.0,False,C,279.0,P,8452,1
Europa,True,TRAPPIST-1e,34.0,False,0.0,0.0,0.0,0.0,0.0,True,C,279.0,P,8452,2
Europa,True,55 Cancri e,40.0,False,0.0,0.0,0.0,0.0,0.0,True,C,279.0,P,8452,3
Europa,False,TRAPPIST-1e,36.0,False,0.0,1055.0,18.0,1669.0,49.0,True,C,279.0,P,8452,4
Earth,False,TRAPPIST-1e,19.0,False,112.0,0.0,265.0,396.0,0.0,False,G,1354.0,S,8454,1
Europa,True,55 Cancri e,33.0,False,0.0,0.0,0.0,0.0,0.0,True,C,280.0,P,8456,1
Earth,False,TRAPPIST-1e,23.0,False,29.0,0.0,0.0,332.0,270.0,False,F,1627.0,S,8457,1
Europa,False,55 Cancri e,57.0,False,0.0,4301.0,31.0,665.0,6329.0,False,C,319.0,S,8458,1
Europa,True,55 Cancri e,24.0,False,0.0,0.0,0.0,0.0,0.0,True,C,319.0,S,8458,2
Europa,True,55 Cancri e,19.0,False,0.0,0.0,0.0,0.0,0.0,True,C,319.0,S,8458,3
Europa,True,TRAPPIST-1e,54.0,False,0.0,0.0,0.0,0.0,0.0,True,C,319.0,S,8458,4
Europa,False,TRAPPIST-1e,28.0,False,1004.0,2423.0,0.0,0.0,17.0,True,C,319.0,S,8458,5
Europa,False,TRAPPIST-1e,26.0,True,1.0,5610.0,0.0,5.0,119.0,True,C,319.0,S,8458,6
Earth,True,PSO J318.5-22,43.0,False,0.0,0.0,0.0,0.0,0.0,False,G,1355.0,S,8459,1
Earth,False,TRAPPIST-1e,39.0,False,0.0,21.0,63.0,677.0,0.0,False,F,1628.0,S,8460,1
Earth,False,TRAPPIST-1e,21.0,False,32.0,640.0,0.0,0.0,0.0,True,F,1629.0,S,8462,1
Earth,False,55 Cancri e,24.0,False,0.0,0.0,608.0,37.0,0.0,False,F,1630.0,S,8463,1
Mars,False,TRAPPIST-1e,35.0,False,0.0,0.0,0.0,0.0,0.0,False,E,542.0,P,8465,1
Mars,True,TRAPPIST-1e,61.0,False,0.0,0.0,0.0,0.0,0.0,True,F,1736.0,P,8465,2
Earth,False,TRAPPIST-1e,21.0,False,0.0,5.0,0.0,687.0,10.0,False,F,1737.0,P,8466,1
Earth,True,55 Cancri e,14.0,False,0.0,0.0,0.0,0.0,0.0,True,G,1379.0,P,8467,1
Mars,False,55 Cancri e,38.0,False,1161.0,0.0,19.0,0.0,0.0,False,D,263.0,P,8468,1
Earth,True,55 Cancri e,23.0,False,0.0,0.0,0.0,0.0,0.0,True,G,1356.0,S,8469,1
Europa,False,55 Cancri e,31.0,True,8243.0,280.0,0.0,3220.0,2285.0,False,C,281.0,P,8470,1
Europa,False,55 Cancri e,66.0,True,0.0,1828.0,1.0,1873.0,45.0,False,E,556.0,S,8471,1
Earth,True,TRAPPIST-1e,56.0,False,0.0,0.0,0.0,0.0,0.0,False,G,1380.0,P,8472,1
Earth,False,55 Cancri e,21.0,False,39.0,53.0,94.0,33.0,518.0,False,F,1632.0,S,8474,1
Europa,False,55 Cancri e,49.0,False,0.0,2808.0,1083.0,110.0,1132.0,False,B,331.0,S,8475,1
Europa,False,55 Cancri e,21.0,False,2.0,4887.0,64.0,4952.0,1734.0,False,B,331.0,S,8475,2
Mars,False,TRAPPIST-1e,27.0,False,244.0,0.0,492.0,297.0,23.0,True,D,252.0,S,8476,1
Earth,False,TRAPPIST-1e,23.0,False,0.0,1.0,51.0,1711.0,219.0,False,F,1633.0,S,8477,1
Earth,False,TRAPPIST-1e,27.0,False,0.0,0.0,0.0,716.0,0.0,False,F,1738.0,P,8479,1
Earth,False,TRAPPIST-1e,49.0,False,188.0,0.0,143.0,1443.0,555.0,False,G,1382.0,P,8480,1
Earth,False,TRAPPIST-1e,38.0,False,0.0,847.0,3.0,34.0,0.0,False,G,1382.0,P,8480,2
Europa,True,TRAPPIST-1e,60.0,False,0.0,0.0,0.0,0.0,0.0,True,B,332.0,S,8481,1
Earth,True,55 Cancri e,47.0,False,0.0,0.0,0.0,0.0,0.0,False,G,1358.0,S,8482,1
Europa,True,TRAPPIST-1e,29.0,True,0.0,0.0,0.0,0.0,0.0,True,D,253.0,S,8483,1
Earth,True,TRAPPIST-1e,19.0,False,0.0,0.0,0.0,0.0,0.0,True,G,1360.0,S,8486,1
Europa,False,55 Cancri e,32.0,True,65.0,0.0,0.0,88.0,9811.0,False,C,282.0,P,8487,1
Earth,True,PSO J318.5-22,22.0,False,0.0,0.0,0.0,0.0,0.0,True,G,1383.0,P,8489,1
Mars,False,55 Cancri e,35.0,False,319.0,0.0,6331.0,8.0,0.0,True,F,1635.0,S,8491,1
Earth,False,TRAPPIST-1e,28.0,False,0.0,62.0,3.0,667.0,0.0,True,F,1740.0,P,8492,1
Earth,True,PSO J318.5-22,22.0,False,0.0,0.0,0.0,0.0,0.0,False,G,1384.0,P,8493,1
Mars,False,TRAPPIST-1e,42.0,False,770.0,0.0,1301.0,0.0,0.0,True,E,543.0,P,8494,1
Europa,False,55 Cancri e,37.0,False,18.0,4754.0,1.0,1254.0,2.0,True,C,283.0,P,8495,1
Mars,False,TRAPPIST-1e,31.0,False,49.0,322.0,977.0,0.0,0.0,True,F,1743.0,P,8500,1
Mars,False,TRAPPIST-1e,33.0,True,1264.0,1787.0,36.0,473.0,337.0,False,D,254.0,S,8502,1
Europa,False,TRAPPIST-1e,48.0,False,3784.0,917.0,146.0,1770.0,880.0,False,B,279.0,P,8503,1
Europa,False,TRAPPIST-1e,31.0,False,0.0,529.0,0.0,0.0,3884.0,False,B,279.0,P,8503,2
Europa,True,55 Cancri e,18.0,False,0.0,0.0,0.0,0.0,0.0,True,B,279.0,P,8503,3
Earth,False,TRAPPIST-1e,44.0,False,0.0,0.0,2036.0,2.0,1.0,True,F,1744.0,P,8504,1
Earth,True,55 Cancri e,22.0,False,0.0,0.0,0.0,0.0,0.0,True,G,1385.0,P,8504,2
Earth,False,TRAPPIST-1e,18.0,False,490.0,0.0,54.0,195.0,0.0,False,F,1746.0,P,8506,1
Mars,True,TRAPPIST-1e,48.0,False,0.0,0.0,0.0,0.0,0.0,True,F,1747.0,P,8508,1
Mars,True,TRAPPIST-1e,2.0,False,0.0,0.0,0.0,0.0,0.0,True,F,1747.0,P,8508,2
Mars,False,TRAPPIST-1e,0.0,False,0.0,0.0,0.0,0.0,0.0,True,F,1747.0,P,8508,3
Earth,False,TRAPPIST-1e,43.0,False,21.0,0.0,863.0,0.0,0.0,False,G,1364.0,S,8509,1
Earth,False,PSO J318.5-22,51.0,False,590.0,28.0,73.0,0.0,82.0,False,G,1365.0,S,8511,1
Earth,False,55 Cancri e,48.0,False,0.0,717.0,0.0,0.0,10.0,True,F,1637.0,S,8512,1
Mars,False,TRAPPIST-1e,51.0,False,870.0,28.0,278.0,154.0,1288.0,False,F,1748.0,P,8514,1
Earth,False,TRAPPIST-1e,20.0,False,0.0,0.0,0.0,327.0,0.0,True,F,1750.0,P,8516,1
Europa,False,TRAPPIST-1e,41.0,False,0.0,0.0,0.0,0.0,0.0,False,A,102.0,S,8521,1
Earth,False,TRAPPIST-1e,27.0,False,3.0,0.0,10.0,4.0,855.0,True,F,1751.0,P,8522,1
Europa,False,55 Cancri e,56.0,False,53.0,3033.0,0.0,140.0,6102.0,False,C,320.0,S,8523,1
Europa,True,55 Cancri e,26.0,False,0.0,0.0,0.0,0.0,0.0,True,B,333.0,S,8524,1
Earth,False,TRAPPIST-1e,21.0,False,11.0,0.0,0.0,839.0,0.0,False,G,1369.0,S,8528,1
Mars,False,TRAPPIST-1e,28.82793046746535,False,2502.0,0.0,44.0,23.0,29.0,False,F,1640.0,S,8530,1
Earth,False,55 Cancri e,23.0,False,348.0,210.0,0.0,0.0,1.0,False,F,1642.0,S,8535,1
Europa,False,55 Cancri e,28.0,False,0.0,101.0,0.0,0.0,12143.0,False,E,559.0,S,8536,1
Mars,True,TRAPPIST-1e,40.0,False,0.0,0.0,0.0,0.0,0.0,True,F,1643.0,S,8537,1
Mars,False,TRAPPIST-1e,39.0,False,5327.0,0.0,290.0,0.0,0.0,False,F,1643.0,S,8537,2
Mars,True,TRAPPIST-1e,16.0,False,0.0,0.0,0.0,0.0,0.0,True,F,1643.0,S,8537,3
Earth,False,TRAPPIST-1e,20.0,False,59.0,29.0,27.0,0.0,0.0,False,G,1372.0,S,8539,1
Earth,False,TRAPPIST-1e,24.0,False,686.0,0.0,13.0,0.0,0.0,False,F,1645.0,S,8540,1
Mars,False,TRAPPIST-1e,45.0,True,1093.0,950.0,341.0,0.0,0.0,False,D,266.0,P,8541,1
Mars,False,55 Cancri e,33.0,False,1914.0,5.0,0.0,0.0,228.0,True,D,266.0,P,8541,2
Mars,True,TRAPPIST-1e,19.0,False,0.0,0.0,0.0,0.0,0.0,False,E,544.0,P,8542,1
Earth,False,TRAPPIST-1e,15.0,False,114.0,161.0,22.0,419.0,0.0,False,F,1647.0,S,8544,1
Earth,False,TRAPPIST-1e,18.0,False,0.0,0.0,7.0,717.0,0.0,False,F,1753.0,P,8545,1
Earth,False,TRAPPIST-1e,21.0,False,129.0,106.0,280.0,183.0,18.0,False,F,1755.0,P,8548,1
Mars,True,TRAPPIST-1e,37.0,False,0.0,0.0,0.0,0.0,0.0,True,F,1648.0,S,8549,1
Europa,False,TRAPPIST-1e,53.0,False,0.0,847.0,0.0,630.0,2060.0,False,D,257.0,S,8551,1
Mars,False,TRAPPIST-1e,19.0,False,0.0,0.0,0.0,0.0,0.0,False,E,545.0,P,8552,1
Mars,False,TRAPPIST-1e,17.0,False,387.0,0.0,28.0,2183.0,0.0,False,F,1756.0,P,8552,2
Earth,False,PSO J318.5-22,58.0,False,487.0,0.0,195.0,0.0,7.0,True,E,547.0,P,8554,1
Europa,False,TRAPPIST-1e,18.0,False,0.0,1878.0,0.0,18572.0,10028.0,False,B,280.0,P,8556,1
Europa,False,55 Cancri e,25.0,True,0.0,3978.0,0.0,266.0,597.0,True,B,280.0,P,8556,2
Europa,True,TRAPPIST-1e,39.0,False,0.0,0.0,0.0,0.0,0.0,True,B,334.0,S,8557,1
Europa,True,55 Cancri e,40.0,False,0.0,0.0,0.0,0.0,0.0,True,B,334.0,S,8557,2
Mars,False,TRAPPIST-1e,27.0,True,3.0,952.0,208.0,951.0,0.0,False,E,548.0,P,8559,1
Mars,False,TRAPPIST-1e,3.0,False,0.0,0.0,0.0,0.0,0.0,True,F,1758.0,P,8559,2
Mars,True,TRAPPIST-1e,18.0,False,0.0,0.0,0.0,0.0,0.0,True,F,1758.0,P,8559,3
Earth,True,55 Cancri e,18.0,False,0.0,0.0,0.0,0.0,0.0,True,G,1391.0,P,8560,1
Earth,True,PSO J318.5-22,29.0,False,0.0,0.0,0.0,0.0,0.0,False,G,1375.0,S,8561,1
Earth,False,TRAPPIST-1e,22.0,False,3.0,214.0,0.0,0.0,591.0,False,G,1392.0,P,8566,1
Europa,False,TRAPPIST-1e,34.0,False,0.0,3636.0,0.0,70.0,27.0,True,A,88.0,P,8569,1
Earth,True,PSO J318.5-22,19.0,False,0.0,0.0,0.0,0.0,0.0,False,G,1377.0,S,8570,1
Mars,False,TRAPPIST-1e,26.0,False,5757.0,0.0,206.0,0.0,0.0,False,F,1651.0,S,8571,1
Europa,False,TRAPPIST-1e,33.0,False,0.0,739.0,0.0,140.0,6901.0,False,A,89.0,P,8572,1
Earth,False,TRAPPIST-1e,34.0,False,10.0,4.0,1.0,0.0,791.0,True,F,1652.0,S,8573,1
Earth,True,TRAPPIST-1e,18.0,False,0.0,0.0,0.0,0.0,0.0,True,G,1378.0,S,8573,2
Mars,True,TRAPPIST-1e,40.0,False,0.0,0.0,0.0,0.0,0.0,True,F,1653.0,S,8574,1
Mars,False,Unknown,53.0,False,1042.0,0.0,2.0,1.0,11.0,False,D,258.0,S,8574,2
Mars,True,TRAPPIST-1e,8.0,False,0.0,0.0,0.0,0.0,0.0,True,F,1653.0,S,8574,3
Mars,False,TRAPPIST-1e,54.0,False,1763.0,0.0,11.0,0.0,0.0,False,F,1653.0,S,8574,4
Mars,True,55 Cancri e,29.0,False,0.0,0.0,0.0,0.0,0.0,True,F,1653.0,S,8574,5
Mars,True,TRAPPIST-1e,56.0,False,0.0,0.0,0.0,0.0,0.0,True,F,1654.0,S,8577,1
Earth,False,PSO J318.5-22,21.0,False,4.0,3.0,149.0,17.0,442.0,False,G,1379.0,S,8580,1
Europa,True,TRAPPIST-1e,25.0,True,0.0,0.0,0.0,0.0,0.0,True,C,323.0,S,8581,1
Europa,True,TRAPPIST-1e,33.0,False,0.0,0.0,0.0,0.0,0.0,True,C,323.0,S,8581,2
Earth,False,TRAPPIST-1e,22.0,False,4.0,0.0,72.0,21.0,600.0,False,F,1655.0,S,8584,1
Mars,False,TRAPPIST-1e,50.0,False,748.0,164.0,269.0,0.0,0.0,False,D,259.0,S,8585,1
Mars,False,55 Cancri e,24.0,False,0.0,0.0,396.0,256.0,1482.0,False,E,550.0,P,8586,1
Unknown,False,TRAPPIST-1e,25.0,False,637.0,0.0,89.0,312.0,2.0,False,F,1763.0,P,8587,1
Mars,True,TRAPPIST-1e,59.0,False,0.0,0.0,0.0,0.0,0.0,True,E,562.0,S,8588,1
Europa,False,55 Cancri e,26.0,False,6.0,728.0,0.0,1273.0,1116.0,False,D,267.0,P,8589,1
Europa,False,TRAPPIST-1e,19.0,False,0.0,1406.0,0.0,4199.0,2123.0,False,D,268.0,P,8592,1
Earth,False,TRAPPIST-1e,37.0,False,210.0,3.0,601.0,1.0,68.0,False,G,1381.0,S,8594,1
Mars,True,TRAPPIST-1e,22.0,False,0.0,0.0,0.0,0.0,0.0,True,E,551.0,P,8595,1
Europa,True,TRAPPIST-1e,44.0,False,0.0,0.0,0.0,0.0,0.0,True,C,284.0,P,8596,1
Europa,True,55 Cancri e,25.0,False,0.0,0.0,0.0,0.0,0.0,True,C,284.0,P,8596,2
Earth,True,TRAPPIST-1e,23.0,False,0.0,0.0,0.0,0.0,0.0,True,G,1382.0,S,8597,1
Earth,False,55 Cancri e,6.0,False,0.0,0.0,0.0,0.0,0.0,True,G,1394.0,P,8598,1
Earth,True,PSO J318.5-22,39.0,False,0.0,0.0,0.0,0.0,0.0,True,G,1394.0,P,8598,2
Earth,False,55 Cancri e,26.0,False,12.0,71.0,0.0,103.0,624.0,False,F,82.0,S,8598,3
Earth,False,55 Cancri e,14.0,False,547.0,145.0,5.0,0.0,9.0,False,G,1383.0,S,8599,1
Earth,True,TRAPPIST-1e,3.0,False,0.0,0.0,0.0,0.0,0.0,False,G,1396.0,P,8602,1
Earth,False,PSO J318.5-22,21.0,False,10.0,1028.0,3.0,2519.0,0.0,False,G,1396.0,P,8602,2
Earth,True,Unknown,24.0,False,0.0,0.0,0.0,0.0,0.0,False,G,1396.0,P,8602,3
Earth,True,PSO J318.5-22,18.0,False,0.0,0.0,0.0,0.0,0.0,False,F,82.0,S,8603,1
Mars,False,Unknown,37.0,False,50.0,0.0,343.0,2205.0,0.0,False,F,1765.0,P,8604,1
Mars,True,TRAPPIST-1e,21.0,False,0.0,0.0,0.0,0.0,0.0,True,F,1765.0,P,8604,2
Europa,False,TRAPPIST-1e,67.0,False,0.0,82.0,0.0,2279.0,293.0,False,C,324.0,S,8605,1
Europa,True,TRAPPIST-1e,28.0,False,0.0,0.0,0.0,0.0,0.0,True,F,82.0,S,8605,2
Europa,True,55 Cancri e,13.0,False,0.0,0.0,0.0,0.0,0.0,True,C,324.0,S,8605,3
Europa,False,TRAPPIST-1e,26.0,False,0.0,226.0,0.0,436.0,4051.0,False,C,324.0,S,8605,4
Europa,True,55 Cancri e,33.0,False,0.0,0.0,0.0,0.0,0.0,True,C,324.0,S,8605,5
Earth,True,TRAPPIST-1e,18.0,False,0.0,0.0,0.0,0.0,0.0,False,G,1386.0,S,8606,1
Earth,False,TRAPPIST-1e,24.0,False,13.0,221.0,0.0,1154.0,0.0,False,F,1658.0,S,8606,2
Earth,False,TRAPPIST-1e,26.0,False,0.0,0.0,148.0,551.0,89.0,False,E,563.0,S,8606,3
Earth,False,PSO J318.5-22,21.0,False,0.0,2202.0,9.0,71.0,100.0,True,G,1387.0,S,8607,1
Earth,False,TRAPPIST-1e,27.0,False,0.0,0.0,2.0,994.0,0.0,False,E,564.0,S,8609,1
Earth,True,PSO J318.5-22,15.0,False,0.0,0.0,0.0,0.0,0.0,True,G,1398.0,P,8610,1
Earth,False,55 Cancri e,24.0,False,2.0,644.0,0.0,0.0,0.0,False,F,1766.0,P,8611,1
Unknown,False,TRAPPIST-1e,31.0,False,4.0,9.0,870.0,0.0,0.0,False,G,1399.0,P,8612,1
Earth,False,TRAPPIST-1e,10.0,False,0.0,0.0,0.0,0.0,0.0,True,G,1388.0,S,8613,1
Earth,False,TRAPPIST-1e,23.0,False,4.0,3.0,1785.0,0.0,0.0,True,G,1400.0,P,8614,1
Earth,False,55 Cancri e,50.0,False,0.0,0.0,117.0,712.0,0.0,True,E,565.0,S,8615,1
Earth,True,55 Cancri e,13.0,False,0.0,0.0,0.0,0.0,0.0,True,G,1389.0,S,8615,2
Mars,False,TRAPPIST-1e,43.0,False,27.0,0.0,797.0,830.0,161.0,False,F,1767.0,P,8616,1
Mars,True,55 Cancri e,20.0,False,0.0,0.0,0.0,0.0,0.0,True,F,1767.0,P,8616,2
Earth,False,TRAPPIST-1e,21.0,False,11.0,1475.0,0.0,0.0,0.0,True,F,1768.0,P,8617,1
Europa,False,55 Cancri e,18.0,False,0.0,694.0,0.0,0.0,1370.0,False,B,336.0,S,8618,1
Europa,True,TRAPPIST-1e,16.0,False,0.0,0.0,0.0,0.0,0.0,True,B,336.0,S,8618,2
Europa,False,TRAPPIST-1e,47.0,False,187.0,268.0,977.0,3441.0,236.0,False,E,566.0,S,8619,1
Mars,False,TRAPPIST-1e,35.0,True,1234.0,35.0,7.0,0.0,0.0,False,F,1659.0,S,8620,1
Earth,False,TRAPPIST-1e,15.0,False,9.0,731.0,85.0,0.0,537.0,False,F,82.0,S,8623,1
Earth,False,TRAPPIST-1e,46.0,False,135.0,0.0,0.0,0.0,928.0,False,F,1661.0,S,8624,1
Earth,True,TRAPPIST-1e,6.0,False,0.0,0.0,0.0,0.0,0.0,False,G,1390.0,S,8624,2
Earth,False,TRAPPIST-1e,26.0,False,1.0,0.0,1.0,15.0,854.0,False,F,1770.0,P,8626,1
Earth,False,PSO J318.5-22,49.0,False,0.0,18.0,0.0,0.0,686.0,False,F,1664.0,S,8628,1
Earth,True,TRAPPIST-1e,28.0,False,0.0,0.0,0.0,0.0,0.0,True,G,1391.0,S,8629,1
Mars,True,TRAPPIST-1e,37.0,False,0.0,0.0,0.0,0.0,0.0,False,E,553.0,P,8631,1
Earth,False,TRAPPIST-1e,17.0,False,2.0,33.0,97.0,553.0,0.0,False,F,1665.0,S,8633,1
Earth,False,TRAPPIST-1e,38.0,False,1739.0,0.0,0.0,83.0,0.0,False,G,1392.0,S,8634,1
Earth,False,TRAPPIST-1e,18.0,False,224.0,0.0,0.0,0.0,1384.0,False,E,554.0,P,8635,1
Mars,True,TRAPPIST-1e,55.0,False,0.0,0.0,0.0,0.0,0.0,True,F,1772.0,P,8636,1
Unknown,True,TRAPPIST-1e,28.0,False,0.0,0.0,0.0,0.0,0.0,True,F,1773.0,P,8637,1
Mars,False,TRAPPIST-1e,25.0,False,987.0,0.0,6221.0,141.0,0.0,True,F,1773.0,P,8637,2
Mars,False,TRAPPIST-1e,17.0,False,330.0,1.0,967.0,0.0,0.0,False,E,555.0,P,8637,3
Earth,True,TRAPPIST-1e,22.0,False,0.0,0.0,0.0,0.0,0.0,False,G,1402.0,P,8638,1
Earth,False,TRAPPIST-1e,4.0,False,0.0,0.0,0.0,0.0,0.0,True,G,1402.0,P,8638,2
Earth,False,55 Cancri e,3.0,False,0.0,0.0,0.0,0.0,0.0,True,G,1402.0,P,8638,3
Mars,True,TRAPPIST-1e,21.0,False,0.0,0.0,0.0,0.0,0.0,False,E,567.0,S,8639,1
Mars,False,TRAPPIST-1e,24.0,False,1455.0,2207.0,163.0,2354.0,0.0,False,D,260.0,S,8639,2
Earth,False,Unknown,50.0,False,133.0,0.0,525.0,0.0,31.0,False,F,1666.0,S,8640,1
Mars,False,TRAPPIST-1e,3.0,False,0.0,0.0,0.0,0.0,0.0,True,F,1667.0,S,8641,1
Mars,False,TRAPPIST-1e,19.0,False,1146.0,0.0,3.0,0.0,0.0,False,F,1667.0,S,8641,2
Mars,True,TRAPPIST-1e,22.0,False,0.0,0.0,0.0,0.0,0.0,True,F,1667.0,S,8641,3
Earth,False,PSO J318.5-22,20.0,False,0.0,4.0,0.0,0.0,625.0,False,F,1774.0,P,8642,1
Mars,False,TRAPPIST-1e,18.0,False,2048.0,0.0,2.0,848.0,0.0,False,F,1775.0,P,8643,1
Earth,False,TRAPPIST-1e,27.0,False,20.0,0.0,11.0,0.0,848.0,False,F,1668.0,S,8644,1
Earth,False,TRAPPIST-1e,29.0,False,0.0,0.0,0.0,0.0,1972.0,False,F,1668.0,S,8644,2
Earth,False,55 Cancri e,23.0,False,1.0,26.0,1908.0,318.0,0.0,True,F,1776.0,P,8645,1
Europa,True,TRAPPIST-1e,48.0,False,0.0,0.0,0.0,0.0,0.0,True,C,325.0,S,8646,1
Europa,False,TRAPPIST-1e,32.0,False,0.0,1285.0,0.0,3030.0,334.0,False,C,325.0,S,8646,2
Europa,True,TRAPPIST-1e,55.0,False,0.0,0.0,0.0,0.0,0.0,True,C,325.0,S,8646,3
Europa,False,55 Cancri e,49.0,False,3.0,1108.0,2.0,5775.0,1964.0,False,C,325.0,S,8646,4
Earth,True,TRAPPIST-1e,15.0,False,0.0,0.0,0.0,0.0,0.0,True,G,1404.0,P,8650,1
Earth,True,TRAPPIST-1e,50.0,False,0.0,0.0,0.0,0.0,0.0,True,G,1393.0,S,8653,1
Earth,False,TRAPPIST-1e,35.0,False,777.0,0.0,23.0,0.0,61.0,False,F,1779.0,P,8654,1
Europa,False,TRAPPIST-1e,29.0,False,0.0,4455.0,0.0,1663.0,4435.0,False,A,103.0,S,8656,1
Europa,False,55 Cancri e,38.0,True,0.0,1298.0,0.0,1841.0,1547.0,False,A,103.0,S,8656,2
Europa,True,55 Cancri e,29.0,True,0.0,0.0,0.0,0.0,0.0,True,A,103.0,S,8656,3
Mars,False,TRAPPIST-1e,39.0,False,200.0,0.0,1083.0,65.0,0.0,True,F,1780.0,P,8657,1
Mars,False,TRAPPIST-1e,49.0,False,0.0,1.0,1364.0,226.0,0.0,True,E,568.0,S,8658,1
Mars,False,TRAPPIST-1e,39.0,False,345.0,0.0,848.0,0.0,116.0,False,F,1673.0,S,8658,2
Earth,False,TRAPPIST-1e,19.0,False,125.0,556.0,23.0,0.0,0.0,True,F,1781.0,P,8659,1
Earth,False,TRAPPIST-1e,19.0,False,886.0,0.0,0.0,1587.0,12.0,False,F,1675.0,S,8661,1
Earth,False,TRAPPIST-1e,14.0,False,450.0,4791.0,896.0,0.0,0.0,True,G,1394.0,S,8663,1
Earth,True,55 Cancri e,40.0,False,0.0,0.0,0.0,0.0,0.0,True,F,82.0,S,8663,2
Earth,False,TRAPPIST-1e,40.0,False,909.0,0.0,0.0,0.0,0.0,False,G,1395.0,S,8664,1
Mars,False,TRAPPIST-1e,20.0,False,733.0,0.0,455.0,0.0,0.0,False,F,1676.0,S,8667,1
Mars,True,TRAPPIST-1e,6.0,False,0.0,0.0,0.0,0.0,0.0,True,F,1783.0,P,8668,1
Mars,False,TRAPPIST-1e,41.0,False,806.0,16.0,125.0,1008.0,0.0,False,D,269.0,P,8668,2
Mars,False,TRAPPIST-1e,37.0,False,0.0,0.0,0.0,0.0,0.0,False,E,556.0,P,8668,3
Earth,False,TRAPPIST-1e,31.0,False,949.0,0.0,22.0,0.0,0.0,False,F,1677.0,S,8669,1
Earth,False,TRAPPIST-1e,8.0,False,0.0,0.0,0.0,0.0,0.0,False,G,1397.0,S,8669,2
Earth,False,TRAPPIST-1e,55.0,False,506.0,0.0,456.0,0.0,0.0,False,F,1677.0,S,8669,3
Earth,True,PSO J318.5-22,16.0,False,0.0,0.0,0.0,0.0,0.0,True,G,1398.0,S,8670,1
Europa,False,55 Cancri e,29.0,False,1.0,764.0,1.0,265.0,1539.0,True,A,90.0,P,8671,1
Earth,False,TRAPPIST-1e,40.0,False,21.0,155.0,0.0,267.0,0.0,False,G,1406.0,P,8672,1
Europa,True,Unknown,27.0,False,0.0,0.0,0.0,0.0,0.0,True,C,285.0,P,8673,1
Mars,False,TRAPPIST-1e,21.0,False,4924.0,0.0,49.0,2.0,0.0,False,F,1784.0,P,8674,1
Europa,True,TRAPPIST-1e,25.0,False,0.0,0.0,0.0,0.0,0.0,True,B,281.0,P,8675,1
Mars,False,TRAPPIST-1e,44.0,False,0.0,971.0,700.0,0.0,0.0,False,F,1786.0,P,8680,1
Mars,False,TRAPPIST-1e,34.0,False,368.0,499.0,1729.0,0.0,2.0,False,F,1787.0,P,8681,1
Mars,False,TRAPPIST-1e,1.0,False,0.0,0.0,0.0,0.0,0.0,True,F,1787.0,P,8681,2
Mars,False,TRAPPIST-1e,1.0,False,0.0,0.0,0.0,0.0,0.0,True,F,1787.0,P,8681,3
Earth,False,PSO J318.5-22,42.0,False,51.0,6.0,87.0,21.0,404.0,False,F,1679.0,S,8683,1
Earth,False,TRAPPIST-1e,18.0,False,1.0,1.0,0.0,226.0,488.0,False,F,1788.0,P,8684,1
Earth,True,55 Cancri e,21.0,False,0.0,0.0,0.0,0.0,0.0,True,G,1400.0,S,8685,1
Earth,False,TRAPPIST-1e,24.0,False,0.0,0.0,594.0,95.0,0.0,True,F,1680.0,S,8687,1
Earth,False,TRAPPIST-1e,28.82793046746535,False,0.0,0.0,0.0,595.0,0.0,False,F,1681.0,S,8688,1
Earth,True,PSO J318.5-22,18.0,False,0.0,0.0,0.0,0.0,0.0,False,G,1409.0,P,8691,1
Earth,True,PSO J318.5-22,27.0,False,0.0,0.0,0.0,0.0,0.0,True,G,1410.0,P,8693,1
Earth,True,TRAPPIST-1e,13.0,False,0.0,0.0,0.0,0.0,0.0,True,G,1411.0,P,8694,1
Earth,False,TRAPPIST-1e,10.0,False,0.0,0.0,0.0,0.0,0.0,False,G,1411.0,P,8694,2
Earth,True,TRAPPIST-1e,8.0,False,0.0,0.0,0.0,0.0,0.0,False,G,1411.0,P,8694,3
Mars,False,TRAPPIST-1e,40.0,False,76.0,0.0,1169.0,0.0,64.0,True,F,1683.0,S,8695,1
Europa,True,PSO J318.5-22,35.0,False,0.0,0.0,0.0,0.0,0.0,True,C,326.0,S,8696,1
Mars,False,TRAPPIST-1e,13.0,False,217.0,7.0,928.0,0.0,728.0,False,F,1684.0,S,8700,1
Mars,False,55 Cancri e,19.0,False,203.0,0.0,172.0,1460.0,151.0,False,F,1789.0,P,8701,1
Earth,False,TRAPPIST-1e,44.0,False,84.0,0.0,308.0,0.0,1179.0,False,F,1685.0,S,8703,1
Mars,True,TRAPPIST-1e,36.0,False,0.0,0.0,0.0,0.0,0.0,True,F,1686.0,S,8704,1
Mars,False,Unknown,29.0,False,2239.0,0.0,146.0,0.0,0.0,False,D,264.0,S,8704,2
Earth,False,PSO J318.5-22,28.0,False,679.0,0.0,0.0,0.0,0.0,False,G,1413.0,P,8708,1
Earth,False,TRAPPIST-1e,36.0,False,0.0,98.0,456.0,277.0,70.0,False,F,1687.0,S,8709,1
Earth,False,PSO J318.5-22,24.0,False,312.0,227.0,50.0,0.0,0.0,False,F,1688.0,S,8710,1
Mars,True,TRAPPIST-1e,14.0,False,0.0,0.0,0.0,0.0,0.0,True,F,1792.0,P,8712,1
Mars,False,TRAPPIST-1e,50.0,False,1584.0,0.0,36.0,104.0,0.0,True,D,270.0,P,8714,1
Earth,False,PSO J318.5-22,20.0,False,426.0,0.0,220.0,2.0,0.0,False,F,1793.0,P,8716,1
Earth,False,TRAPPIST-1e,38.0,False,139.0,9.0,0.0,0.0,582.0,False,F,1689.0,S,8717,1
Europa,False,TRAPPIST-1e,33.0,True,0.0,3076.0,0.0,3.0,994.0,False,A,104.0,S,8719,1
Europa,False,55 Cancri e,54.0,False,0.0,1821.0,2370.0,949.0,46.0,False,A,104.0,S,8719,2
Europa,False,55 Cancri e,20.0,False,0.0,0.0,0.0,0.0,0.0,True,A,104.0,S,8719,3
Earth,False,55 Cancri e,23.0,False,0.0,247.0,1063.0,36.0,0.0,True,F,1690.0,S,8720,1
Europa,True,55 Cancri e,65.0,False,0.0,0.0,0.0,0.0,0.0,True,B,337.0,S,8721,1
Mars,True,TRAPPIST-1e,51.0,False,0.0,0.0,0.0,0.0,0.0,False,E,558.0,P,8722,1
Mars,False,TRAPPIST-1e,36.0,False,2002.0,0.0,10.0,87.0,0.0,False,E,558.0,P,8722,2
Earth,False,TRAPPIST-1e,38.0,False,32.0,1163.0,0.0,52.0,1935.0,False,F,1794.0,P,8723,1
Earth,False,55 Cancri e,28.0,False,34.0,0.0,0.0,0.0,658.0,False,F,1797.0,P,8727,1
Earth,False,TRAPPIST-1e,32.0,False,258.0,500.0,3.0,15.0,128.0,True,F,1798.0,P,8728,1
Earth,False,TRAPPIST-1e,55.0,False,694.0,0.0,1.0,87.0,0.0,False,G,1416.0,P,8728,2
Earth,False,TRAPPIST-1e,23.0,False,1254.0,0.0,45.0,0.0,0.0,False,F,1798.0,P,8728,3
Earth,False,PSO J318.5-22,38.0,False,647.0,23.0,1.0,0.0,0.0,False,F,1798.0,P,8728,4
Earth,True,55 Cancri e,18.0,False,0.0,0.0,0.0,0.0,0.0,True,G,1416.0,P,8728,5
Earth,True,PSO J318.5-22,32.0,False,0.0,0.0,0.0,0.0,0.0,False,G,1416.0,P,8728,6
Earth,False,TRAPPIST-1e,44.0,False,266.0,3.0,2.0,0.0,748.0,False,F,82.0,S,8728,7
Earth,False,TRAPPIST-1e,62.0,False,0.0,592.0,164.0,0.0,0.0,True,G,1416.0,P,8728,8
Europa,False,TRAPPIST-1e,66.0,False,354.0,2639.0,0.0,1180.0,0.0,False,E,559.0,P,8729,1
Europa,False,TRAPPIST-1e,20.0,False,0.0,7759.0,18.0,4925.0,12685.0,False,E,559.0,P,8729,2
Earth,False,TRAPPIST-1e,19.0,False,193.0,251.0,0.0,165.0,0.0,False,F,1691.0,S,8732,1
Earth,False,TRAPPIST-1e,28.82793046746535,False,22.0,226.0,0.0,0.0,633.0,False,G,1406.0,S,8733,1
Earth,False,PSO J318.5-22,25.0,False,0.0,0.0,707.0,1.0,0.0,True,G,1417.0,P,8734,1
Earth,False,TRAPPIST-1e,20.0,False,227.0,0.0,1.0,0.0,707.0,False,F,1799.0,P,8735,1
Mars,True,TRAPPIST-1e,18.0,False,0.0,0.0,0.0,0.0,0.0,True,F,1800.0,P,8736,1
Mars,False,TRAPPIST-1e,20.0,False,0.0,2.0,289.0,976.0,0.0,True,F,1800.0,P,8736,2
Europa,True,TRAPPIST-1e,14.0,False,0.0,0.0,0.0,0.0,0.0,True,A,91.0,P,8741,1
Europa,False,55 Cancri e,49.0,False,0.0,3853.0,0.0,245.0,178.0,True,A,91.0,P,8741,2
Europa,False,TRAPPIST-1e,49.0,False,4.0,44.0,1401.0,1043.0,0.0,False,A,91.0,P,8741,3
Earth,False,55 Cancri e,19.0,False,179.0,16.0,246.0,280.0,0.0,False,F,1802.0,P,8743,1
Earth,False,TRAPPIST-1e,53.0,False,1613.0,0.0,0.0,0.0,7.0,False,E,570.0,S,8744,1
Mars,False,TRAPPIST-1e,31.0,False,947.0,83.0,19.0,0.0,0.0,False,E,562.0,P,8749,1
Earth,False,TRAPPIST-1e,18.0,False,24.0,753.0,0.0,0.0,0.0,False,F,1804.0,P,8750,1
Earth,False,TRAPPIST-1e,24.0,False,0.0,0.0,124.0,4.0,471.0,False,F,1694.0,S,8751,1
Mars,False,TRAPPIST-1e,35.0,False,2758.0,0.0,1.0,0.0,0.0,False,D,272.0,P,8752,1
Earth,False,TRAPPIST-1e,27.0,False,0.0,0.0,0.0,545.0,89.0,False,F,1805.0,P,8753,1
Earth,False,TRAPPIST-1e,38.0,False,22.0,9.0,40.0,732.0,0.0,False,F,1805.0,P,8753,2
Earth,False,TRAPPIST-1e,23.0,False,0.0,0.0,9.0,69.0,1157.0,False,F,1805.0,P,8753,3
Earth,False,TRAPPIST-1e,22.0,False,151.0,0.0,613.0,6.0,0.0,False,G,1408.0,S,8754,1
Europa,True,55 Cancri e,38.0,False,0.0,0.0,0.0,0.0,0.0,True,D,265.0,S,8755,1
Earth,False,TRAPPIST-1e,28.0,False,1.0,1484.0,210.0,0.0,5.0,True,G,1409.0,S,8757,1
Mars,False,TRAPPIST-1e,25.0,False,520.0,0.0,139.0,0.0,77.0,False,F,1695.0,S,8759,1
Mars,False,TRAPPIST-1e,45.0,False,74.0,0.0,0.0,1130.0,22.0,False,F,1695.0,S,8759,2
Earth,False,Unknown,22.0,False,804.0,0.0,0.0,0.0,0.0,False,F,1696.0,S,8760,1
Earth,False,TRAPPIST-1e,30.0,False,32.0,180.0,497.0,0.0,99.0,True,G,1410.0,S,8762,1
Mars,True,55 Cancri e,25.0,False,0.0,0.0,0.0,0.0,0.0,True,F,1697.0,S,8764,1
Mars,True,TRAPPIST-1e,24.0,False,0.0,0.0,0.0,0.0,0.0,True,F,1807.0,P,8766,1
Mars,False,TRAPPIST-1e,44.0,False,1.0,0.0,2080.0,11.0,0.0,True,F,1700.0,S,8769,1
Earth,False,TRAPPIST-1e,6.0,False,0.0,0.0,0.0,0.0,0.0,False,F,1808.0,P,8770,1
Earth,True,TRAPPIST-1e,0.0,False,0.0,0.0,0.0,0.0,0.0,True,F,1808.0,P,8770,2
Earth,False,PSO J318.5-22,14.0,False,476.0,14.0,0.0,328.0,8.0,False,F,82.0,S,8770,3
Earth,False,TRAPPIST-1e,37.0,False,0.0,0.0,11.0,1028.0,7.0,False,F,1808.0,P,8770,4
Earth,False,TRAPPIST-1e,15.0,False,0.0,912.0,82.0,5.0,0.0,False,F,1808.0,P,8770,5
Earth,False,TRAPPIST-1e,0.0,False,0.0,0.0,0.0,0.0,0.0,True,F,1808.0,P,8770,6
Earth,False,TRAPPIST-1e,17.0,False,0.0,810.0,66.0,0.0,0.0,True,F,1808.0,P,8770,7
Earth,False,TRAPPIST-1e,58.0,False,0.0,805.0,3.0,3.0,0.0,False,G,1421.0,P,8771,1
Europa,True,55 Cancri e,15.0,False,0.0,0.0,0.0,0.0,0.0,True,B,339.0,S,8772,1
Europa,False,55 Cancri e,53.0,False,0.0,1127.0,0.0,3939.0,0.0,False,F,82.0,S,8772,2
Mars,False,TRAPPIST-1e,29.0,False,257.0,0.0,782.0,8.0,3.0,False,D,274.0,P,8773,1
Earth,True,TRAPPIST-1e,24.0,False,0.0,0.0,0.0,0.0,0.0,True,G,1412.0,S,8774,1
Earth,False,TRAPPIST-1e,40.0,False,0.0,0.0,286.0,6.0,570.0,True,E,574.0,S,8776,1
Earth,False,55 Cancri e,21.0,False,2.0,0.0,0.0,634.0,0.0,False,G,1413.0,S,8779,1
Earth,False,TRAPPIST-1e,30.0,False,0.0,114.0,0.0,726.0,67.0,False,G,1414.0,S,8780,1
Earth,False,TRAPPIST-1e,20.0,False,0.0,91.0,2.0,623.0,93.0,False,G,1415.0,S,8781,1
Mars,True,TRAPPIST-1e,20.0,False,0.0,0.0,0.0,0.0,0.0,True,F,1701.0,S,8782,1
Mars,False,Unknown,18.0,False,697.0,0.0,25.0,0.0,61.0,False,D,276.0,P,8783,1
Mars,True,TRAPPIST-1e,36.0,False,0.0,0.0,0.0,0.0,0.0,True,D,276.0,P,8783,2
Earth,False,TRAPPIST-1e,20.0,False,874.0,0.0,80.0,0.0,0.0,False,F,1810.0,P,8785,1
Earth,False,TRAPPIST-1e,4.0,False,0.0,0.0,0.0,0.0,0.0,True,G,1422.0,P,8785,2
Europa,True,55 Cancri e,59.0,False,0.0,0.0,0.0,0.0,0.0,True,B,284.0,P,8786,1
Earth,False,TRAPPIST-1e,20.0,False,11.0,0.0,0.0,843.0,0.0,False,G,1416.0,S,8787,1
Earth,False,55 Cancri e,4.0,False,0.0,0.0,0.0,0.0,0.0,False,G,1417.0,S,8789,1
Earth,False,TRAPPIST-1e,23.0,False,0.0,565.0,0.0,35.0,188.0,True,E,576.0,S,8789,2
Europa,False,55 Cancri e,25.0,False,698.0,4978.0,0.0,146.0,0.0,True,D,277.0,P,8790,1
Earth,False,PSO J318.5-22,20.0,False,0.0,571.0,82.0,0.0,0.0,False,F,1812.0,P,8791,1
Earth,False,TRAPPIST-1e,22.0,False,0.0,0.0,637.0,0.0,50.0,True,E,563.0,P,8794,1
Earth,False,TRAPPIST-1e,6.0,False,0.0,0.0,0.0,0.0,0.0,True,G,1418.0,S,8796,1
Earth,False,TRAPPIST-1e,14.0,False,588.0,144.0,1.0,0.0,168.0,False,F,1704.0,S,8796,2
Earth,True,TRAPPIST-1e,0.0,False,0.0,0.0,0.0,0.0,0.0,False,G,1418.0,S,8796,3
Earth,True,TRAPPIST-1e,4.0,False,0.0,0.0,0.0,0.0,0.0,False,G,1418.0,S,8796,4
Earth,False,TRAPPIST-1e,37.0,False,63.0,0.0,0.0,0.0,661.0,False,F,1704.0,S,8796,5
Earth,False,TRAPPIST-1e,14.0,False,0.0,1427.0,148.0,0.0,7.0,True,F,1704.0,S,8796,6
Earth,False,TRAPPIST-1e,34.0,False,14.0,748.0,0.0,41.0,0.0,True,F,1704.0,S,8796,7
Earth,True,55 Cancri e,3.0,False,0.0,0.0,0.0,0.0,0.0,True,G,1418.0,S,8796,8
Earth,False,PSO J318.5-22,18.0,False,0.0,3.0,110.0,588.0,0.0,False,F,1705.0,S,8797,1
Earth,False,TRAPPIST-1e,27.0,False,1771.0,0.0,242.0,0.0,37.0,False,F,1706.0,S,8798,1
Earth,False,TRAPPIST-1e,19.0,False,0.0,0.0,855.0,11.0,42.0,True,G,1419.0,S,8799,1
Earth,False,TRAPPIST-1e,37.0,False,10.0,557.0,51.0,83.0,0.0,False,F,1707.0,S,8801,1
Europa,True,TRAPPIST-1e,29.0,False,0.0,0.0,0.0,0.0,0.0,True,D,266.0,S,8802,1
Earth,False,PSO J318.5-22,37.0,False,570.0,0.0,7.0,107.0,0.0,False,F,1815.0,P,8805,1
Mars,False,TRAPPIST-1e,32.0,False,81.0,0.0,1363.0,0.0,0.0,True,F,1708.0,S,8806,1
Earth,False,PSO J318.5-22,22.0,False,0.0,0.0,0.0,617.0,0.0,False,G,1420.0,S,8807,1
Earth,False,TRAPPIST-1e,38.0,False,0.0,2532.0,0.0,204.0,0.0,True,F,1816.0,P,8808,1
Earth,False,TRAPPIST-1e,24.0,False,0.0,0.0,0.0,2019.0,117.0,False,F,1817.0,P,8809,1
Earth,False,PSO J318.5-22,63.0,False,0.0,0.0,80.0,0.0,2322.0,False,E,577.0,S,8811,1
Mars,True,TRAPPIST-1e,23.0,False,0.0,0.0,0.0,0.0,0.0,False,E,564.0,P,8812,1
Earth,False,PSO J318.5-22,41.0,False,413.0,0.0,0.0,7.0,347.0,False,G,1421.0,S,8813,1
Earth,False,55 Cancri e,20.0,False,0.0,0.0,0.0,335.0,957.0,False,F,1818.0,P,8815,1
Europa,True,TRAPPIST-1e,48.0,False,0.0,0.0,0.0,0.0,0.0,True,B,340.0,S,8816,1
Unknown,True,55 Cancri e,44.0,False,0.0,0.0,0.0,0.0,0.0,True,B,340.0,S,8816,2
Europa,True,55 Cancri e,15.0,False,0.0,0.0,0.0,0.0,0.0,True,B,340.0,S,8816,3
Europa,True,55 Cancri e,29.0,False,0.0,0.0,0.0,0.0,0.0,True,B,340.0,S,8816,4
Europa,False,TRAPPIST-1e,64.0,False,0.0,1770.0,0.0,4111.0,180.0,False,B,340.0,S,8816,5
Earth,False,TRAPPIST-1e,19.0,False,586.0,10.0,0.0,30.0,0.0,False,G,1426.0,P,8817,1
Earth,True,PSO J318.5-22,28.0,False,0.0,0.0,0.0,0.0,0.0,True,G,1427.0,P,8818,1
Earth,False,TRAPPIST-1e,44.0,False,857.0,0.0,1.0,8.0,17.0,False,G,1428.0,P,8819,1
Earth,True,TRAPPIST-1e,13.0,False,0.0,0.0,0.0,0.0,0.0,True,G,1429.0,P,8820,1
Earth,False,TRAPPIST-1e,45.0,False,198.0,454.0,1.0,0.0,4.0,True,E,565.0,P,8821,1
Europa,False,55 Cancri e,25.0,False,0.0,145.0,1359.0,492.0,205.0,False,A,92.0,P,8822,1
Mars,True,TRAPPIST-1e,19.0,False,0.0,0.0,0.0,0.0,0.0,True,F,1710.0,S,8823,1
Earth,False,TRAPPIST-1e,29.0,False,128.0,0.0,130.0,132.0,473.0,False,F,1819.0,P,8824,1
Earth,True,55 Cancri e,21.0,False,0.0,0.0,0.0,0.0,0.0,True,G,1422.0,S,8825,1
Europa,False,55 Cancri e,13.0,False,1212.0,4485.0,0.0,4016.0,57.0,False,C,290.0,P,8826,1
Europa,False,55 Cancri e,25.0,False,1369.0,310.0,3.0,4502.0,377.0,False,C,290.0,P,8826,2
Europa,False,TRAPPIST-1e,46.0,False,1384.0,229.0,0.0,1572.0,1.0,False,C,290.0,P,8826,3
Earth,False,55 Cancri e,37.0,False,88.0,0.0,719.0,88.0,0.0,True,F,1820.0,P,8827,1
Earth,False,55 Cancri e,19.0,False,0.0,6.0,0.0,0.0,1179.0,True,F,1711.0,S,8828,1
Mars,False,TRAPPIST-1e,29.0,False,230.0,0.0,1404.0,464.0,0.0,False,E,578.0,S,8830,1
Mars,True,TRAPPIST-1e,21.0,False,0.0,0.0,0.0,0.0,0.0,True,F,1712.0,S,8830,2
Mars,True,TRAPPIST-1e,13.0,False,0.0,0.0,0.0,0.0,0.0,True,F,1713.0,S,8831,1
Earth,True,55 Cancri e,15.0,False,0.0,0.0,0.0,0.0,0.0,True,G,1424.0,S,8833,1
Earth,False,TRAPPIST-1e,42.0,False,4.0,0.0,0.0,0.0,792.0,False,F,1715.0,S,8834,1
Earth,True,TRAPPIST-1e,28.82793046746535,False,0.0,0.0,0.0,0.0,0.0,False,G,1425.0,S,8835,1
Earth,False,TRAPPIST-1e,26.0,False,903.0,0.0,182.0,0.0,27.0,False,F,1821.0,P,8836,1
Earth,True,TRAPPIST-1e,19.0,False,0.0,0.0,0.0,0.0,0.0,False,G,1430.0,P,8836,2
Earth,False,TRAPPIST-1e,18.0,False,0.0,181.0,628.0,0.0,0.0,True,G,1431.0,P,8838,1
Earth,False,55 Cancri e,50.0,False,0.0,433.0,4.0,0.0,2020.0,False,F,1716.0,S,8840,1
Mars,True,TRAPPIST-1e,28.0,False,0.0,0.0,0.0,0.0,0.0,True,F,1822.0,P,8841,1
Europa,False,TRAPPIST-1e,24.0,False,3.0,2910.0,0.0,112.0,36.0,True,D,267.0,S,8842,1
Europa,False,TRAPPIST-1e,31.0,False,0.0,927.0,0.0,2760.0,1.0,False,C,327.0,S,8843,1
Earth,False,55 Cancri e,19.0,False,0.0,0.0,717.0,1.0,0.0,True,E,579.0,S,8844,1
Earth,False,TRAPPIST-1e,20.0,False,735.0,0.0,0.0,41.0,1.0,False,F,1823.0,P,8845,1
Earth,False,TRAPPIST-1e,23.0,False,0.0,1204.0,40.0,0.0,375.0,False,E,566.0,P,8845,2
Unknown,False,TRAPPIST-1e,19.0,False,1037.0,0.0,40.0,0.0,0.0,True,F,1824.0,P,8848,1
Earth,True,55 Cancri e,27.0,False,0.0,0.0,0.0,0.0,0.0,True,G,1427.0,S,8849,1
Mars,False,TRAPPIST-1e,16.0,False,1032.0,0.0,267.0,0.0,0.0,False,E,580.0,S,8850,1
Mars,True,TRAPPIST-1e,76.0,False,0.0,0.0,0.0,0.0,0.0,True,D,278.0,P,8852,1
Mars,False,TRAPPIST-1e,41.0,True,22.0,484.0,354.0,0.0,0.0,False,D,278.0,P,8852,2
Earth,False,PSO J318.5-22,24.0,False,726.0,3488.0,200.0,17.0,275.0,False,G,1433.0,P,8853,1
Earth,True,TRAPPIST-1e,12.0,False,0.0,0.0,0.0,0.0,0.0,False,G,1429.0,S,8854,1
Earth,True,PSO J318.5-22,28.0,False,0.0,0.0,0.0,0.0,0.0,True,G,1434.0,P,8856,1
Europa,False,TRAPPIST-1e,36.0,True,0.0,0.0,0.0,0.0,0.0,False,B,285.0,P,8858,1
Mars,True,TRAPPIST-1e,20.0,False,0.0,0.0,0.0,0.0,0.0,True,F,1825.0,P,8860,1
Unknown,True,TRAPPIST-1e,7.0,False,0.0,0.0,0.0,0.0,0.0,True,F,1825.0,P,8860,2
Mars,True,TRAPPIST-1e,21.0,False,0.0,0.0,0.0,0.0,0.0,True,F,1825.0,P,8860,3
Mars,False,TRAPPIST-1e,33.0,False,1054.0,0.0,222.0,22.0,0.0,False,E,567.0,P,8860,4
Europa,False,TRAPPIST-1e,32.0,False,0.0,2583.0,3.0,500.0,129.0,True,C,291.0,P,8861,1
Europa,False,55 Cancri e,34.0,False,0.0,3126.0,0.0,112.0,15.0,True,C,329.0,S,8862,1
Europa,False,PSO J318.5-22,38.0,True,0.0,2191.0,863.0,207.0,6262.0,False,C,329.0,S,8862,2
Europa,True,TRAPPIST-1e,28.82793046746535,False,0.0,0.0,0.0,0.0,0.0,True,C,329.0,S,8862,3
Europa,True,55 Cancri e,28.0,False,0.0,0.0,0.0,0.0,0.0,True,C,329.0,S,8862,4
Europa,True,TRAPPIST-1e,25.0,False,0.0,0.0,0.0,0.0,0.0,True,C,329.0,S,8862,5
Earth,False,55 Cancri e,24.0,False,0.0,784.0,5.0,0.0,1.0,True,E,582.0,S,8863,1
Mars,True,TRAPPIST-1e,18.0,False,0.0,0.0,0.0,0.0,0.0,True,F,1717.0,S,8864,1
Earth,False,TRAPPIST-1e,24.0,False,121.0,10.0,341.0,307.0,47.0,False,F,1826.0,P,8865,1
Europa,True,55 Cancri e,30.0,False,0.0,0.0,0.0,0.0,0.0,True,B,286.0,P,8867,1
Europa,True,55 Cancri e,38.0,False,0.0,0.0,0.0,0.0,0.0,True,B,286.0,P,8867,2
Earth,False,TRAPPIST-1e,39.0,False,0.0,798.0,0.0,56.0,0.0,True,G,1430.0,S,8868,1
Earth,True,TRAPPIST-1e,31.0,False,0.0,0.0,0.0,0.0,0.0,True,G,1431.0,S,8869,1
Earth,False,TRAPPIST-1e,33.0,False,0.0,116.0,412.0,379.0,0.0,True,G,1432.0,S,8871,1
Earth,True,PSO J318.5-22,15.0,False,0.0,0.0,0.0,0.0,0.0,True,G,1432.0,S,8871,2
Mars,True,TRAPPIST-1e,23.0,False,0.0,0.0,0.0,0.0,0.0,True,F,1828.0,P,8872,1
Earth,True,TRAPPIST-1e,24.0,False,0.0,0.0,0.0,0.0,0.0,False,G,1436.0,P,8874,1
Europa,False,55 Cancri e,44.0,False,0.0,71.0,7148.0,427.0,394.0,True,B,287.0,P,8876,1
Earth,False,TRAPPIST-1e,22.0,False,0.0,0.0,0.0,0.0,906.0,False,E,568.0,P,8878,1
Mars,True,TRAPPIST-1e,28.0,False,0.0,0.0,0.0,0.0,0.0,True,F,1829.0,P,8880,1
Earth,False,55 Cancri e,34.0,False,0.0,0.0,717.0,0.0,0.0,True,F,1719.0,S,8881,1
Unknown,False,TRAPPIST-1e,8.0,False,0.0,0.0,0.0,0.0,0.0,False,G,1438.0,P,8883,1
Earth,False,TRAPPIST-1e,26.0,False,1471.0,0.0,7.0,5.0,0.0,True,F,1830.0,P,8884,1
Mars,False,TRAPPIST-1e,29.0,False,876.0,1.0,54.0,125.0,0.0,False,D,269.0,S,8885,1
Earth,False,55 Cancri e,58.0,False,0.0,0.0,620.0,0.0,0.0,False,G,1433.0,S,8886,1
Earth,True,TRAPPIST-1e,4.0,False,0.0,0.0,0.0,0.0,0.0,False,G,1433.0,S,8886,2
Earth,False,PSO J318.5-22,1.0,False,0.0,0.0,0.0,0.0,0.0,True,G,1433.0,S,8886,3
Unknown,False,55 Cancri e,17.0,False,0.0,0.0,615.0,0.0,0.0,False,G,1439.0,P,8889,1
Earth,False,PSO J318.5-22,27.0,False,0.0,0.0,0.0,1606.0,3675.0,False,G,1434.0,S,8890,1
Earth,False,TRAPPIST-1e,24.0,False,1186.0,0.0,381.0,3.0,173.0,True,F,1831.0,P,8891,1
Earth,False,TRAPPIST-1e,16.0,False,0.0,1332.0,0.0,0.0,0.0,True,F,1831.0,P,8891,2
Earth,False,TRAPPIST-1e,28.0,False,0.0,16.0,496.0,318.0,0.0,False,F,1832.0,P,8892,1
Mars,True,TRAPPIST-1e,23.0,False,0.0,0.0,0.0,0.0,0.0,True,F,1721.0,S,8894,1
Mars,True,55 Cancri e,33.0,False,0.0,0.0,0.0,0.0,0.0,True,F,1722.0,S,8896,1
Earth,True,PSO J318.5-22,24.0,False,0.0,0.0,0.0,0.0,0.0,True,G,1440.0,P,8897,1
Earth,False,TRAPPIST-1e,6.0,False,0.0,0.0,0.0,0.0,0.0,True,G,1435.0,S,8899,1
Earth,False,TRAPPIST-1e,19.0,False,23.0,659.0,0.0,15.0,113.0,False,G,1441.0,P,8900,1
Europa,True,TRAPPIST-1e,31.0,False,0.0,0.0,0.0,0.0,0.0,True,B,341.0,S,8901,1
Earth,False,TRAPPIST-1e,19.0,False,16.0,1739.0,9.0,5.0,8.0,True,G,1436.0,S,8902,1
Earth,False,TRAPPIST-1e,18.0,False,0.0,0.0,0.0,0.0,810.0,False,G,1437.0,S,8903,1
Earth,False,TRAPPIST-1e,35.0,False,522.0,0.0,1.0,324.0,60.0,False,G,1442.0,P,8904,1
Mars,False,TRAPPIST-1e,32.0,True,0.0,0.0,0.0,0.0,0.0,True,E,570.0,P,8905,1
Earth,False,55 Cancri e,19.0,False,720.0,2.0,0.0,0.0,0.0,False,F,1723.0,S,8906,1
Earth,True,PSO J318.5-22,24.0,False,0.0,0.0,0.0,0.0,0.0,True,G,1438.0,S,8907,1
Earth,False,TRAPPIST-1e,33.0,False,0.0,3.0,0.0,782.0,7.0,False,E,585.0,S,8910,1
Earth,False,TRAPPIST-1e,20.0,False,0.0,1.0,32.0,755.0,21.0,False,G,1448.0,P,8918,1
Europa,False,TRAPPIST-1e,27.0,False,0.0,2481.0,0.0,3657.0,93.0,False,C,331.0,S,8919,1
Europa,False,TRAPPIST-1e,26.0,False,0.0,70.0,0.0,41.0,0.0,False,D,280.0,P,8920,1
Earth,True,TRAPPIST-1e,28.0,False,0.0,0.0,0.0,0.0,0.0,True,G,1449.0,P,8922,1
Earth,False,TRAPPIST-1e,19.0,False,0.0,0.0,0.0,0.0,0.0,True,G,1450.0,P,8923,1
Earth,False,TRAPPIST-1e,24.0,False,0.0,0.0,3.0,80.0,0.0,True,E,571.0,P,8926,1
Europa,True,55 Cancri e,52.0,False,0.0,0.0,0.0,0.0,0.0,True,C,333.0,S,8928,1
Earth,False,PSO J318.5-22,23.0,False,0.0,471.0,120.0,13.0,6.0,True,F,1725.0,S,8930,1
Earth,False,TRAPPIST-1e,23.0,False,0.0,0.0,0.0,912.0,41.0,False,F,1727.0,S,8932,1
Europa,True,TRAPPIST-1e,25.0,False,0.0,0.0,0.0,0.0,0.0,True,E,574.0,P,8937,1
Unknown,True,TRAPPIST-1e,22.0,False,0.0,0.0,0.0,0.0,0.0,True,F,1729.0,S,8938,1
Mars,True,TRAPPIST-1e,35.0,False,0.0,0.0,0.0,0.0,0.0,True,F,1729.0,S,8938,2
Earth,True,PSO J318.5-22,24.0,False,0.0,0.0,0.0,0.0,0.0,True,G,1441.0,S,8939,1
Earth,False,TRAPPIST-1e,24.0,False,771.0,0.0,22.0,0.0,0.0,False,E,587.0,S,8940,1
Mars,False,TRAPPIST-1e,26.0,True,1.0,445.0,170.0,614.0,68.0,False,E,575.0,P,8941,1
Mars,False,TRAPPIST-1e,37.0,False,528.0,0.0,1598.0,62.0,0.0,True,F,1834.0,P,8941,2
Mars,False,TRAPPIST-1e,14.0,False,1737.0,0.0,336.0,0.0,0.0,False,E,575.0,P,8941,3
Europa,False,TRAPPIST-1e,36.0,False,0.0,3423.0,0.0,466.0,349.0,True,C,297.0,P,8942,1
Earth,True,PSO J318.5-22,0.0,False,0.0,0.0,0.0,0.0,0.0,True,G,1442.0,S,8944,1
Earth,False,PSO J318.5-22,17.0,False,0.0,0.0,0.0,0.0,0.0,True,G,1442.0,S,8944,2
Earth,False,TRAPPIST-1e,18.0,False,327.0,170.0,0.0,0.0,130.0,False,G,1442.0,S,8944,3
Europa,False,TRAPPIST-1e,43.0,False,0.0,1632.0,346.0,957.0,128.0,False,D,270.0,S,8945,1
Europa,False,TRAPPIST-1e,21.0,False,3036.0,32.0,0.0,2.0,416.0,False,D,270.0,S,8945,2
Mars,True,TRAPPIST-1e,34.0,False,0.0,0.0,0.0,0.0,0.0,True,F,1731.0,S,8947,1
Europa,False,TRAPPIST-1e,57.0,False,0.0,13.0,0.0,52.0,11325.0,False,B,342.0,S,8948,1
Europa,False,55 Cancri e,18.0,False,0.0,4715.0,0.0,36.0,995.0,True,B,342.0,S,8948,2
Earth,False,PSO J318.5-22,73.0,False,1806.0,0.0,47.0,0.0,0.0,False,G,1452.0,P,8954,1
Earth,False,TRAPPIST-1e,31.0,False,0.0,1524.0,0.0,0.0,0.0,False,F,1837.0,P,8955,1
Earth,False,TRAPPIST-1e,25.0,False,0.0,0.0,0.0,6.0,1989.0,False,F,1838.0,P,8956,1
Earth,True,Unknown,20.0,False,0.0,0.0,0.0,0.0,0.0,True,G,1453.0,P,8956,2
Earth,False,PSO J318.5-22,24.0,False,0.0,0.0,40.0,0.0,575.0,False,G,1453.0,P,8956,3
Earth,False,TRAPPIST-1e,28.82793046746535,False,194.0,1.0,10.0,629.0,0.0,False,G,1453.0,P,8956,4
Earth,True,TRAPPIST-1e,21.0,False,0.0,0.0,0.0,0.0,0.0,False,G,1453.0,P,8956,5
Earth,False,PSO J318.5-22,22.0,False,0.0,29.0,165.0,404.0,0.0,False,F,1838.0,P,8956,6
Earth,False,55 Cancri e,39.0,False,0.0,0.0,1291.0,224.0,0.0,False,F,1838.0,P,8956,7
Earth,False,TRAPPIST-1e,26.0,False,0.0,0.0,0.0,0.0,741.0,False,F,1838.0,P,8956,8
Europa,True,TRAPPIST-1e,32.0,False,0.0,0.0,0.0,0.0,0.0,True,C,298.0,P,8959,1
Earth,True,TRAPPIST-1e,1.0,False,0.0,0.0,0.0,0.0,0.0,True,G,1455.0,P,8961,1
Earth,False,TRAPPIST-1e,7.0,False,0.0,0.0,0.0,0.0,0.0,False,G,1455.0,P,8961,2
Earth,False,TRAPPIST-1e,4.0,False,0.0,0.0,0.0,0.0,0.0,False,G,1455.0,P,8961,3
Unknown,False,TRAPPIST-1e,21.0,False,0.0,6.0,0.0,593.0,0.0,False,F,1839.0,P,8961,4
Earth,True,TRAPPIST-1e,12.0,False,0.0,0.0,0.0,0.0,0.0,False,G,1455.0,P,8961,5
Mars,False,TRAPPIST-1e,28.0,False,1708.0,0.0,65.0,1.0,0.0,False,F,1734.0,S,8964,1
Mars,False,TRAPPIST-1e,0.0,False,0.0,0.0,0.0,0.0,0.0,True,F,1734.0,S,8964,2
Mars,True,TRAPPIST-1e,18.0,False,0.0,0.0,0.0,0.0,0.0,True,F,1734.0,S,8964,3
Mars,False,TRAPPIST-1e,52.0,False,1231.0,2.0,8.0,0.0,0.0,False,F,1735.0,S,8966,1
Earth,False,TRAPPIST-1e,18.0,False,13.0,822.0,27.0,0.0,46.0,False,G,1445.0,S,8967,1
Europa,True,TRAPPIST-1e,51.0,False,0.0,0.0,0.0,0.0,0.0,True,E,588.0,S,8968,1
Europa,False,55 Cancri e,21.0,False,0.0,846.0,4407.0,0.0,2491.0,True,C,299.0,P,8969,1
Europa,False,55 Cancri e,28.0,False,0.0,3751.0,0.0,5025.0,11741.0,False,C,300.0,P,8970,1
Mars,True,TRAPPIST-1e,34.0,False,0.0,0.0,0.0,0.0,0.0,True,F,1736.0,S,8972,1
Earth,True,TRAPPIST-1e,13.0,False,0.0,0.0,0.0,0.0,0.0,True,G,1446.0,S,8973,1
Earth,False,TRAPPIST-1e,35.0,False,503.0,236.0,2.0,0.0,68.0,False,G,1456.0,P,8975,1
Earth,False,TRAPPIST-1e,27.0,False,1.0,0.0,0.0,20.0,948.0,False,F,1840.0,P,8975,2
Earth,False,TRAPPIST-1e,35.0,False,1.0,0.0,0.0,0.0,803.0,False,F,1737.0,S,8976,1
Mars,False,55 Cancri e,51.0,False,324.0,0.0,563.0,119.0,0.0,False,D,272.0,S,8977,1
Mars,False,TRAPPIST-1e,53.0,False,24.0,0.0,1105.0,0.0,0.0,False,F,1841.0,P,8978,1
Earth,False,TRAPPIST-1e,29.0,False,311.0,7.0,665.0,0.0,0.0,False,E,589.0,S,8981,1
Earth,False,TRAPPIST-1e,41.0,False,0.0,924.0,0.0,0.0,0.0,False,F,1739.0,S,8982,1
Earth,False,TRAPPIST-1e,47.0,False,42.0,509.0,0.0,0.0,1057.0,False,E,576.0,P,8983,1
Earth,False,55 Cancri e,22.0,False,0.0,0.0,626.0,0.0,14.0,False,F,1842.0,P,8985,1
Earth,False,TRAPPIST-1e,19.0,False,0.0,810.0,21.0,788.0,0.0,False,E,590.0,S,8986,1
Earth,False,PSO J318.5-22,22.0,False,0.0,17.0,0.0,620.0,0.0,False,F,1740.0,S,8986,2
Europa,True,55 Cancri e,25.0,False,0.0,0.0,0.0,0.0,0.0,True,D,282.0,P,8987,1
Earth,True,TRAPPIST-1e,28.82793046746535,False,0.0,0.0,0.0,0.0,0.0,True,G,1448.0,S,8988,1
Earth,True,55 Cancri e,17.0,False,0.0,0.0,0.0,0.0,0.0,True,G,1448.0,S,8988,2
Earth,True,55 Cancri e,0.0,False,0.0,0.0,0.0,0.0,0.0,True,G,1448.0,S,8988,3
Earth,True,TRAPPIST-1e,5.0,False,0.0,0.0,0.0,0.0,0.0,False,G,1448.0,S,8988,4
Earth,False,TRAPPIST-1e,30.0,False,0.0,1028.0,0.0,80.0,0.0,False,F,1741.0,S,8988,5
Earth,True,TRAPPIST-1e,17.0,False,0.0,0.0,0.0,0.0,0.0,True,G,1448.0,S,8988,6
Earth,False,TRAPPIST-1e,53.0,False,0.0,1487.0,0.0,67.0,0.0,False,F,1741.0,S,8988,7
Earth,True,TRAPPIST-1e,9.0,False,0.0,0.0,0.0,0.0,0.0,False,G,1448.0,S,8988,8
Europa,False,TRAPPIST-1e,17.0,False,0.0,366.0,23492.0,356.0,3.0,True,B,291.0,P,8989,1
Europa,True,55 Cancri e,16.0,False,0.0,0.0,0.0,0.0,0.0,True,B,291.0,P,8989,2
Europa,True,TRAPPIST-1e,29.0,False,0.0,0.0,0.0,0.0,0.0,True,B,291.0,P,8989,3
Europa,False,55 Cancri e,29.0,False,80.0,3707.0,0.0,1465.0,1320.0,False,B,291.0,P,8989,4
Mars,False,TRAPPIST-1e,46.0,False,479.0,4.0,699.0,0.0,0.0,False,D,283.0,P,8992,1
Earth,False,PSO J318.5-22,27.0,False,32.0,8.0,5.0,588.0,18.0,False,F,1844.0,P,8993,1
Europa,False,TRAPPIST-1e,39.0,False,2101.0,41.0,0.0,525.0,19.0,False,D,285.0,P,8996,1
Earth,True,55 Cancri e,15.0,False,0.0,0.0,0.0,0.0,0.0,True,F,1742.0,S,8997,1
Earth,False,TRAPPIST-1e,30.0,False,604.0,0.0,50.0,147.0,2.0,False,F,1742.0,S,8997,2
Earth,True,TRAPPIST-1e,41.0,False,0.0,0.0,0.0,0.0,0.0,False,G,1449.0,S,8998,1
Earth,False,TRAPPIST-1e,47.0,False,0.0,1.0,0.0,967.0,5.0,False,E,591.0,S,8998,2
Mars,False,55 Cancri e,32.0,False,2555.0,0.0,456.0,2.0,0.0,False,D,274.0,S,8999,1
Earth,False,55 Cancri e,15.0,False,0.0,20.0,816.0,39.0,1.0,False,F,1743.0,S,9001,1
Earth,False,TRAPPIST-1e,23.0,False,2.0,167.0,0.0,0.0,555.0,True,F,1744.0,S,9003,1
Europa,True,55 Cancri e,20.0,False,0.0,0.0,0.0,0.0,0.0,True,B,292.0,P,9004,1
Europa,True,TRAPPIST-1e,33.0,False,0.0,0.0,0.0,0.0,0.0,True,B,343.0,S,9006,1
Earth,True,TRAPPIST-1e,18.0,False,0.0,0.0,0.0,0.0,0.0,False,G,1458.0,P,9007,1
Earth,False,TRAPPIST-1e,31.0,False,0.0,173.0,409.0,102.0,43.0,False,F,1745.0,S,9008,1
Earth,True,TRAPPIST-1e,25.0,False,0.0,0.0,0.0,0.0,0.0,False,F,1745.0,S,9008,2
Earth,True,PSO J318.5-22,19.0,False,0.0,0.0,0.0,0.0,0.0,True,G,1459.0,P,9009,1
Mars,True,55 Cancri e,32.0,False,0.0,0.0,0.0,0.0,0.0,True,F,1846.0,P,9010,1
Earth,False,TRAPPIST-1e,45.0,False,2.0,338.0,307.0,64.0,0.0,False,F,1746.0,S,9011,1
Earth,False,TRAPPIST-1e,43.0,False,224.0,0.0,623.0,0.0,62.0,False,G,1460.0,P,9012,1
Earth,False,TRAPPIST-1e,21.0,False,128.0,108.0,8.0,3.0,522.0,False,G,1461.0,P,9013,1
Earth,False,TRAPPIST-1e,48.0,False,38.0,0.0,23.0,722.0,1.0,False,G,1461.0,P,9013,2
Earth,False,55 Cancri e,0.0,False,0.0,0.0,0.0,0.0,0.0,True,G,1461.0,P,9013,3
Europa,True,TRAPPIST-1e,29.0,False,0.0,0.0,0.0,0.0,0.0,True,B,293.0,P,9014,1
Europa,False,55 Cancri e,41.0,False,3.0,1320.0,0.0,0.0,12392.0,False,B,344.0,S,9015,1
Earth,False,TRAPPIST-1e,23.0,False,0.0,554.0,0.0,299.0,0.0,False,G,1462.0,P,9018,1
Earth,False,55 Cancri e,48.0,False,304.0,0.0,164.0,320.0,0.0,False,E,592.0,S,9019,1
Earth,False,PSO J318.5-22,18.0,False,0.0,0.0,0.0,391.0,283.0,True,F,1747.0,S,9020,1
Mars,False,TRAPPIST-1e,30.0,False,522.0,0.0,0.0,0.0,27.0,True,E,577.0,P,9021,1
Mars,False,TRAPPIST-1e,26.0,True,1297.0,0.0,62.0,0.0,364.0,False,D,286.0,P,9021,2
Earth,False,TRAPPIST-1e,18.0,False,0.0,1.0,0.0,618.0,21.0,True,E,593.0,S,9023,1
Mars,False,55 Cancri e,27.0,False,63.0,0.0,1970.0,0.0,0.0,True,F,1749.0,S,9024,1
Earth,True,TRAPPIST-1e,58.0,False,0.0,0.0,0.0,0.0,0.0,True,G,1463.0,P,9026,1
Earth,False,TRAPPIST-1e,22.0,False,1.0,676.0,13.0,217.0,1.0,False,G,1464.0,P,9028,1
Mars,False,TRAPPIST-1e,17.0,False,3146.0,0.0,87.0,135.0,0.0,False,D,287.0,P,9029,1
Earth,False,TRAPPIST-1e,28.0,False,1954.0,43.0,0.0,0.0,7.0,False,F,1847.0,P,9030,1
Unknown,False,TRAPPIST-1e,27.0,False,0.0,0.0,0.0,298.0,511.0,False,G,1465.0,P,9030,2
Earth,False,TRAPPIST-1e,51.0,False,0.0,0.0,689.0,0.0,32.0,False,G,1455.0,S,9031,1
Mars,True,TRAPPIST-1e,37.0,False,0.0,0.0,0.0,0.0,0.0,False,E,578.0,P,9032,1
Europa,True,TRAPPIST-1e,14.0,False,0.0,0.0,0.0,0.0,0.0,True,D,288.0,P,9034,1
Europa,True,TRAPPIST-1e,43.0,False,0.0,0.0,0.0,0.0,0.0,True,D,288.0,P,9034,2
Europa,False,55 Cancri e,27.0,False,0.0,984.0,0.0,13995.0,312.0,False,D,288.0,P,9034,3
Europa,False,TRAPPIST-1e,60.0,False,0.0,0.0,947.0,668.0,1.0,True,D,288.0,P,9034,4
Europa,False,TRAPPIST-1e,33.0,False,0.0,1876.0,0.0,1432.0,14.0,False,D,288.0,P,9034,5
Earth,False,TRAPPIST-1e,39.0,False,266.0,4.0,1.0,0.0,452.0,False,G,1466.0,P,9035,1
Earth,True,PSO J318.5-22,21.0,False,0.0,0.0,0.0,0.0,0.0,True,G,1467.0,P,9036,1
Mars,False,55 Cancri e,21.0,False,1410.0,3.0,49.0,0.0,0.0,False,F,1751.0,S,9037,1
Europa,True,55 Cancri e,28.0,False,0.0,0.0,0.0,0.0,0.0,True,A,106.0,S,9038,1
Earth,True,PSO J318.5-22,30.0,False,0.0,0.0,0.0,0.0,0.0,True,G,1470.0,P,9041,1
Europa,False,55 Cancri e,42.0,False,0.0,5436.0,0.0,471.0,109.0,True,B,294.0,P,9042,1
Unknown,True,TRAPPIST-1e,25.0,False,0.0,0.0,0.0,0.0,0.0,True,F,1848.0,P,9043,1
Europa,True,55 Cancri e,25.0,False,0.0,0.0,0.0,0.0,0.0,True,C,335.0,S,9046,1
Europa,False,TRAPPIST-1e,25.0,False,6899.0,265.0,0.0,2234.0,2090.0,False,C,335.0,S,9046,2
Earth,True,TRAPPIST-1e,54.0,False,0.0,0.0,0.0,0.0,0.0,False,G,1471.0,P,9048,1
Europa,True,TRAPPIST-1e,41.0,False,0.0,0.0,0.0,0.0,0.0,True,C,336.0,S,9049,1
Earth,False,TRAPPIST-1e,36.0,False,0.0,17.0,204.0,559.0,3.0,False,G,1457.0,S,9052,1
Earth,False,55 Cancri e,33.0,False,1006.0,0.0,1357.0,45.0,6.0,False,F,1752.0,S,9052,2
Europa,False,55 Cancri e,36.0,True,132.0,3479.0,0.0,3786.0,0.0,False,F,82.0,S,9057,1
Europa,True,TRAPPIST-1e,55.0,False,0.0,0.0,0.0,0.0,0.0,True,B,296.0,P,9057,2
Earth,False,TRAPPIST-1e,16.0,False,866.0,0.0,0.0,184.0,0.0,False,F,1753.0,S,9059,1
Earth,False,TRAPPIST-1e,28.0,False,0.0,8.0,338.0,135.0,390.0,False,F,1853.0,P,9060,1
Mars,False,TRAPPIST-1e,26.0,False,887.0,6.0,15.0,148.0,0.0,False,D,276.0,S,9061,1
Earth,False,TRAPPIST-1e,42.0,False,815.0,19.0,2.0,11.0,17.0,False,F,1754.0,S,9064,1
Earth,False,PSO J318.5-22,30.0,False,1269.0,9.0,0.0,0.0,0.0,False,F,1756.0,S,9066,1
Europa,False,TRAPPIST-1e,31.0,False,1062.0,1605.0,0.0,2718.0,1674.0,False,C,337.0,S,9068,1
Europa,True,TRAPPIST-1e,22.0,False,0.0,0.0,0.0,0.0,0.0,True,B,297.0,P,9069,1
Europa,True,55 Cancri e,26.0,False,0.0,0.0,0.0,0.0,0.0,True,B,297.0,P,9069,2
Europa,True,55 Cancri e,25.0,False,0.0,0.0,0.0,0.0,0.0,True,F,82.0,S,9069,3
Europa,False,TRAPPIST-1e,44.0,False,0.0,4313.0,0.0,568.0,7.0,True,B,297.0,P,9069,4
Europa,False,55 Cancri e,29.0,False,0.0,12563.0,0.0,3.0,5057.0,False,B,297.0,P,9069,5
Earth,False,55 Cancri e,22.0,False,0.0,0.0,1072.0,46.0,3.0,False,F,1855.0,P,9071,1
Unknown,True,TRAPPIST-1e,23.0,False,0.0,0.0,0.0,0.0,0.0,True,F,1758.0,S,9072,1
Mars,False,TRAPPIST-1e,30.0,False,160.0,0.0,719.0,162.0,0.0,False,F,1758.0,S,9072,2
Mars,False,TRAPPIST-1e,23.0,False,455.0,10.0,591.0,232.0,0.0,False,F,1758.0,S,9072,3
Europa,False,TRAPPIST-1e,13.0,False,24.0,838.0,1069.0,1376.0,181.0,False,A,107.0,S,9073,1
Europa,True,55 Cancri e,53.0,False,0.0,0.0,0.0,0.0,0.0,True,B,347.0,S,9073,2
Earth,True,TRAPPIST-1e,0.0,False,0.0,0.0,0.0,0.0,0.0,True,G,1460.0,S,9074,1
Earth,False,PSO J318.5-22,27.0,False,0.0,468.0,0.0,59.0,309.0,False,G,1460.0,S,9074,2
Earth,True,TRAPPIST-1e,27.0,False,0.0,0.0,0.0,0.0,0.0,False,G,1460.0,S,9074,3
Earth,True,55 Cancri e,10.0,False,0.0,0.0,0.0,0.0,0.0,True,G,1460.0,S,9074,4
Earth,True,TRAPPIST-1e,2.0,False,0.0,0.0,0.0,0.0,0.0,True,G,1460.0,S,9074,5
Earth,False,55 Cancri e,5.0,False,0.0,0.0,0.0,0.0,0.0,True,G,1460.0,S,9074,6
Earth,False,TRAPPIST-1e,24.0,False,0.0,10.0,758.0,0.0,20.0,False,E,580.0,P,9075,1
Earth,False,TRAPPIST-1e,32.0,False,0.0,0.0,0.0,0.0,0.0,False,G,1461.0,S,9076,1
Earth,False,55 Cancri e,22.0,False,23.0,100.0,1353.0,0.0,0.0,True,F,1856.0,P,9077,1
Earth,True,PSO J318.5-22,22.0,False,0.0,0.0,0.0,0.0,0.0,False,G,1475.0,P,9077,2
Earth,False,PSO J318.5-22,44.0,False,0.0,2.0,0.0,0.0,1556.0,False,E,594.0,S,9078,1
Earth,False,TRAPPIST-1e,55.0,False,1.0,0.0,58.0,0.0,802.0,True,E,595.0,S,9079,1
Earth,False,TRAPPIST-1e,22.0,False,34.0,0.0,0.0,711.0,0.0,False,F,1857.0,P,9080,1
Earth,False,TRAPPIST-1e,8.0,False,0.0,0.0,0.0,0.0,0.0,False,G,1476.0,P,9081,1
Earth,False,55 Cancri e,15.0,False,0.0,0.0,0.0,208.0,754.0,False,F,1858.0,P,9081,2
Earth,True,TRAPPIST-1e,1.0,False,0.0,0.0,0.0,0.0,0.0,False,F,82.0,S,9081,3
Earth,False,TRAPPIST-1e,9.0,False,0.0,0.0,0.0,0.0,0.0,True,G,1476.0,P,9081,4
Earth,False,TRAPPIST-1e,48.0,False,0.0,586.0,784.0,4.0,21.0,True,F,1858.0,P,9081,5
Earth,False,PSO J318.5-22,16.0,False,0.0,0.0,761.0,0.0,0.0,False,F,1858.0,P,9081,6
Earth,True,TRAPPIST-1e,27.0,False,0.0,0.0,0.0,0.0,0.0,True,G,1476.0,P,9081,7
Earth,True,PSO J318.5-22,3.0,False,0.0,0.0,0.0,0.0,0.0,True,G,1476.0,P,9081,8
Unknown,False,TRAPPIST-1e,25.0,False,1258.0,0.0,22.0,19.0,0.0,False,E,582.0,P,9084,1
Europa,False,55 Cancri e,70.0,False,0.0,2113.0,0.0,1972.0,51.0,False,A,95.0,P,9085,1
Europa,False,55 Cancri e,30.0,False,11.0,495.0,0.0,2049.0,2064.0,False,A,95.0,P,9085,2
Europa,True,TRAPPIST-1e,57.0,False,0.0,0.0,0.0,0.0,0.0,True,A,95.0,P,9085,3
Earth,False,TRAPPIST-1e,42.0,False,866.0,0.0,16.0,0.0,0.0,False,G,1463.0,S,9089,1
Earth,True,PSO J318.5-22,14.0,False,0.0,0.0,0.0,0.0,0.0,False,G,1465.0,S,9094,1
Earth,False,TRAPPIST-1e,43.0,False,0.0,704.0,0.0,2.0,0.0,True,G,1465.0,S,9094,2
Mars,True,TRAPPIST-1e,34.0,False,0.0,0.0,0.0,0.0,0.0,True,F,1863.0,P,9097,1
Earth,False,TRAPPIST-1e,21.0,False,8.0,796.0,0.0,0.0,0.0,True,F,1864.0,P,9098,1
Earth,False,TRAPPIST-1e,32.0,False,0.0,475.0,51.0,440.0,642.0,False,E,597.0,S,9099,1
Earth,False,TRAPPIST-1e,21.0,False,0.0,0.0,496.0,430.0,0.0,False,F,1865.0,P,9101,1
Earth,False,TRAPPIST-1e,25.0,False,3402.0,2449.0,28.0,259.0,197.0,False,G,1479.0,P,9103,1
Europa,True,55 Cancri e,25.0,False,0.0,0.0,0.0,0.0,0.0,True,C,302.0,P,9104,1
Earth,False,TRAPPIST-1e,38.0,False,1736.0,0.0,123.0,5.0,115.0,False,F,1761.0,S,9106,1
Earth,True,TRAPPIST-1e,36.0,False,0.0,0.0,0.0,0.0,0.0,False,G,1467.0,S,9107,1
Earth,True,TRAPPIST-1e,44.0,False,0.0,0.0,0.0,0.0,0.0,True,G,1468.0,S,9108,1
Earth,False,TRAPPIST-1e,37.0,False,15.0,7.0,0.0,786.0,0.0,False,G,1468.0,S,9108,2
Earth,False,TRAPPIST-1e,47.0,False,0.0,0.0,16.0,3.0,854.0,False,F,1866.0,P,9110,1
Mars,False,TRAPPIST-1e,38.0,False,1478.0,0.0,631.0,0.0,0.0,False,E,598.0,S,9111,1
Mars,False,TRAPPIST-1e,28.0,False,0.0,0.0,0.0,0.0,0.0,False,D,290.0,P,9112,1
Europa,True,55 Cancri e,38.0,False,0.0,0.0,0.0,0.0,0.0,True,B,348.0,S,9114,1
Earth,False,PSO J318.5-22,53.0,False,1215.0,0.0,0.0,0.0,0.0,False,F,1867.0,P,9115,1
Earth,False,TRAPPIST-1e,26.0,False,0.0,0.0,0.0,1.0,48.0,True,F,1868.0,P,9116,1
Earth,False,55 Cancri e,13.0,False,0.0,1501.0,23.0,5.0,163.0,True,E,585.0,P,9118,1
Earth,False,TRAPPIST-1e,64.0,False,37.0,1585.0,234.0,0.0,18.0,True,G,1482.0,P,9118,2
Earth,True,TRAPPIST-1e,16.0,False,0.0,0.0,0.0,0.0,0.0,False,G,1483.0,P,9119,1
Earth,False,TRAPPIST-1e,13.0,False,101.0,12.0,184.0,780.0,0.0,False,F,1763.0,S,9120,1
Earth,True,55 Cancri e,55.0,False,0.0,0.0,0.0,0.0,0.0,False,G,1469.0,S,9122,1
Mars,False,TRAPPIST-1e,26.0,False,733.0,0.0,1296.0,80.0,0.0,False,E,599.0,S,9124,1
Mars,True,TRAPPIST-1e,23.0,False,0.0,0.0,0.0,0.0,0.0,True,E,586.0,P,9125,1
Mars,True,TRAPPIST-1e,55.0,False,0.0,0.0,0.0,0.0,0.0,True,E,586.0,P,9125,2
Mars,True,TRAPPIST-1e,50.0,False,0.0,0.0,0.0,0.0,0.0,True,E,600.0,S,9126,1
Earth,False,PSO J318.5-22,26.0,False,0.0,749.0,20.0,0.0,0.0,False,G,1470.0,S,9127,1
Earth,False,TRAPPIST-1e,36.0,False,794.0,371.0,0.0,228.0,1.0,False,F,1870.0,P,9128,1
Earth,True,PSO J318.5-22,33.0,False,0.0,0.0,0.0,0.0,0.0,False,G,1484.0,P,9128,2
Earth,False,TRAPPIST-1e,21.0,False,0.0,1.0,0.0,808.0,0.0,False,G,1485.0,P,9129,1
Mars,True,Unknown,41.0,False,0.0,0.0,0.0,0.0,0.0,True,F,1765.0,S,9130,1
Europa,False,55 Cancri e,33.0,False,0.0,1961.0,0.0,226.0,1077.0,False,C,303.0,P,9131,1
Europa,True,TRAPPIST-1e,23.0,False,0.0,0.0,0.0,0.0,0.0,True,C,303.0,P,9131,2
Mars,False,TRAPPIST-1e,31.0,False,2575.0,1.0,2.0,0.0,0.0,False,D,291.0,P,9132,1
Mars,False,TRAPPIST-1e,28.0,False,1789.0,16.0,3.0,10.0,1.0,False,F,1871.0,P,9132,2
Earth,False,TRAPPIST-1e,13.0,False,590.0,0.0,32.0,363.0,0.0,False,E,601.0,S,9134,1
Earth,False,TRAPPIST-1e,28.82793046746535,False,6.0,0.0,0.0,800.0,3.0,False,G,1471.0,S,9136,1
Mars,False,TRAPPIST-1e,35.0,False,3.0,1376.0,11.0,0.0,360.0,False,F,1872.0,P,9137,1
Mars,False,TRAPPIST-1e,25.0,False,410.0,32.0,14.0,1239.0,10.0,False,F,1766.0,S,9139,1
Earth,True,PSO J318.5-22,19.0,False,0.0,0.0,0.0,0.0,0.0,True,G,1488.0,P,9140,1
Europa,True,TRAPPIST-1e,56.0,False,0.0,0.0,0.0,0.0,0.0,True,B,349.0,S,9141,1
Earth,False,TRAPPIST-1e,18.0,False,83.0,165.0,1.0,0.0,2002.0,False,F,1873.0,P,9142,1
Earth,False,TRAPPIST-1e,22.0,False,1.0,702.0,0.0,0.0,0.0,False,F,1768.0,S,9144,1
Earth,True,TRAPPIST-1e,34.0,False,0.0,0.0,0.0,0.0,0.0,False,G,1489.0,P,9145,1
Earth,False,TRAPPIST-1e,11.0,False,0.0,0.0,0.0,0.0,0.0,False,G,1473.0,S,9148,1
Europa,True,55 Cancri e,37.0,False,0.0,0.0,0.0,0.0,0.0,True,B,350.0,S,9149,1
Europa,False,55 Cancri e,22.0,False,0.0,36.0,1.0,3761.0,4521.0,False,B,350.0,S,9149,2
Earth,False,TRAPPIST-1e,45.0,False,1.0,0.0,638.0,9.0,161.0,False,G,1474.0,S,9150,1
Mars,True,TRAPPIST-1e,19.0,False,0.0,0.0,0.0,0.0,0.0,True,F,1769.0,S,9151,1
Earth,True,TRAPPIST-1e,39.0,False,0.0,0.0,0.0,0.0,0.0,True,G,1491.0,P,9152,1
Europa,True,TRAPPIST-1e,28.0,False,0.0,0.0,0.0,0.0,0.0,True,B,351.0,S,9156,1
Earth,False,TRAPPIST-1e,36.0,False,0.0,281.0,0.0,0.0,632.0,False,G,1476.0,S,9157,1
Earth,True,PSO J318.5-22,1.0,False,0.0,0.0,0.0,0.0,0.0,True,G,1476.0,S,9157,2
Earth,False,PSO J318.5-22,10.0,False,0.0,0.0,0.0,0.0,0.0,True,G,1476.0,S,9157,3
Earth,False,55 Cancri e,12.0,False,0.0,0.0,0.0,0.0,0.0,True,G,1476.0,S,9157,4
Earth,False,TRAPPIST-1e,31.0,False,0.0,522.0,0.0,54.0,332.0,False,G,1476.0,S,9157,5
Earth,False,TRAPPIST-1e,12.0,False,0.0,0.0,0.0,0.0,0.0,False,G,1476.0,S,9157,6
Earth,True,TRAPPIST-1e,3.0,False,0.0,0.0,0.0,0.0,0.0,True,G,1476.0,S,9157,7
Europa,True,55 Cancri e,30.0,True,0.0,0.0,0.0,0.0,0.0,True,B,298.0,P,9158,1
Earth,False,TRAPPIST-1e,41.0,False,169.0,0.0,516.0,0.0,52.0,True,F,1875.0,P,9159,1
Earth,False,TRAPPIST-1e,19.0,False,640.0,0.0,0.0,38.0,12.0,False,F,1770.0,S,9160,1
Earth,True,55 Cancri e,38.0,False,0.0,0.0,0.0,0.0,0.0,False,G,1493.0,P,9161,1
Earth,True,TRAPPIST-1e,36.0,False,0.0,0.0,0.0,0.0,0.0,True,G,1493.0,P,9161,2
Earth,True,TRAPPIST-1e,0.0,False,0.0,0.0,0.0,0.0,0.0,True,G,1477.0,S,9163,1
Mars,False,TRAPPIST-1e,20.0,False,574.0,1.0,792.0,11.0,0.0,False,E,602.0,S,9164,1
Earth,False,TRAPPIST-1e,23.0,False,9.0,2.0,1.0,0.0,727.0,False,F,1771.0,S,9165,1
Earth,False,TRAPPIST-1e,35.0,False,0.0,0.0,0.0,684.0,0.0,False,F,1772.0,S,9167,1
Europa,False,55 Cancri e,36.0,False,23.0,14773.0,0.0,1159.0,7819.0,False,C,338.0,S,9168,1
Europa,True,TRAPPIST-1e,41.0,False,0.0,0.0,0.0,0.0,0.0,True,C,338.0,S,9168,2
Mars,False,TRAPPIST-1e,38.0,False,48.0,2318.0,5.0,11.0,0.0,True,D,295.0,P,9169,1
Earth,False,TRAPPIST-1e,33.0,False,1060.0,403.0,1.0,0.0,145.0,False,E,587.0,P,9170,1
Earth,False,TRAPPIST-1e,54.0,False,724.0,25.0,71.0,0.0,1054.0,False,G,1478.0,S,9172,1
Earth,False,PSO J318.5-22,33.0,False,0.0,688.0,2.0,0.0,426.0,False,F,1876.0,P,9173,1
Earth,False,PSO J318.5-22,54.0,False,65.0,670.0,0.0,177.0,0.0,True,G,1479.0,S,9174,1
Europa,False,55 Cancri e,32.0,False,0.0,10073.0,0.0,168.0,337.0,True,B,299.0,P,9175,1
Earth,False,TRAPPIST-1e,24.0,False,0.0,537.0,0.0,5.0,197.0,True,F,1773.0,S,9176,1
Earth,False,TRAPPIST-1e,53.0,False,49.0,584.0,0.0,0.0,70.0,False,F,1877.0,P,9178,1
Earth,True,TRAPPIST-1e,26.0,False,0.0,0.0,0.0,0.0,0.0,True,G,1494.0,P,9179,1
Earth,False,TRAPPIST-1e,31.0,False,459.0,194.0,0.0,5.0,125.0,False,G,1494.0,P,9179,2
Earth,True,PSO J318.5-22,18.0,False,0.0,0.0,0.0,0.0,0.0,False,G,1494.0,P,9179,3
Earth,True,TRAPPIST-1e,39.0,False,0.0,0.0,0.0,0.0,0.0,True,G,1494.0,P,9179,4
Mars,False,TRAPPIST-1e,37.0,False,148.0,0.0,684.0,1446.0,88.0,False,F,1774.0,S,9180,1
Earth,False,TRAPPIST-1e,35.0,False,270.0,4.0,453.0,7.0,0.0,True,F,1775.0,S,9181,1
Europa,False,55 Cancri e,34.0,False,0.0,5.0,11.0,62.0,5804.0,False,C,307.0,P,9183,1
Earth,False,TRAPPIST-1e,28.0,False,0.0,7.0,6.0,0.0,482.0,False,G,1480.0,S,9184,1
Earth,False,TRAPPIST-1e,43.0,False,698.0,94.0,0.0,0.0,0.0,True,E,588.0,P,9185,1
Mars,True,TRAPPIST-1e,2.0,False,0.0,0.0,0.0,0.0,0.0,True,F,1878.0,P,9186,1
Earth,False,TRAPPIST-1e,24.0,False,0.0,0.0,807.0,0.0,2.0,False,G,1481.0,S,9188,1
Earth,False,PSO J318.5-22,18.0,False,87.0,41.0,483.0,0.0,0.0,False,F,1777.0,S,9189,1
Earth,False,TRAPPIST-1e,21.0,False,802.0,0.0,1.0,1.0,0.0,True,F,1778.0,S,9190,1
Earth,False,PSO J318.5-22,24.0,False,0.0,599.0,0.0,0.0,0.0,True,F,1880.0,P,9192,1
Earth,False,PSO J318.5-22,35.0,False,0.0,0.0,0.0,0.0,0.0,False,G,1483.0,S,9193,1
Unknown,False,55 Cancri e,53.0,False,0.0,4017.0,0.0,13.0,3147.0,False,E,603.0,S,9194,1
Europa,False,TRAPPIST-1e,32.0,True,1003.0,909.0,0.0,0.0,15.0,False,E,603.0,S,9194,2
Mars,True,TRAPPIST-1e,44.0,False,0.0,0.0,0.0,0.0,0.0,True,F,1779.0,S,9195,1
Mars,True,Unknown,33.0,False,0.0,0.0,0.0,0.0,0.0,True,F,1779.0,S,9195,2
Europa,False,TRAPPIST-1e,40.0,False,0.0,1674.0,0.0,269.0,4.0,True,C,339.0,S,9196,1
Europa,False,TRAPPIST-1e,31.0,False,1.0,104.0,1338.0,698.0,126.0,True,C,339.0,S,9196,2
Europa,False,TRAPPIST-1e,23.0,False,381.0,794.0,52.0,654.0,1317.0,False,C,339.0,S,9196,3
Europa,False,55 Cancri e,44.0,False,0.0,0.0,0.0,0.0,0.0,True,C,308.0,P,9197,1
Europa,False,Unknown,41.0,True,0.0,7964.0,0.0,3238.0,5839.0,False,C,308.0,P,9197,2
Europa,False,TRAPPIST-1e,31.0,False,0.0,4634.0,8.0,616.0,0.0,True,C,308.0,P,9197,3
Europa,False,55 Cancri e,30.0,False,1569.0,0.0,0.0,0.0,2252.0,False,C,308.0,P,9197,4
Europa,True,55 Cancri e,33.0,False,0.0,0.0,0.0,0.0,0.0,True,E,590.0,P,9199,1
Earth,False,PSO J318.5-22,30.0,False,0.0,816.0,0.0,0.0,0.0,True,G,1484.0,S,9201,1
Europa,False,TRAPPIST-1e,26.0,False,8586.0,77.0,114.0,29.0,4.0,False,C,309.0,P,9202,1
Mars,True,55 Cancri e,22.0,False,0.0,0.0,0.0,0.0,0.0,True,F,1780.0,S,9203,1
Europa,True,55 Cancri e,37.0,False,0.0,0.0,0.0,0.0,0.0,True,B,300.0,P,9205,1
Europa,True,TRAPPIST-1e,15.0,False,0.0,0.0,0.0,0.0,0.0,True,B,300.0,P,9205,2
Europa,True,TRAPPIST-1e,52.0,False,0.0,0.0,0.0,0.0,0.0,True,B,300.0,P,9205,3
Earth,True,TRAPPIST-1e,35.0,False,0.0,0.0,0.0,0.0,0.0,True,G,1485.0,S,9208,1
Earth,False,TRAPPIST-1e,40.0,False,757.0,40.0,4.0,2.0,0.0,False,F,1782.0,S,9208,2
Earth,False,TRAPPIST-1e,60.0,False,0.0,8.0,0.0,360.0,74.0,False,G,1486.0,S,9211,1
Earth,False,TRAPPIST-1e,24.0,False,0.0,90.0,0.0,795.0,0.0,True,F,1884.0,P,9213,1
Earth,False,55 Cancri e,31.0,False,15.0,679.0,89.0,6.0,0.0,True,E,604.0,S,9217,1
Europa,True,55 Cancri e,43.0,False,0.0,0.0,0.0,0.0,0.0,True,B,353.0,S,9218,1
Earth,False,55 Cancri e,9.0,False,0.0,0.0,0.0,0.0,0.0,False,G,1487.0,S,9219,1
Earth,False,TRAPPIST-1e,51.0,False,6.0,0.0,0.0,0.0,1164.0,True,F,1783.0,S,9219,2
Earth,False,TRAPPIST-1e,25.0,False,2.0,45.0,45.0,0.0,815.0,False,G,1496.0,P,9220,1
Earth,True,TRAPPIST-1e,20.0,False,0.0,0.0,0.0,0.0,0.0,True,G,1496.0,P,9220,2
Earth,False,PSO J318.5-22,22.0,False,623.0,0.0,0.0,0.0,53.0,True,F,1886.0,P,9220,3
Earth,True,TRAPPIST-1e,21.0,False,0.0,0.0,0.0,0.0,0.0,False,G,1497.0,P,9221,1
Mars,True,TRAPPIST-1e,50.0,False,0.0,0.0,0.0,0.0,0.0,True,F,1784.0,S,9222,1
Mars,False,TRAPPIST-1e,24.0,False,745.0,639.0,977.0,4.0,0.0,False,F,1786.0,S,9224,1
Earth,False,TRAPPIST-1e,45.0,False,1.0,197.0,0.0,660.0,15.0,False,F,1787.0,S,9225,1
Earth,False,Unknown,22.0,False,676.0,0.0,13.0,0.0,12.0,False,F,1788.0,S,9226,1
Earth,True,TRAPPIST-1e,7.0,False,0.0,0.0,0.0,0.0,0.0,False,G,1498.0,P,9227,1
Earth,True,PSO J318.5-22,11.0,False,0.0,0.0,0.0,0.0,0.0,True,G,1498.0,P,9227,2
Earth,True,PSO J318.5-22,1.0,False,0.0,0.0,0.0,0.0,0.0,True,G,1498.0,P,9227,3
Earth,True,TRAPPIST-1e,0.0,False,0.0,0.0,0.0,0.0,0.0,True,G,1498.0,P,9227,4
Earth,False,TRAPPIST-1e,8.0,False,0.0,0.0,0.0,0.0,0.0,False,G,1498.0,P,9227,5
Europa,False,TRAPPIST-1e,36.0,True,0.0,5600.0,715.0,2868.0,971.0,True,C,342.0,S,9230,1
Mars,True,55 Cancri e,2.0,False,0.0,0.0,0.0,0.0,0.0,True,F,1888.0,P,9231,1
Mars,False,TRAPPIST-1e,0.0,False,0.0,0.0,0.0,0.0,0.0,True,F,1888.0,P,9231,2
Mars,False,TRAPPIST-1e,22.0,False,0.0,0.0,0.0,0.0,0.0,False,E,592.0,P,9231,3
Earth,False,TRAPPIST-1e,41.0,False,3.0,0.0,668.0,0.0,0.0,True,F,82.0,S,9233,1
Earth,False,TRAPPIST-1e,49.0,False,6.0,1.0,638.0,1107.0,23.0,False,G,1500.0,P,9234,1
Earth,False,TRAPPIST-1e,30.0,False,8.0,752.0,0.0,0.0,687.0,True,F,1789.0,S,9235,1
Earth,True,TRAPPIST-1e,37.0,False,0.0,0.0,0.0,0.0,0.0,False,G,1488.0,S,9237,1
Mars,False,TRAPPIST-1e,14.0,False,2.0,0.0,918.0,128.0,0.0,False,E,593.0,P,9239,1
Mars,False,TRAPPIST-1e,30.0,False,699.0,0.0,600.0,0.0,0.0,False,E,595.0,P,9241,1
Earth,False,TRAPPIST-1e,62.0,False,102.0,696.0,0.0,0.0,0.0,True,F,1891.0,P,9242,1
Earth,True,PSO J318.5-22,13.0,False,0.0,0.0,0.0,0.0,0.0,True,G,1489.0,S,9244,1
Earth,False,TRAPPIST-1e,32.0,False,0.0,0.0,0.0,0.0,0.0,True,G,1490.0,S,9246,1
Earth,True,TRAPPIST-1e,33.0,False,0.0,0.0,0.0,0.0,0.0,False,G,1491.0,S,9247,1
Unknown,False,55 Cancri e,38.0,False,28.0,1208.0,973.0,207.0,0.0,True,F,1792.0,S,9248,1
Europa,False,TRAPPIST-1e,29.0,False,0.0,2972.0,0.0,28.0,188.0,True,E,597.0,P,9250,1
Mars,True,TRAPPIST-1e,25.0,False,0.0,0.0,0.0,0.0,0.0,True,F,1793.0,S,9251,1
Europa,False,55 Cancri e,26.0,False,0.0,8160.0,205.0,0.0,438.0,True,B,301.0,P,9252,1
Europa,True,55 Cancri e,19.0,False,0.0,0.0,0.0,0.0,0.0,True,B,301.0,P,9252,2
Earth,True,PSO J318.5-22,16.0,False,0.0,0.0,0.0,0.0,0.0,True,G,1493.0,S,9253,1
Earth,True,PSO J318.5-22,61.0,False,0.0,0.0,0.0,0.0,0.0,False,G,1502.0,P,9254,1
Earth,True,TRAPPIST-1e,28.0,False,0.0,0.0,0.0,0.0,0.0,True,G,1494.0,S,9256,1
Unknown,False,TRAPPIST-1e,13.0,False,39.0,0.0,1085.0,24.0,0.0,False,F,1892.0,P,9257,1
Earth,False,TRAPPIST-1e,44.0,False,1030.0,1015.0,0.0,11.0,0.0,True,F,1893.0,P,9259,1
Earth,True,PSO J318.5-22,22.0,False,0.0,0.0,0.0,0.0,0.0,False,G,1504.0,P,9261,1
Europa,True,55 Cancri e,30.0,False,0.0,0.0,0.0,0.0,0.0,True,E,606.0,S,9264,1
Europa,True,TRAPPIST-1e,21.0,False,0.0,0.0,0.0,0.0,0.0,True,E,607.0,S,9267,1
Europa,True,TRAPPIST-1e,20.0,False,0.0,0.0,0.0,0.0,0.0,True,E,607.0,S,9267,2
Earth,True,TRAPPIST-1e,31.0,False,0.0,0.0,0.0,0.0,0.0,True,G,1505.0,P,9268,1
Earth,True,55 Cancri e,33.0,False,0.0,0.0,0.0,0.0,0.0,True,G,1497.0,S,9270,1
Earth,False,TRAPPIST-1e,26.0,False,240.0,242.0,510.0,0.0,0.0,True,G,1507.0,P,9272,1
Earth,False,TRAPPIST-1e,21.0,False,86.0,3.0,149.0,208.0,329.0,False,F,1894.0,P,9272,2
Unknown,True,TRAPPIST-1e,23.0,False,0.0,0.0,0.0,0.0,0.0,True,G,1508.0,P,9274,1
Europa,False,TRAPPIST-1e,0.0,False,0.0,0.0,0.0,0.0,0.0,True,A,97.0,P,9275,1
Europa,False,TRAPPIST-1e,32.0,False,1.0,1146.0,0.0,50.0,34.0,False,A,97.0,P,9275,2
Europa,False,TRAPPIST-1e,30.0,False,0.0,3208.0,0.0,2.0,330.0,True,A,97.0,P,9275,3
Europa,False,55 Cancri e,41.0,True,0.0,6819.0,0.0,1643.0,74.0,False,A,98.0,P,9276,1
Earth,True,PSO J318.5-22,18.0,False,0.0,0.0,0.0,0.0,0.0,False,G,1499.0,S,9278,1
Earth,False,TRAPPIST-1e,26.0,False,0.0,0.0,1872.0,1.0,0.0,True,G,1500.0,S,9279,1
Europa,False,55 Cancri e,32.0,False,0.0,1049.0,0.0,353.0,3235.0,False,E,608.0,S,9280,1
Europa,False,TRAPPIST-1e,44.0,False,126.0,4688.0,0.0,0.0,12.0,True,E,608.0,S,9280,2
